shipment_id,p_late,severity_p50,line_item_value,risk_tier,action,simulated_net_benefit,robustness,human_approval_required
47,0.2979931178849844,0.0,11.653391507234959,LOW_RISK,NO_ACTION,0.0,ROBUST,False
60,0.152372500850711,0.0,11.653391507234959,LOW_RISK,NO_ACTION,0.0,ROBUST,False
64,0.37848857444850903,0.0,11.510933482289435,WATCH,MONITOR,-10.0,ROBUST,False
68,0.18242951197487012,0.0,9.600048657471909,LOW_RISK,NO_ACTION,0.0,ROBUST,False
87,0.27649186763668676,0.0,9.101092309591165,LOW_RISK,NO_ACTION,0.0,ROBUST,False
92,0.1260003155795554,0.0,11.289794413577894,LOW_RISK,NO_ACTION,0.0,ROBUST,False
96,0.430123360969193,0.0,12.218500103788143,WATCH,MONITOR,-10.0,ROBUST,False
108,0.15037625641900024,0.0,11.85354978404026,LOW_RISK,NO_ACTION,0.0,ROBUST,False
115,0.46123900281972385,0.0,7.560601162768557,WATCH,MONITOR,-10.0,ROBUST,False
116,0.4456922409046229,0.0,10.623666072147104,WATCH,MONITOR,-10.0,ROBUST,False
130,0.6061753482887408,6.849853211721864,10.896618947930946,HIGH_RISK,SUPPLIER_ESCALATION,200.02179323789574,ROBUST,True
134,0.39774728172159624,0.0,9.076923258535832,WATCH,MONITOR,-10.0,ROBUST,False
161,0.34777802952726133,0.0,11.504903373867316,WATCH,MONITOR,-10.0,ROBUST,False
176,0.42123025693509797,0.0,12.506180941677357,WATCH,MONITOR,-10.0,ROBUST,False
262,0.27272204031436487,0.0,5.763936397475948,LOW_RISK,NO_ACTION,0.0,ROBUST,False
269,0.41432339369774007,0.0,9.741027444837728,WATCH,MONITOR,-10.0,ROBUST,False
270,0.2849827268260592,0.0,8.117610746466228,LOW_RISK,NO_ACTION,0.0,ROBUST,False
284,0.4763863151371176,0.0,2.772588722239781,WATCH,MONITOR,-10.0,ROBUST,False
343,0.294548840330059,0.0,5.831882477283517,LOW_RISK,NO_ACTION,0.0,ROBUST,False
391,0.28504770877349184,0.0,10.496178836771703,LOW_RISK,NO_ACTION,0.0,ROBUST,False
392,0.41402874462540507,0.0,9.486531677712465,WATCH,MONITOR,-10.0,ROBUST,False
398,0.4286310767043352,0.0,1.2237754316221157,WATCH,MONITOR,-10.0,ROBUST,False
399,0.3217956457284683,0.0,1.1410330045520618,WATCH,MONITOR,-10.0,ROBUST,False
400,0.17191912539803017,0.0,9.503028642481386,LOW_RISK,NO_ACTION,0.0,ROBUST,False
410,0.2871032923830318,0.0,11.675321996977736,LOW_RISK,NO_ACTION,0.0,ROBUST,False
411,0.48722900116387136,0.0,10.557789949272506,WATCH,MONITOR,-10.0,ROBUST,False
414,0.40119447721567403,0.0,9.23245209596131,WATCH,MONITOR,-10.0,ROBUST,False
420,0.4244650415516529,0.0,11.476603745670717,WATCH,MONITOR,-10.0,ROBUST,False
422,0.11313019952769605,0.0,6.006500931934095,LOW_RISK,NO_ACTION,0.0,ROBUST,False
423,0.287143785053664,0.0,6.769641976852503,LOW_RISK,NO_ACTION,0.0,ROBUST,False
438,0.3586484534630222,0.0,7.937731775260109,WATCH,MONITOR,-10.0,ROBUST,False
459,0.43201307345122986,0.0,4.35799005684564,WATCH,MONITOR,-10.0,ROBUST,False
530,0.1197094614331086,0.0,9.817931842821345,LOW_RISK,NO_ACTION,0.0,ROBUST,False
535,0.4409755542567493,0.0,11.02633690289258,WATCH,MONITOR,-10.0,ROBUST,False
543,0.3193603746967647,0.0,9.19023970026918,WATCH,MONITOR,-10.0,ROBUST,False
551,0.17892558823042398,0.0,9.365376374075716,LOW_RISK,NO_ACTION,0.0,ROBUST,False
610,0.22690208657988,0.0,11.437522808921042,LOW_RISK,NO_ACTION,0.0,ROBUST,False
630,0.2127718207006243,0.0,7.345158234181791,LOW_RISK,NO_ACTION,0.0,ROBUST,False
637,0.3123436137153903,0.0,11.017004873924424,WATCH,MONITOR,-10.0,ROBUST,False
660,0.12067427196445274,0.0,12.05054685400338,LOW_RISK,NO_ACTION,0.0,ROBUST,False
668,0.1634144633999694,0.0,8.209580483475577,LOW_RISK,NO_ACTION,0.0,ROBUST,False
670,0.425077217350313,0.0,12.68836298308334,WATCH,MONITOR,-10.0,ROBUST,False
712,0.15304159629872444,0.0,5.771441123130016,LOW_RISK,NO_ACTION,0.0,ROBUST,False
717,0.1933585077832508,0.0,10.545367754151743,LOW_RISK,NO_ACTION,0.0,ROBUST,False
719,0.28134824224166294,0.0,9.18512512283512,LOW_RISK,NO_ACTION,0.0,ROBUST,False
772,0.7987566853061946,33.4659259153823,6.119417911418443,HIGH_RISK,HUMAN_REVIEW,-50.0,ROBUST,True
791,0.4054441918456635,0.0,9.287255115744308,WATCH,MONITOR,-10.0,ROBUST,False
796,0.27893297066647516,0.0,6.111467339502679,LOW_RISK,NO_ACTION,0.0,ROBUST,False
797,0.41594584841421556,0.0,8.761080103868347,WATCH,MONITOR,-10.0,ROBUST,False
849,0.347338522818183,0.0,8.30671904320269,WATCH,MONITOR,-10.0,ROBUST,False
858,0.145239895769529,0.0,14.739769856312924,LOW_RISK,NO_ACTION,0.0,ROBUST,False
914,0.16253257535713544,0.0,7.912935622857694,LOW_RISK,NO_ACTION,0.0,ROBUST,False
937,0.2748134901799083,0.0,12.113962839063479,LOW_RISK,NO_ACTION,0.0,ROBUST,False
960,0.25875575723561584,0.0,10.84644046831617,LOW_RISK,NO_ACTION,0.0,ROBUST,False
961,0.3974177078549178,0.0,10.827766295132466,WATCH,MONITOR,-10.0,ROBUST,False
962,0.33229485591894076,0.0,11.196363692967797,WATCH,MONITOR,-10.0,ROBUST,False
979,0.2552532324008997,0.0,9.915995007199239,LOW_RISK,NO_ACTION,0.0,ROBUST,False
985,0.16830411338015427,0.0,9.977546237760983,LOW_RISK,NO_ACTION,0.0,ROBUST,False
986,0.19073484093019807,0.0,9.977078105137151,LOW_RISK,NO_ACTION,0.0,ROBUST,False
993,0.3302004073876236,0.0,12.131367956915053,WATCH,MONITOR,-10.0,ROBUST,False
1037,0.269375521959917,0.0,8.462737005620179,LOW_RISK,NO_ACTION,0.0,ROBUST,False
1046,0.30597100354426887,0.0,6.634633357861686,WATCH,MONITOR,-10.0,ROBUST,False
1047,0.16827097412089348,0.0,6.00111780413612,LOW_RISK,NO_ACTION,0.0,ROBUST,False
1048,0.3651625009378263,0.0,6.160954125086558,WATCH,MONITOR,-10.0,ROBUST,False
1077,0.4410154963423868,0.0,7.578605724543472,WATCH,MONITOR,-10.0,ROBUST,False
1078,0.20317580271476024,0.0,9.719744986586726,LOW_RISK,NO_ACTION,0.0,ROBUST,False
1079,0.29660569033273065,0.0,7.566983666338456,LOW_RISK,NO_ACTION,0.0,ROBUST,False
1080,0.4902109316083607,0.0,9.274816391160547,WATCH,MONITOR,-10.0,ROBUST,False
1084,0.23329669622029106,0.0,11.8084737673517,LOW_RISK,NO_ACTION,0.0,ROBUST,False
1085,0.3380185379695045,0.0,11.297762484021957,WATCH,MONITOR,-10.0,ROBUST,False
1086,0.13607828008009776,0.0,10.463588936836263,LOW_RISK,NO_ACTION,0.0,ROBUST,False
1095,0.3424060009917773,0.0,8.853808274977197,WATCH,MONITOR,-10.0,ROBUST,False
1109,0.13585270932184718,0.0,12.950067396157342,LOW_RISK,NO_ACTION,0.0,ROBUST,False
1110,0.48369417412952886,0.0,9.638544967053836,WATCH,MONITOR,-10.0,ROBUST,False
1111,0.38626506082892453,0.0,6.985641817639208,WATCH,MONITOR,-10.0,ROBUST,False
1114,0.41526391525428263,0.0,7.943427767876373,WATCH,MONITOR,-10.0,ROBUST,False
1115,0.3816417443086547,0.0,9.89197149657488,WATCH,MONITOR,-10.0,ROBUST,False
1122,0.33589161443058635,0.0,9.952325334619427,WATCH,MONITOR,-10.0,ROBUST,False
1134,0.2799651124342022,0.0,13.304686600863562,LOW_RISK,NO_ACTION,0.0,ROBUST,False
1140,0.44334935190442504,0.0,13.145300303336986,WATCH,MONITOR,-10.0,ROBUST,False
1156,0.4827342670172252,0.0,12.864591838209744,WATCH,MONITOR,-10.0,ROBUST,False
1162,0.29961446916163254,0.0,11.608244735642321,LOW_RISK,NO_ACTION,0.0,ROBUST,False
1179,0.4726140196621048,0.0,6.421231947739111,WATCH,MONITOR,-10.0,ROBUST,False
1183,0.333333163995407,0.0,10.571983369654944,WATCH,MONITOR,-10.0,ROBUST,False
1196,0.6932946965146987,29.35113386375251,7.467942332285852,HIGH_RISK,HUMAN_REVIEW,-50.0,ROBUST,True
1198,0.2817930931821427,0.0,8.522379718103538,LOW_RISK,NO_ACTION,0.0,ROBUST,False
1213,0.18371510461204796,0.0,7.937731775260109,LOW_RISK,NO_ACTION,0.0,ROBUST,False
1215,0.10148786432722368,0.0,8.859505484519133,LOW_RISK,NO_ACTION,0.0,ROBUST,False
1221,0.19660249074242453,0.0,6.19644412779452,LOW_RISK,NO_ACTION,0.0,ROBUST,False
1222,0.30388926864142607,0.0,10.628641991731053,WATCH,MONITOR,-10.0,ROBUST,False
1223,0.25198398090390106,0.0,7.951277601332286,LOW_RISK,NO_ACTION,0.0,ROBUST,False
1245,0.2793940912010535,0.0,9.312666789409656,LOW_RISK,NO_ACTION,0.0,ROBUST,False
1282,0.4922592878256199,0.0,12.528522019787818,WATCH,MONITOR,-10.0,ROBUST,False
1283,0.24010894826773105,0.0,11.87899811184392,LOW_RISK,NO_ACTION,0.0,ROBUST,False
1295,0.28087317574404314,0.0,8.098338846189057,LOW_RISK,NO_ACTION,0.0,ROBUST,False
1298,0.15340622054112785,0.0,13.171155446333852,LOW_RISK,NO_ACTION,0.0,ROBUST,False
1299,0.11918309297479507,0.0,13.899825419287817,LOW_RISK,NO_ACTION,0.0,ROBUST,False
1300,0.41016380583699785,0.0,12.217712142997206,WATCH,MONITOR,-10.0,ROBUST,False
1303,0.3282732700287915,0.0,9.680406499268875,WATCH,MONITOR,-10.0,ROBUST,False
1306,0.404281922417558,0.0,12.141539457711714,WATCH,MONITOR,-10.0,ROBUST,False
1309,0.15994511955462065,0.0,12.826651821423713,LOW_RISK,NO_ACTION,0.0,ROBUST,False
1337,0.3287315084730764,0.0,9.61463813233234,WATCH,MONITOR,-10.0,ROBUST,False
1350,0.20145698973655024,0.0,10.610685556318733,LOW_RISK,NO_ACTION,0.0,ROBUST,False
1356,0.19122472676000798,0.0,7.560601162768557,LOW_RISK,NO_ACTION,0.0,ROBUST,False
1357,0.10461040562119411,0.0,7.650168700845001,LOW_RISK,NO_ACTION,0.0,ROBUST,False
1358,0.15213628942762877,0.0,7.650168700845001,LOW_RISK,NO_ACTION,0.0,ROBUST,False
1359,0.22370724459987815,0.0,10.609081944147828,LOW_RISK,NO_ACTION,0.0,ROBUST,False
1360,0.14675150423637562,0.0,12.533309509940082,LOW_RISK,NO_ACTION,0.0,ROBUST,False
1361,0.49434337616437507,0.0,10.623666072147104,WATCH,MONITOR,-10.0,ROBUST,False
1502,0.22345305940958027,0.0,10.216618049441497,LOW_RISK,NO_ACTION,0.0,ROBUST,False
1512,0.15212957868093127,0.0,7.278490906569203,LOW_RISK,NO_ACTION,0.0,ROBUST,False
1513,0.17963292513118312,0.0,7.955425088912672,LOW_RISK,NO_ACTION,0.0,ROBUST,False
1519,0.3350812913365906,0.0,9.816512538521721,WATCH,MONITOR,-10.0,ROBUST,False
1527,0.1256174095459154,0.0,12.506180941677357,LOW_RISK,NO_ACTION,0.0,ROBUST,False
1529,0.4449736520564628,0.0,10.31637504645993,WATCH,MONITOR,-10.0,ROBUST,False
1530,0.48459987169485896,0.0,7.650168700845001,WATCH,MONITOR,-10.0,ROBUST,False
1531,0.19869896826695235,0.0,9.770013301136158,LOW_RISK,NO_ACTION,0.0,ROBUST,False
1587,0.2800381074363437,0.0,6.352629396319567,LOW_RISK,NO_ACTION,0.0,ROBUST,False
1593,0.10885378041179883,0.0,9.575052927597383,LOW_RISK,NO_ACTION,0.0,ROBUST,False
1594,0.35628408989088867,0.0,12.53282277525315,WATCH,MONITOR,-10.0,ROBUST,False
1618,0.2655704232210355,0.0,12.570719231334277,LOW_RISK,NO_ACTION,0.0,ROBUST,False
1628,0.2080233864406223,0.0,12.171900367556262,LOW_RISK,NO_ACTION,0.0,ROBUST,False
1634,0.1827348442466434,0.0,3.784189633918261,LOW_RISK,NO_ACTION,0.0,ROBUST,False
1637,0.3616092310635042,0.0,8.962391701743002,WATCH,MONITOR,-10.0,ROBUST,False
1638,0.2664868124129258,0.0,12.282899418393463,LOW_RISK,NO_ACTION,0.0,ROBUST,False
1643,0.1718637156119648,0.0,0.5306282510621704,LOW_RISK,NO_ACTION,0.0,ROBUST,False
1644,0.37564363259472966,0.0,11.266014185727938,WATCH,MONITOR,-10.0,ROBUST,False
1645,0.3260289132146775,0.0,11.266014185727938,WATCH,MONITOR,-10.0,ROBUST,False
1646,0.4434688219717985,0.0,10.189605903011726,WATCH,MONITOR,-10.0,ROBUST,False
1647,0.14699035955059717,0.0,9.637884599172999,LOW_RISK,NO_ACTION,0.0,ROBUST,False
1660,0.4142666407777825,0.0,2.853015971352396,WATCH,MONITOR,-10.0,ROBUST,False
1673,0.3694067147269037,0.0,9.665293813175541,WATCH,MONITOR,-10.0,ROBUST,False
1674,0.14600437473123914,0.0,3.8770173962293306,LOW_RISK,NO_ACTION,0.0,ROBUST,False
1675,0.37792829194868827,0.0,9.298900548955663,WATCH,MONITOR,-10.0,ROBUST,False
1691,0.2766189155519322,0.0,10.283053487118604,LOW_RISK,NO_ACTION,0.0,ROBUST,False
1693,0.4779939142223373,0.0,11.253462786826677,WATCH,MONITOR,-10.0,ROBUST,False
1719,0.15664454024715974,0.0,1.252762968495368,LOW_RISK,NO_ACTION,0.0,ROBUST,False
1722,0.35713335632629517,0.0,8.437067146936952,WATCH,MONITOR,-10.0,ROBUST,False
1723,0.2527920181851784,0.0,8.332308352219117,LOW_RISK,NO_ACTION,0.0,ROBUST,False
1724,0.4827258682363511,0.0,7.52294091807237,WATCH,MONITOR,-10.0,ROBUST,False
1797,0.2319899581161106,0.0,7.937731775260109,LOW_RISK,NO_ACTION,0.0,ROBUST,False
1798,0.4848743637967201,0.0,9.657075374282565,WATCH,MONITOR,-10.0,ROBUST,False
1820,0.4605943404402997,0.0,11.272266917734749,WATCH,MONITOR,-10.0,ROBUST,False
1861,0.20815329412426253,0.0,10.763440710059992,LOW_RISK,NO_ACTION,0.0,ROBUST,False
1888,0.4214167107305711,0.0,13.252131741208542,WATCH,MONITOR,-10.0,ROBUST,False
1889,0.4982416807214024,0.0,13.494672435191953,WATCH,MONITOR,-10.0,ROBUST,False
1905,0.20106520086851296,0.0,10.519321629993403,LOW_RISK,NO_ACTION,0.0,ROBUST,False
1919,0.27471086772932785,0.0,10.171394122323854,LOW_RISK,NO_ACTION,0.0,ROBUST,False
1939,0.3080722946267039,0.0,3.4339872044851463,WATCH,MONITOR,-10.0,ROBUST,False
1940,0.21797245432154574,0.0,9.637884599172999,LOW_RISK,NO_ACTION,0.0,ROBUST,False
1941,0.10610593585841191,0.0,4.189957726425047,LOW_RISK,NO_ACTION,0.0,ROBUST,False
1942,0.18805169767901067,0.0,13.217550367802968,LOW_RISK,NO_ACTION,0.0,ROBUST,False
1954,0.2127747537367034,0.0,10.482227866760741,LOW_RISK,NO_ACTION,0.0,ROBUST,False
1955,0.27743988052727486,0.0,9.43675855582405,LOW_RISK,NO_ACTION,0.0,ROBUST,False
1956,0.16844099136536075,0.0,11.357405514786711,LOW_RISK,NO_ACTION,0.0,ROBUST,False
1957,0.4493017426766691,0.0,10.182973629388371,WATCH,MONITOR,-10.0,ROBUST,False
1971,0.38196445309253446,0.0,8.30671904320269,WATCH,MONITOR,-10.0,ROBUST,False
1972,0.13408019102386481,0.0,11.988333215612219,LOW_RISK,NO_ACTION,0.0,ROBUST,False
1973,0.36003698045597254,0.0,11.58538565169949,WATCH,MONITOR,-10.0,ROBUST,False
2008,0.36146259056224816,0.0,11.988880101792738,WATCH,MONITOR,-10.0,ROBUST,False
2146,0.48248846945745105,0.0,11.287416618549733,WATCH,MONITOR,-10.0,ROBUST,False
2147,0.10120834854246451,0.0,11.298877919281251,LOW_RISK,NO_ACTION,0.0,ROBUST,False
2148,0.19917297992232288,0.0,9.449959453304116,LOW_RISK,NO_ACTION,0.0,ROBUST,False
2153,0.4711165917501262,0.0,9.76428295481558,WATCH,MONITOR,-10.0,ROBUST,False
2171,0.4728535661593133,0.0,13.03915783992031,WATCH,MONITOR,-10.0,ROBUST,False
2173,0.38823456774825493,0.0,5.420534999272286,WATCH,MONITOR,-10.0,ROBUST,False
2257,0.406305328419016,0.0,7.901377353792616,WATCH,MONITOR,-10.0,ROBUST,False
2295,0.13659318317185887,0.0,7.685703061234547,LOW_RISK,NO_ACTION,0.0,ROBUST,False
2297,0.3055503339112935,0.0,9.980494888896912,WATCH,MONITOR,-10.0,ROBUST,False
2298,0.19263319651559976,0.0,8.96264794774056,LOW_RISK,NO_ACTION,0.0,ROBUST,False
2305,0.17248721744544693,0.0,14.04662307257814,LOW_RISK,NO_ACTION,0.0,ROBUST,False
2328,0.4241213196493331,0.0,11.67505281781187,WATCH,MONITOR,-10.0,ROBUST,False
2399,0.154015254672219,0.0,9.259225769705994,LOW_RISK,NO_ACTION,0.0,ROBUST,False
2417,0.2874606547985541,0.0,13.381647518543097,LOW_RISK,NO_ACTION,0.0,ROBUST,False
2441,0.47543129583441324,0.0,7.004337376828381,WATCH,MONITOR,-10.0,ROBUST,False
2447,0.17433282222613702,0.0,11.98854454800156,LOW_RISK,NO_ACTION,0.0,ROBUST,False
2450,0.4911973694952939,0.0,7.72616853837448,WATCH,MONITOR,-10.0,ROBUST,False
2451,0.4977151943044237,0.0,9.625821815359835,WATCH,MONITOR,-10.0,ROBUST,False
2463,0.32224686187296114,0.0,11.175282543364675,WATCH,MONITOR,-10.0,ROBUST,False
2474,0.16805709607086317,0.0,7.273092595999522,LOW_RISK,NO_ACTION,0.0,ROBUST,False
2475,0.22644195517635826,0.0,3.7887247890836524,LOW_RISK,NO_ACTION,0.0,ROBUST,False
2476,0.26979713307061404,0.0,3.7887247890836524,LOW_RISK,NO_ACTION,0.0,ROBUST,False
2477,0.2237296897432892,0.0,10.551924982703788,LOW_RISK,NO_ACTION,0.0,ROBUST,False
2478,0.21225423195060633,0.0,10.12025079288605,LOW_RISK,NO_ACTION,0.0,ROBUST,False
2481,0.488891883686543,0.0,5.707774495925738,WATCH,MONITOR,-10.0,ROBUST,False
2499,0.16134593096629826,0.0,8.006800807121806,LOW_RISK,NO_ACTION,0.0,ROBUST,False
2502,0.3933311634867449,0.0,5.081404364984463,WATCH,MONITOR,-10.0,ROBUST,False
2503,0.10016411577566996,0.0,11.981934850119066,LOW_RISK,NO_ACTION,0.0,ROBUST,False
2506,0.33847306776095076,0.0,11.33672513518121,WATCH,MONITOR,-10.0,ROBUST,False
2536,0.466377201581621,0.0,12.668325313535279,WATCH,MONITOR,-10.0,ROBUST,False
2539,0.6279308303417698,29.49400960615726,11.608244735642321,HIGH_RISK,HUMAN_REVIEW,-50.0,ROBUST,True
2558,0.1742103901030877,0.0,10.933124826700707,LOW_RISK,NO_ACTION,0.0,ROBUST,False
2559,0.36067191795137077,0.0,7.576097340623111,WATCH,MONITOR,-10.0,ROBUST,False
2562,0.3850405629193573,0.0,9.642187721358466,WATCH,MONITOR,-10.0,ROBUST,False
2571,0.37521220758079254,0.0,8.24301946898925,WATCH,MONITOR,-10.0,ROBUST,False
2588,0.22772675200854964,0.0,6.734591659972948,LOW_RISK,NO_ACTION,0.0,ROBUST,False
2601,0.20088096086373236,0.0,6.0844994130751715,LOW_RISK,NO_ACTION,0.0,ROBUST,False
2602,0.48236751998481775,0.0,7.297226497335952,WATCH,MONITOR,-10.0,ROBUST,False
2603,0.46931980330797185,0.0,11.87757552297847,WATCH,MONITOR,-10.0,ROBUST,False
2632,0.28292664395712813,0.0,12.322193277937433,LOW_RISK,NO_ACTION,0.0,ROBUST,False
2686,0.4384775464617494,0.0,8.527341522468053,WATCH,MONITOR,-10.0,ROBUST,False
2687,0.2809293910537184,0.0,7.80016307039296,LOW_RISK,NO_ACTION,0.0,ROBUST,False
2708,0.26975560722900416,0.0,12.141539457711714,LOW_RISK,NO_ACTION,0.0,ROBUST,False
2721,0.16270517903971787,0.0,11.141180392064626,LOW_RISK,NO_ACTION,0.0,ROBUST,False
2733,0.27056242259678914,0.0,9.90353755128617,LOW_RISK,NO_ACTION,0.0,ROBUST,False
2740,0.3149667754399228,0.0,12.506180941677357,WATCH,MONITOR,-10.0,ROBUST,False
2741,0.6304414628598096,25.28094750030682,12.6459424009624,HIGH_RISK,TRANSPORT_MODE_REVIEW,350.03793782720277,ROBUST,True
2756,0.2776452020701626,0.0,12.283038316285214,LOW_RISK,NO_ACTION,0.0,ROBUST,False
2765,0.4125424873580802,0.0,12.533309509940082,WATCH,MONITOR,-10.0,ROBUST,False
2766,0.37201842254970796,0.0,6.85751406254539,WATCH,MONITOR,-10.0,ROBUST,False
2767,0.35406279554557407,0.0,8.630700432209832,WATCH,MONITOR,-10.0,ROBUST,False
2785,0.463822171374881,0.0,9.707533494010876,WATCH,MONITOR,-10.0,ROBUST,False
2795,0.10721280393009201,0.0,11.51293546492023,LOW_RISK,NO_ACTION,0.0,ROBUST,False
2796,0.32281903447689364,0.0,9.328212292571072,WATCH,MONITOR,-10.0,ROBUST,False
2808,0.8136537664042608,36.703959904922236,10.903232090743039,HIGH_RISK,TRANSPORT_MODE_REVIEW,350.0327096962719,ROBUST,True
2823,0.3165341530805069,0.0,11.171012454143554,WATCH,MONITOR,-10.0,ROBUST,False
2892,0.22955822103215168,0.0,8.106152568974888,LOW_RISK,NO_ACTION,0.0,ROBUST,False
2921,0.15450022603679114,0.0,8.197263371414335,LOW_RISK,NO_ACTION,0.0,ROBUST,False
2922,0.45502522872647655,0.0,6.284507225801859,WATCH,MONITOR,-10.0,ROBUST,False
2923,0.2883049569550412,0.0,6.095824562432225,LOW_RISK,NO_ACTION,0.0,ROBUST,False
2927,0.4512460787942806,0.0,11.87757552297847,WATCH,MONITOR,-10.0,ROBUST,False
2947,0.3343408489732673,0.0,6.398594934535208,WATCH,MONITOR,-10.0,ROBUST,False
2965,0.3696768466460003,0.0,6.322565239927284,WATCH,MONITOR,-10.0,ROBUST,False
2993,0.42170446175138,0.0,6.546785410760524,WATCH,MONITOR,-10.0,ROBUST,False
2994,0.3636622178400538,0.0,10.077818939438902,WATCH,MONITOR,-10.0,ROBUST,False
2995,0.2592219362715751,0.0,7.148424357162165,LOW_RISK,NO_ACTION,0.0,ROBUST,False
2996,0.3054533535714604,0.0,3.5058576522055884,WATCH,MONITOR,-10.0,ROBUST,False
3007,0.42121820987035197,0.0,8.248790733696413,WATCH,MONITOR,-10.0,ROBUST,False
3008,0.2494601185491937,0.0,12.406139977186806,LOW_RISK,NO_ACTION,0.0,ROBUST,False
3009,0.2552485827073988,0.0,12.38827336168986,LOW_RISK,NO_ACTION,0.0,ROBUST,False
3010,0.13827604642320046,0.0,12.452499074762192,LOW_RISK,NO_ACTION,0.0,ROBUST,False
3026,0.4658337740886991,0.0,9.038008749211576,WATCH,MONITOR,-10.0,ROBUST,False
3037,0.13641452597817671,0.0,11.05038352792927,LOW_RISK,NO_ACTION,0.0,ROBUST,False
3039,0.3592836709794224,0.0,3.7612001156935624,WATCH,MONITOR,-10.0,ROBUST,False
3040,0.6585728963394133,10.482917569557216,11.87743662540826,HIGH_RISK,HUMAN_REVIEW,-50.0,ROBUST,True
3049,0.262247756102177,0.0,8.525220883103467,LOW_RISK,NO_ACTION,0.0,ROBUST,False
3050,0.3718207346290736,0.0,11.266014185727938,WATCH,MONITOR,-10.0,ROBUST,False
3055,0.1268374930519515,0.0,11.021779911971064,LOW_RISK,NO_ACTION,0.0,ROBUST,False
3080,0.33748231318057387,0.0,6.335054251498059,WATCH,MONITOR,-10.0,ROBUST,False
3081,0.40881271438894196,0.0,10.53212287826962,WATCH,MONITOR,-10.0,ROBUST,False
3094,0.43128510315463775,0.0,9.472781556562168,WATCH,MONITOR,-10.0,ROBUST,False
3096,0.16821215575751014,0.0,8.266359790280365,LOW_RISK,NO_ACTION,0.0,ROBUST,False
3097,0.45896762003126945,0.0,8.221919710331933,WATCH,MONITOR,-10.0,ROBUST,False
3152,0.36245843673897693,0.0,8.881836305004146,WATCH,MONITOR,-10.0,ROBUST,False
3153,0.4527419203282731,0.0,0.6931471805599453,WATCH,MONITOR,-10.0,ROBUST,False
3154,0.2941122868440793,0.0,8.881836305004146,LOW_RISK,NO_ACTION,0.0,ROBUST,False
3159,0.3168133380388808,0.0,8.242516843351865,WATCH,MONITOR,-10.0,ROBUST,False
3202,0.46761531081146845,0.0,11.272266917734749,WATCH,MONITOR,-10.0,ROBUST,False
3245,0.45996381734186875,0.0,12.570719231334277,WATCH,MONITOR,-10.0,ROBUST,False
3261,0.2792643493476008,0.0,10.123376212433824,LOW_RISK,NO_ACTION,0.0,ROBUST,False
3292,0.2097650526542727,0.0,12.714413184028016,LOW_RISK,NO_ACTION,0.0,ROBUST,False
3294,0.25726817382570566,0.0,7.07707602359884,LOW_RISK,NO_ACTION,0.0,ROBUST,False
3302,0.2551057314118999,0.0,9.25349564229011,LOW_RISK,NO_ACTION,0.0,ROBUST,False
3313,0.2147467499931176,0.0,3.828641396489095,LOW_RISK,NO_ACTION,0.0,ROBUST,False
3354,0.20743184173318663,0.0,11.988880101792738,LOW_RISK,NO_ACTION,0.0,ROBUST,False
3360,0.4444251745918878,0.0,4.330733340286331,WATCH,MONITOR,-10.0,ROBUST,False
3375,0.1279447682738647,0.0,9.87822102528824,LOW_RISK,NO_ACTION,0.0,ROBUST,False
3378,0.37104447283983766,0.0,11.289794413577894,WATCH,MONITOR,-10.0,ROBUST,False
3386,0.16912802058258092,0.0,11.184296390185041,LOW_RISK,NO_ACTION,0.0,ROBUST,False
3419,0.2378023573576253,0.0,11.09000387521257,LOW_RISK,NO_ACTION,0.0,ROBUST,False
3421,0.12461721365393474,0.0,12.602702167892572,LOW_RISK,NO_ACTION,0.0,ROBUST,False
3441,0.20798945474218483,0.0,12.889033117301889,LOW_RISK,NO_ACTION,0.0,ROBUST,False
3456,0.4073684284468969,0.0,9.600718914665876,WATCH,MONITOR,-10.0,ROBUST,False
3457,0.4540061298189034,0.0,9.287394001418473,WATCH,MONITOR,-10.0,ROBUST,False
3470,0.18861086076094682,0.0,6.822197390620491,LOW_RISK,NO_ACTION,0.0,ROBUST,False
3479,0.28541913570356875,0.0,11.298877919281251,LOW_RISK,NO_ACTION,0.0,ROBUST,False
3499,0.28812961917488256,0.0,10.197983855295579,LOW_RISK,NO_ACTION,0.0,ROBUST,False
3507,0.4494301223038937,0.0,12.949725185138135,WATCH,MONITOR,-10.0,ROBUST,False
3508,0.4051196211503222,0.0,6.19644412779452,WATCH,MONITOR,-10.0,ROBUST,False
3551,0.3052308873472199,0.0,10.433674529780738,WATCH,MONITOR,-10.0,ROBUST,False
3552,0.3682988801887094,0.0,9.638023488650779,WATCH,MONITOR,-10.0,ROBUST,False
3615,0.43894202156374673,0.0,7.83241092718792,WATCH,MONITOR,-10.0,ROBUST,False
3616,0.10381558161021798,0.0,8.11552088154677,LOW_RISK,NO_ACTION,0.0,ROBUST,False
3674,0.26115601242001946,0.0,10.204369620451853,LOW_RISK,NO_ACTION,0.0,ROBUST,False
3718,0.46289726691083144,0.0,6.329720905522696,WATCH,MONITOR,-10.0,ROBUST,False
3719,0.3961252123375806,0.0,11.009042352770813,WATCH,MONITOR,-10.0,ROBUST,False
3747,0.31713654973362987,0.0,10.047257105873959,WATCH,MONITOR,-10.0,ROBUST,False
3748,0.3118578108140534,0.0,8.369991643677185,WATCH,MONITOR,-10.0,ROBUST,False
3763,0.23910803904177513,0.0,8.425099832092538,LOW_RISK,NO_ACTION,0.0,ROBUST,False
3767,0.3082082134566058,0.0,10.695823744135065,WATCH,MONITOR,-10.0,ROBUST,False
3768,0.36215327978538137,0.0,10.677315698578214,WATCH,MONITOR,-10.0,ROBUST,False
3769,0.26734521537151723,0.0,10.810394393099942,LOW_RISK,NO_ACTION,0.0,ROBUST,False
3770,0.3856612585568696,0.0,8.869398159883518,WATCH,MONITOR,-10.0,ROBUST,False
3771,0.44449289090415434,0.0,9.19917830726999,WATCH,MONITOR,-10.0,ROBUST,False
3772,0.16187393927394447,0.0,5.544708584581937,LOW_RISK,NO_ACTION,0.0,ROBUST,False
3781,0.2806188091269698,0.0,8.853808274977197,LOW_RISK,NO_ACTION,0.0,ROBUST,False
3787,0.26320803651403246,0.0,5.919162635352577,LOW_RISK,NO_ACTION,0.0,ROBUST,False
3808,0.762793390412273,24.568201641597717,13.304686600863562,HIGH_RISK,EXPEDITE,250.06652343300402,SENSITIVE,True
3828,0.19994698610317174,0.0,13.37196076797488,LOW_RISK,NO_ACTION,0.0,ROBUST,False
3839,0.35610036598091055,0.0,9.441531454869693,WATCH,MONITOR,-10.0,ROBUST,False
3840,0.4509956966925952,0.0,11.608227281103215,WATCH,MONITOR,-10.0,ROBUST,False
3846,0.2672526399174491,0.0,12.390096918546414,LOW_RISK,NO_ACTION,0.0,ROBUST,False
3848,0.46440627999168804,0.0,10.659351282951539,WATCH,MONITOR,-10.0,ROBUST,False
3851,0.4972654955733914,0.0,10.049447637979663,WATCH,MONITOR,-10.0,ROBUST,False
3852,0.14243681997918084,0.0,10.571983369654944,LOW_RISK,NO_ACTION,0.0,ROBUST,False
3870,0.19322127519394347,0.0,5.860786223465865,LOW_RISK,NO_ACTION,0.0,ROBUST,False
3880,0.4801519005928373,0.0,6.734591659972948,WATCH,MONITOR,-10.0,ROBUST,False
3894,0.48333107459255475,0.0,8.859732699152733,WATCH,MONITOR,-10.0,ROBUST,False
3895,0.13908291015470342,0.0,6.521798637262015,LOW_RISK,NO_ACTION,0.0,ROBUST,False
3896,0.10599940015085468,0.0,8.051022208190679,LOW_RISK,NO_ACTION,0.0,ROBUST,False
3897,0.1644400093025689,0.0,5.796665468802915,LOW_RISK,NO_ACTION,0.0,ROBUST,False
3898,0.4984051133528994,0.0,7.740229524763182,WATCH,MONITOR,-10.0,ROBUST,False
3899,0.17199984664427476,0.0,8.914760527397261,LOW_RISK,NO_ACTION,0.0,ROBUST,False
3956,0.3010190426888093,0.0,10.394793908855744,WATCH,MONITOR,-10.0,ROBUST,False
3970,0.43936709057220447,0.0,10.645448706505872,WATCH,MONITOR,-10.0,ROBUST,False
3971,0.8927556238387604,42.6417127752016,9.90353755128617,CRITICAL,EXPEDITE,250.04951768775663,SENSITIVE,True
3989,0.3417955929033838,0.0,9.762845222733661,WATCH,MONITOR,-10.0,ROBUST,False
3992,0.6968869418823738,40.70767759575435,11.695255355062795,HIGH_RISK,HUMAN_REVIEW,-50.0,ROBUST,True
4020,0.4449339665758927,0.0,10.632870225678168,WATCH,MONITOR,-10.0,ROBUST,False
4021,0.2133844597056317,0.0,11.316801085998813,LOW_RISK,NO_ACTION,0.0,ROBUST,False
4023,0.3747022881127636,0.0,1.3862943611198906,WATCH,MONITOR,-10.0,ROBUST,False
4025,0.3696878529789588,0.0,8.787073753002119,WATCH,MONITOR,-10.0,ROBUST,False
4045,0.188597419543856,0.0,12.206077645517674,LOW_RISK,NO_ACTION,0.0,ROBUST,False
4085,0.11391967994734005,0.0,1.6900958154515549,LOW_RISK,NO_ACTION,0.0,ROBUST,False
4100,0.26369982951415893,0.0,8.81744592104187,LOW_RISK,NO_ACTION,0.0,ROBUST,False
4189,0.21567726078634789,0.0,9.642707033281853,LOW_RISK,NO_ACTION,0.0,ROBUST,False
4192,0.4235910998454835,0.0,11.269591961359195,WATCH,MONITOR,-10.0,ROBUST,False
4193,0.4201456753821381,0.0,12.51167690188157,WATCH,MONITOR,-10.0,ROBUST,False
4198,0.6469311128013258,38.929483940082854,12.010063844310778,HIGH_RISK,HUMAN_REVIEW,-50.0,ROBUST,True
4215,0.3426048901292876,0.0,7.244941546337007,WATCH,MONITOR,-10.0,ROBUST,False
4257,0.34170380639477005,0.0,7.7488913372555315,WATCH,MONITOR,-10.0,ROBUST,False
4258,0.4308632593710494,0.0,9.544023006988647,WATCH,MONITOR,-10.0,ROBUST,False
4259,0.270000965649279,0.0,7.6255950721324535,LOW_RISK,NO_ACTION,0.0,ROBUST,False
4283,0.21017867191620365,0.0,7.523697388633111,LOW_RISK,NO_ACTION,0.0,ROBUST,False
4290,0.206013967256219,0.0,9.986034813503693,LOW_RISK,NO_ACTION,0.0,ROBUST,False
4301,0.31447691171288167,0.0,12.642900752580477,WATCH,MONITOR,-10.0,ROBUST,False
4302,0.7663062157534202,3.3927323458463268,10.496178836771703,HIGH_RISK,SUPPLIER_ESCALATION,200.02099235767355,ROBUST,True
4303,0.2760483083939745,0.0,11.520903555205116,LOW_RISK,NO_ACTION,0.0,ROBUST,False
4311,0.1364549356358829,0.0,11.266014185727938,LOW_RISK,NO_ACTION,0.0,ROBUST,False
4312,0.38744149627607827,0.0,10.433674529780738,WATCH,MONITOR,-10.0,ROBUST,False
4321,0.1854946751927643,0.0,1.0986122886681098,LOW_RISK,NO_ACTION,0.0,ROBUST,False
4331,0.17878145208348856,0.0,10.584081267024454,LOW_RISK,NO_ACTION,0.0,ROBUST,False
4333,0.2651033281109574,0.0,0.883767540168595,LOW_RISK,NO_ACTION,0.0,ROBUST,False
4347,0.19111133664712057,0.0,8.765770543987257,LOW_RISK,NO_ACTION,0.0,ROBUST,False
4367,0.33354330692320616,0.0,8.059276223305648,WATCH,MONITOR,-10.0,ROBUST,False
4368,0.2485853357337886,0.0,11.252975284256337,LOW_RISK,NO_ACTION,0.0,ROBUST,False
4369,0.27956468903711607,0.0,11.171012454143554,LOW_RISK,NO_ACTION,0.0,ROBUST,False
4372,0.31486772864161156,0.0,11.735628919456033,WATCH,MONITOR,-10.0,ROBUST,False
4373,0.18141420899272195,0.0,11.09378223642709,LOW_RISK,NO_ACTION,0.0,ROBUST,False
4456,0.16230064914621192,0.0,11.641010804733448,LOW_RISK,NO_ACTION,0.0,ROBUST,False
4457,0.45216876114944193,0.0,8.853493984770465,WATCH,MONITOR,-10.0,ROBUST,False
4458,0.27348948113256843,0.0,9.833547804331447,LOW_RISK,NO_ACTION,0.0,ROBUST,False
4459,0.26483744385301566,0.0,7.937731775260109,LOW_RISK,NO_ACTION,0.0,ROBUST,False
4460,0.11424486010913659,0.0,11.544619849309832,LOW_RISK,NO_ACTION,0.0,ROBUST,False
4470,0.2991905210349573,0.0,11.878477887233888,LOW_RISK,NO_ACTION,0.0,ROBUST,False
4534,0.32166788864440005,0.0,12.14844882928968,WATCH,MONITOR,-10.0,ROBUST,False
4567,0.3235363483818666,0.0,11.02633690289258,WATCH,MONITOR,-10.0,ROBUST,False
4593,0.3828124677291538,0.0,12.282899418393463,WATCH,MONITOR,-10.0,ROBUST,False
4594,0.17099273399640472,0.0,10.433674529780738,LOW_RISK,NO_ACTION,0.0,ROBUST,False
4611,0.20088925369224753,0.0,5.081404364984463,LOW_RISK,NO_ACTION,0.0,ROBUST,False
4615,0.4242921860921651,0.0,6.329720905522696,WATCH,MONITOR,-10.0,ROBUST,False
4635,0.4788682467373576,0.0,8.586756566801554,WATCH,MONITOR,-10.0,ROBUST,False
4646,0.15437309894692827,0.0,10.8461962370135,LOW_RISK,NO_ACTION,0.0,ROBUST,False
4647,0.2990598218020873,0.0,11.989451526830491,LOW_RISK,NO_ACTION,0.0,ROBUST,False
4648,0.18567050109583474,0.0,11.989451526830491,LOW_RISK,NO_ACTION,0.0,ROBUST,False
4649,0.12402926734199299,0.0,11.989451526830491,LOW_RISK,NO_ACTION,0.0,ROBUST,False
4650,0.23020133525045416,0.0,4.355425952876702,LOW_RISK,NO_ACTION,0.0,ROBUST,False
4709,0.15747505007368512,0.0,12.037044340648803,LOW_RISK,NO_ACTION,0.0,ROBUST,False
4722,0.3839732293736985,0.0,9.942756341456828,WATCH,MONITOR,-10.0,ROBUST,False
4794,0.3134901654685778,0.0,8.246958032568177,WATCH,MONITOR,-10.0,ROBUST,False
4804,0.15753378839612436,0.0,10.891112413014609,LOW_RISK,NO_ACTION,0.0,ROBUST,False
4818,0.10369663536220575,0.0,11.289794413577894,LOW_RISK,NO_ACTION,0.0,ROBUST,False
4824,0.42326281960968515,0.0,14.045141977472685,WATCH,MONITOR,-10.0,ROBUST,False
4854,0.170477762465699,0.0,10.137491911183083,LOW_RISK,NO_ACTION,0.0,ROBUST,False
4921,0.3424866568883064,0.0,9.621190952360685,WATCH,MONITOR,-10.0,ROBUST,False
4929,0.23476876523069823,0.0,8.699681400989514,LOW_RISK,NO_ACTION,0.0,ROBUST,False
4947,0.33419437532601426,0.0,8.824824939175638,WATCH,MONITOR,-10.0,ROBUST,False
4949,0.2262614507929296,0.0,12.99213851218796,LOW_RISK,NO_ACTION,0.0,ROBUST,False
5058,0.13477582427690168,0.0,6.415424237852311,LOW_RISK,NO_ACTION,0.0,ROBUST,False
5059,0.18918000342310146,0.0,11.12888813347567,LOW_RISK,NO_ACTION,0.0,ROBUST,False
5066,0.17522342659163026,0.0,8.853808274977197,LOW_RISK,NO_ACTION,0.0,ROBUST,False
5076,0.27120774097585754,0.0,8.578476419833136,LOW_RISK,NO_ACTION,0.0,ROBUST,False
5083,0.3633135133704629,0.0,9.575052927597383,WATCH,MONITOR,-10.0,ROBUST,False
5113,0.20552242997854303,0.0,12.184227365438518,LOW_RISK,NO_ACTION,0.0,ROBUST,False
5114,0.10482797412024719,0.0,11.162246793119436,LOW_RISK,NO_ACTION,0.0,ROBUST,False
5119,0.30757494570590277,0.0,10.865917318389972,WATCH,MONITOR,-10.0,ROBUST,False
5120,0.8534625932908364,6.416145883221476,7.591357046698551,CRITICAL,HUMAN_REVIEW,-50.0,ROBUST,True
5147,0.4851481976007239,0.0,12.284518694607117,WATCH,MONITOR,-10.0,ROBUST,False
5175,0.33578832123729874,0.0,11.199243368972049,WATCH,MONITOR,-10.0,ROBUST,False
5194,0.2884690237512567,0.0,6.987305557740146,LOW_RISK,NO_ACTION,0.0,ROBUST,False
5195,0.3293606503590816,0.0,9.035629778183564,WATCH,MONITOR,-10.0,ROBUST,False
5199,0.4711602519448108,0.0,5.707110264748875,WATCH,MONITOR,-10.0,ROBUST,False
5201,0.43135125824065856,0.0,6.71295620067707,WATCH,MONITOR,-10.0,ROBUST,False
5279,0.22919149334552322,0.0,12.705759462485144,LOW_RISK,NO_ACTION,0.0,ROBUST,False
5280,0.8205213131411657,62.216103234821354,9.789814808047552,HIGH_RISK,HUMAN_REVIEW,-50.0,ROBUST,True
5281,0.20505344494642946,0.0,10.336438117579153,LOW_RISK,NO_ACTION,0.0,ROBUST,False
5282,0.3017684158860852,0.0,13.371604992224304,WATCH,MONITOR,-10.0,ROBUST,False
5283,0.3976197804914311,0.0,12.382893266548804,WATCH,MONITOR,-10.0,ROBUST,False
5303,0.30128768287318486,0.0,6.2422232654551655,WATCH,MONITOR,-10.0,ROBUST,False
5304,0.12711855833124505,0.0,11.485564545613576,LOW_RISK,NO_ACTION,0.0,ROBUST,False
5324,0.3894322801759924,0.0,10.373522431293592,WATCH,MONITOR,-10.0,ROBUST,False
5352,0.42238805146838154,0.0,10.778977123006351,WATCH,MONITOR,-10.0,ROBUST,False
5353,0.7116054257378349,12.078319495973616,9.980355996792705,HIGH_RISK,EXPEDITE,250.0499017799841,SENSITIVE,True
5364,0.3656502957133402,0.0,9.61463813233234,WATCH,MONITOR,-10.0,ROBUST,False
5365,0.2706367604217573,0.0,1.7047480922384253,LOW_RISK,NO_ACTION,0.0,ROBUST,False
5366,0.45564774229097715,0.0,1.3862943611198906,WATCH,MONITOR,-10.0,ROBUST,False
5428,0.4380902232642959,0.0,10.757924157061597,WATCH,MONITOR,-10.0,ROBUST,False
5446,0.3101727993238569,0.0,10.047631185616188,WATCH,MONITOR,-10.0,ROBUST,False
5507,0.37660221832543783,0.0,9.47247384058159,WATCH,MONITOR,-10.0,ROBUST,False
5508,0.45333988040884166,0.0,3.3995293245614584,WATCH,MONITOR,-10.0,ROBUST,False
5509,0.29828680403131025,0.0,9.868119408698337,LOW_RISK,NO_ACTION,0.0,ROBUST,False
5510,0.2253002961955288,0.0,7.700295203420117,LOW_RISK,NO_ACTION,0.0,ROBUST,False
5522,0.4014664551638325,0.0,11.316922746420394,WATCH,MONITOR,-10.0,ROBUST,False
5532,0.1880265019138767,0.0,11.58975686807408,LOW_RISK,NO_ACTION,0.0,ROBUST,False
5534,0.25541245920241684,0.0,6.803505257608338,LOW_RISK,NO_ACTION,0.0,ROBUST,False
5575,0.44629089484271744,0.0,7.044905117129371,WATCH,MONITOR,-10.0,ROBUST,False
5589,0.389768936107726,0.0,9.575052927597383,WATCH,MONITOR,-10.0,ROBUST,False
5590,0.26152440209899974,0.0,12.19160854291935,LOW_RISK,NO_ACTION,0.0,ROBUST,False
5595,0.18589780096334296,0.0,2.731766727719526,LOW_RISK,NO_ACTION,0.0,ROBUST,False
5596,0.24238735633289463,0.0,11.5461536433143,LOW_RISK,NO_ACTION,0.0,ROBUST,False
5622,0.2136416596909732,0.0,3.044522437723423,LOW_RISK,NO_ACTION,0.0,ROBUST,False
5634,0.17043571517754158,0.0,9.486531677712465,LOW_RISK,NO_ACTION,0.0,ROBUST,False
5635,0.39733316542626274,0.0,7.804251383528112,WATCH,MONITOR,-10.0,ROBUST,False
5645,0.20082795474006862,0.0,9.57491403870827,LOW_RISK,NO_ACTION,0.0,ROBUST,False
5646,0.28166698806710555,0.0,1.3480731482996928,LOW_RISK,NO_ACTION,0.0,ROBUST,False
5647,0.25434377873444364,0.0,2.2512917986064953,LOW_RISK,NO_ACTION,0.0,ROBUST,False
5657,0.4928309514542524,0.0,10.446567371831451,WATCH,MONITOR,-10.0,ROBUST,False
5658,0.25643689765928823,0.0,7.908754738783246,LOW_RISK,NO_ACTION,0.0,ROBUST,False
5661,0.13199299311870194,0.0,10.132891466821151,LOW_RISK,NO_ACTION,0.0,ROBUST,False
5675,0.13593030102883363,0.0,9.70509758756311,LOW_RISK,NO_ACTION,0.0,ROBUST,False
5676,0.33630148854122593,0.0,9.702044336534586,WATCH,MONITOR,-10.0,ROBUST,False
5677,0.3397454206953062,0.0,6.88653164253051,WATCH,MONITOR,-10.0,ROBUST,False
5678,0.26750359619306197,0.0,6.585343726009258,LOW_RISK,NO_ACTION,0.0,ROBUST,False
5701,0.2727374769248119,0.0,9.433563920090563,LOW_RISK,NO_ACTION,0.0,ROBUST,False
5703,0.12157303313634849,0.0,10.223378795393941,LOW_RISK,NO_ACTION,0.0,ROBUST,False
5713,0.3066186041557049,0.0,9.798043700072553,WATCH,MONITOR,-10.0,ROBUST,False
5717,0.3018957901521407,0.0,7.616283561580385,WATCH,MONITOR,-10.0,ROBUST,False
5769,0.15981972742277784,0.0,0.6931471805599453,LOW_RISK,NO_ACTION,0.0,ROBUST,False
5793,0.14153575444437105,0.0,10.23899503822049,LOW_RISK,NO_ACTION,0.0,ROBUST,False
5794,0.14942899623979622,0.0,11.35614299167733,LOW_RISK,NO_ACTION,0.0,ROBUST,False
5796,0.14041129859650342,0.0,10.122566855972522,LOW_RISK,NO_ACTION,0.0,ROBUST,False
5815,0.34388327821470394,0.0,9.73032393352694,WATCH,MONITOR,-10.0,ROBUST,False
5818,0.17859306096116745,0.0,9.365376374075716,LOW_RISK,NO_ACTION,0.0,ROBUST,False
5821,0.2005720608749854,0.0,9.19023970026918,LOW_RISK,NO_ACTION,0.0,ROBUST,False
5857,0.16942885766057592,0.0,12.621128283797402,LOW_RISK,NO_ACTION,0.0,ROBUST,False
5860,0.4831341217794013,0.0,11.517903454196839,WATCH,MONITOR,-10.0,ROBUST,False
5894,0.4418469852607342,0.0,10.553335714950922,WATCH,MONITOR,-10.0,ROBUST,False
5895,0.19219793494060836,0.0,11.039642865773429,LOW_RISK,NO_ACTION,0.0,ROBUST,False
5905,0.2310265175688504,0.0,7.596673530212047,LOW_RISK,NO_ACTION,0.0,ROBUST,False
5917,0.1839571369219989,0.0,5.222785303935599,LOW_RISK,NO_ACTION,0.0,ROBUST,False
5928,0.2967503837843295,0.0,12.341896408664548,LOW_RISK,NO_ACTION,0.0,ROBUST,False
5935,0.10784421298970144,0.0,6.2029402935545095,LOW_RISK,NO_ACTION,0.0,ROBUST,False
5936,0.3685472035587183,0.0,9.936970683352676,WATCH,MONITOR,-10.0,ROBUST,False
5937,0.30926325992705667,0.0,7.581209826196346,WATCH,MONITOR,-10.0,ROBUST,False
5976,0.45945557132044135,0.0,11.988880101792738,WATCH,MONITOR,-10.0,ROBUST,False
5987,0.16575707373136567,0.0,11.316679410774173,LOW_RISK,NO_ACTION,0.0,ROBUST,False
6041,0.4216436984244527,0.0,11.316679410774173,WATCH,MONITOR,-10.0,ROBUST,False
6062,0.4167844057866863,0.0,0.9162907318741551,WATCH,MONITOR,-10.0,ROBUST,False
6081,0.15087247568675477,0.0,9.72432500082734,LOW_RISK,NO_ACTION,0.0,ROBUST,False
6082,0.25942368965765106,0.0,9.407632639699958,LOW_RISK,NO_ACTION,0.0,ROBUST,False
6084,0.16806105645780678,0.0,11.96599273025959,LOW_RISK,NO_ACTION,0.0,ROBUST,False
6105,0.20188820018301956,0.0,11.289794413577894,LOW_RISK,NO_ACTION,0.0,ROBUST,False
6106,0.20529846993221776,0.0,12.396812832669962,LOW_RISK,NO_ACTION,0.0,ROBUST,False
6111,0.3224945576103091,0.0,11.298877919281251,WATCH,MONITOR,-10.0,ROBUST,False
6139,0.2645643727041862,0.0,8.30671904320269,LOW_RISK,NO_ACTION,0.0,ROBUST,False
6196,0.47909312160252215,0.0,6.447115670129317,WATCH,MONITOR,-10.0,ROBUST,False
6253,0.15054805677880206,0.0,10.016860879703811,LOW_RISK,NO_ACTION,0.0,ROBUST,False
6257,0.48947685394007956,0.0,9.53865082020532,WATCH,MONITOR,-10.0,ROBUST,False
6272,0.1922554560857056,0.0,11.30841964704039,LOW_RISK,NO_ACTION,0.0,ROBUST,False
6312,0.40914957455274126,0.0,11.385330701354851,WATCH,MONITOR,-10.0,ROBUST,False
6369,0.23558797046912858,0.0,6.021023349349527,LOW_RISK,NO_ACTION,0.0,ROBUST,False
6381,0.15723255816692558,0.0,8.106514516255185,LOW_RISK,NO_ACTION,0.0,ROBUST,False
6411,0.823813463779627,143.83782429966405,9.834598247114597,HIGH_RISK,HUMAN_REVIEW,-50.0,ROBUST,True
6415,0.2235443596945853,0.0,8.888618807300878,LOW_RISK,NO_ACTION,0.0,ROBUST,False
6416,0.36354216169073694,0.0,9.02713842775492,WATCH,MONITOR,-10.0,ROBUST,False
6417,0.32657747403465065,0.0,7.249925536717988,WATCH,MONITOR,-10.0,ROBUST,False
6418,0.28870252375634975,0.0,11.314852503584444,LOW_RISK,NO_ACTION,0.0,ROBUST,False
6431,0.29832778905941565,0.0,7.628517626575055,LOW_RISK,NO_ACTION,0.0,ROBUST,False
6432,0.39289516563691507,0.0,9.53387209732166,WATCH,MONITOR,-10.0,ROBUST,False
6436,0.13510916564937625,0.0,10.128269760518846,LOW_RISK,NO_ACTION,0.0,ROBUST,False
6437,0.3672722647831621,0.0,9.55824698622306,WATCH,MONITOR,-10.0,ROBUST,False
6438,0.45832484055943146,0.0,6.725033642166843,WATCH,MONITOR,-10.0,ROBUST,False
6439,0.12311527880794566,0.0,6.621938133139868,LOW_RISK,NO_ACTION,0.0,ROBUST,False
6440,0.8673429341094214,66.29331714547037,4.562262684976814,CRITICAL,TRANSPORT_MODE_REVIEW,350.01368678805557,ROBUST,True
6450,0.3866527746808126,0.0,10.933124826700707,WATCH,MONITOR,-10.0,ROBUST,False
6451,0.27491265929784703,0.0,12.319405795112926,LOW_RISK,NO_ACTION,0.0,ROBUST,False
6488,0.26141944832547537,0.0,11.162246793119436,LOW_RISK,NO_ACTION,0.0,ROBUST,False
6517,0.15478665381769435,0.0,9.079160498077337,LOW_RISK,NO_ACTION,0.0,ROBUST,False
6519,0.30270801628711524,0.0,11.338583982516495,WATCH,MONITOR,-10.0,ROBUST,False
6524,0.1506181244785509,0.0,6.26530121273771,LOW_RISK,NO_ACTION,0.0,ROBUST,False
6544,0.2906481825242162,0.0,6.734591659972948,LOW_RISK,NO_ACTION,0.0,ROBUST,False
6546,0.4054461195846627,0.0,7.714677473800927,WATCH,MONITOR,-10.0,ROBUST,False
6561,0.7363623194303319,7.107953113337287,7.649692623711514,HIGH_RISK,TRANSPORT_MODE_REVIEW,350.0229490778711,ROBUST,True
6563,0.2923144672718909,0.0,8.17233388141793,LOW_RISK,NO_ACTION,0.0,ROBUST,False
6625,0.4968063877587343,0.0,10.382853468483827,WATCH,MONITOR,-10.0,ROBUST,False
6626,0.37466016934161495,0.0,7.280008252884188,WATCH,MONITOR,-10.0,ROBUST,False
6627,0.43654270852207944,0.0,12.550374861980682,WATCH,MONITOR,-10.0,ROBUST,False
6642,0.2659390426242183,0.0,7.964850887447313,LOW_RISK,NO_ACTION,0.0,ROBUST,False
6647,0.40714436925034214,0.0,9.259225769705994,WATCH,MONITOR,-10.0,ROBUST,False
6670,0.11620366917652875,0.0,6.757687917717515,LOW_RISK,NO_ACTION,0.0,ROBUST,False
6671,0.149164473016898,0.0,11.890584201100252,LOW_RISK,NO_ACTION,0.0,ROBUST,False
6691,0.18122823716802486,0.0,6.796823718274855,LOW_RISK,NO_ACTION,0.0,ROBUST,False
6692,0.26078076984608783,0.0,11.316801085998813,LOW_RISK,NO_ACTION,0.0,ROBUST,False
6693,0.43829795133030525,0.0,7.208600337960199,WATCH,MONITOR,-10.0,ROBUST,False
6705,0.23850642031517222,0.0,7.455876687491824,LOW_RISK,NO_ACTION,0.0,ROBUST,False
6724,0.3618484774061852,0.0,9.137877200242468,WATCH,MONITOR,-10.0,ROBUST,False
6745,0.7750968335552616,20.320080658693666,10.367868529255514,HIGH_RISK,SUPPLIER_ESCALATION,200.02073573705866,ROBUST,True
6746,0.3344729416353366,0.0,12.506180941677357,WATCH,MONITOR,-10.0,ROBUST,False
6768,0.2428967872680545,0.0,9.590556045830896,LOW_RISK,NO_ACTION,0.0,ROBUST,False
6837,0.3308213366854177,0.0,0.6097655716208943,WATCH,MONITOR,-10.0,ROBUST,False
6845,0.2369062371158985,0.0,5.196838197598183,LOW_RISK,NO_ACTION,0.0,ROBUST,False
6846,0.13354949542080485,0.0,8.89192414015454,LOW_RISK,NO_ACTION,0.0,ROBUST,False
6848,0.4971215912744058,0.0,12.396829359478511,WATCH,MONITOR,-10.0,ROBUST,False
6849,0.15087298145300437,0.0,11.665483448558495,LOW_RISK,NO_ACTION,0.0,ROBUST,False
6884,0.12893935353442296,0.0,7.014814351275545,LOW_RISK,NO_ACTION,0.0,ROBUST,False
6896,0.45141229968286234,0.0,12.436950212097432,WATCH,MONITOR,-10.0,ROBUST,False
6913,0.22073386435715805,0.0,3.3565486299932736,LOW_RISK,NO_ACTION,0.0,ROBUST,False
6914,0.360118789629403,0.0,7.233816364303033,WATCH,MONITOR,-10.0,ROBUST,False
6915,0.23160229186489315,0.0,9.583695426166113,LOW_RISK,NO_ACTION,0.0,ROBUST,False
6931,0.2565817083177885,0.0,8.101980731853192,LOW_RISK,NO_ACTION,0.0,ROBUST,False
6932,0.20484518880671862,0.0,12.442175856508216,LOW_RISK,NO_ACTION,0.0,ROBUST,False
6933,0.2372176023172041,0.0,12.301982645406467,LOW_RISK,NO_ACTION,0.0,ROBUST,False
6962,0.26428016023461726,0.0,12.619370332084861,LOW_RISK,NO_ACTION,0.0,ROBUST,False
6972,0.3881664276369372,0.0,7.804251383528112,WATCH,MONITOR,-10.0,ROBUST,False
6988,0.3046144776939167,0.0,10.034434671299598,WATCH,MONITOR,-10.0,ROBUST,False
6994,0.47742608686279076,0.0,9.919656133697712,WATCH,MONITOR,-10.0,ROBUST,False
7007,0.11675215753551021,0.0,10.614448128279355,LOW_RISK,NO_ACTION,0.0,ROBUST,False
7008,0.30122732905281124,0.0,5.978885764901122,WATCH,MONITOR,-10.0,ROBUST,False
7009,0.33368991553268723,0.0,6.517671272912275,WATCH,MONITOR,-10.0,ROBUST,False
7030,0.46807879442970957,0.0,7.937731775260109,WATCH,MONITOR,-10.0,ROBUST,False
7032,0.11966340944857104,0.0,8.148937159090345,LOW_RISK,NO_ACTION,0.0,ROBUST,False
7055,0.32939983397408645,0.0,4.414735809083586,WATCH,MONITOR,-10.0,ROBUST,False
7056,0.44145197141118286,0.0,9.57171425857138,WATCH,MONITOR,-10.0,ROBUST,False
7091,0.19677109124769465,0.0,9.680406499268875,LOW_RISK,NO_ACTION,0.0,ROBUST,False
7093,0.45051693940957505,0.0,9.680406499268875,WATCH,MONITOR,-10.0,ROBUST,False
7120,0.10761736370971674,0.0,9.12483912689045,LOW_RISK,NO_ACTION,0.0,ROBUST,False
7121,0.39298185165349186,0.0,8.488999457045455,WATCH,MONITOR,-10.0,ROBUST,False
7122,0.4732452884674613,0.0,9.506715797496643,WATCH,MONITOR,-10.0,ROBUST,False
7172,0.36287906465602493,0.0,6.269096283706261,WATCH,MONITOR,-10.0,ROBUST,False
7176,0.2756116975921792,0.0,11.597275804538212,LOW_RISK,NO_ACTION,0.0,ROBUST,False
7183,0.11795240658908722,0.0,11.532443738116108,LOW_RISK,NO_ACTION,0.0,ROBUST,False
7184,0.4680455253290515,0.0,11.965789293448267,WATCH,MONITOR,-10.0,ROBUST,False
7201,0.28811848907662996,0.0,12.935173766840391,LOW_RISK,NO_ACTION,0.0,ROBUST,False
7218,0.1115986977343792,0.0,9.407632639699958,LOW_RISK,NO_ACTION,0.0,ROBUST,False
7259,0.37592842853150477,0.0,1.1410330045520618,WATCH,MONITOR,-10.0,ROBUST,False
7260,0.2927349014305033,0.0,4.244917420701475,LOW_RISK,NO_ACTION,0.0,ROBUST,False
7276,0.14973812697696431,0.0,11.808583147519697,LOW_RISK,NO_ACTION,0.0,ROBUST,False
7321,0.18570872372410385,0.0,13.224205089327537,LOW_RISK,NO_ACTION,0.0,ROBUST,False
7338,0.12579627218233852,0.0,9.770013301136158,LOW_RISK,NO_ACTION,0.0,ROBUST,False
7398,0.3297174158834294,0.0,10.732672357496405,WATCH,MONITOR,-10.0,ROBUST,False
7421,0.3488117917008037,0.0,6.26530121273771,WATCH,MONITOR,-10.0,ROBUST,False
7436,0.30229691934217773,0.0,10.026633957357836,WATCH,MONITOR,-10.0,ROBUST,False
7467,0.42684085320104603,0.0,11.298877919281251,WATCH,MONITOR,-10.0,ROBUST,False
7468,0.4444035285232054,0.0,11.298877919281251,WATCH,MONITOR,-10.0,ROBUST,False
7469,0.3462497586732507,0.0,11.298877919281251,WATCH,MONITOR,-10.0,ROBUST,False
7607,0.10510259188297222,0.0,10.454970933336137,LOW_RISK,NO_ACTION,0.0,ROBUST,False
7638,0.3780918622990943,0.0,13.15428249869609,WATCH,MONITOR,-10.0,ROBUST,False
7675,0.26719968676814065,0.0,11.849404844423074,LOW_RISK,NO_ACTION,0.0,ROBUST,False
7695,0.3262229932905548,0.0,6.431331081933479,WATCH,MONITOR,-10.0,ROBUST,False
7696,0.35963224080755374,0.0,7.931313507070334,WATCH,MONITOR,-10.0,ROBUST,False
7708,0.24009464573083072,0.0,9.63501969900815,LOW_RISK,NO_ACTION,0.0,ROBUST,False
7741,0.46683940206871777,0.0,9.66980111984536,WATCH,MONITOR,-10.0,ROBUST,False
7748,0.1535899466999125,0.0,8.055475141757274,LOW_RISK,NO_ACTION,0.0,ROBUST,False
7749,0.368604722912415,0.0,11.577604913677042,WATCH,MONITOR,-10.0,ROBUST,False
7750,0.10174383198263218,0.0,9.265301930050157,LOW_RISK,NO_ACTION,0.0,ROBUST,False
7751,0.46986044216207234,0.0,9.522227133124781,WATCH,MONITOR,-10.0,ROBUST,False
7775,0.14500165329523662,0.0,10.689054375683599,LOW_RISK,NO_ACTION,0.0,ROBUST,False
7778,0.13795369205902985,0.0,7.544861068658458,LOW_RISK,NO_ACTION,0.0,ROBUST,False
7779,0.2332030532208977,0.0,8.523572798380277,LOW_RISK,NO_ACTION,0.0,ROBUST,False
7837,0.24942651441563224,0.0,10.673618922112436,LOW_RISK,NO_ACTION,0.0,ROBUST,False
7847,0.18572002892915146,0.0,8.377885146014261,LOW_RISK,NO_ACTION,0.0,ROBUST,False
7849,0.3340486643708499,0.0,7.340550169695544,WATCH,MONITOR,-10.0,ROBUST,False
7857,0.27716563921678544,0.0,6.957497370876951,LOW_RISK,NO_ACTION,0.0,ROBUST,False
7868,0.11367023561643497,0.0,13.042101700758836,LOW_RISK,NO_ACTION,0.0,ROBUST,False
7894,0.22786082490212026,0.0,7.427144133408616,LOW_RISK,NO_ACTION,0.0,ROBUST,False
7970,0.4241731654292682,0.0,6.98933526597456,WATCH,MONITOR,-10.0,ROBUST,False
8005,0.3758806139447475,0.0,7.208600337960199,WATCH,MONITOR,-10.0,ROBUST,False
8017,0.38994834143195223,0.0,11.289794413577894,WATCH,MONITOR,-10.0,ROBUST,False
8023,0.3792467696334094,0.0,12.206077645517674,WATCH,MONITOR,-10.0,ROBUST,False
8038,0.22438920855321332,0.0,6.85751406254539,LOW_RISK,NO_ACTION,0.0,ROBUST,False
8062,0.13986556883071036,0.0,12.206077645517674,LOW_RISK,NO_ACTION,0.0,ROBUST,False
8100,0.20898687361323842,0.0,7.467942332285852,LOW_RISK,NO_ACTION,0.0,ROBUST,False
8185,0.43271412007406374,0.0,7.655864017616056,WATCH,MONITOR,-10.0,ROBUST,False
8186,0.49218831911322847,0.0,9.169622538697624,WATCH,MONITOR,-10.0,ROBUST,False
8192,0.2975388058966245,0.0,13.45883704259595,LOW_RISK,NO_ACTION,0.0,ROBUST,False
8204,0.1038801419692169,0.0,7.467942332285852,LOW_RISK,NO_ACTION,0.0,ROBUST,False
8207,0.15601792485369162,0.0,12.853158871737136,LOW_RISK,NO_ACTION,0.0,ROBUST,False
8209,0.22883223012650633,0.0,9.770013301136158,LOW_RISK,NO_ACTION,0.0,ROBUST,False
8213,0.3314341394371799,0.0,10.021315031649332,WATCH,MONITOR,-10.0,ROBUST,False
8218,0.1300374583221256,0.0,9.101092309591165,LOW_RISK,NO_ACTION,0.0,ROBUST,False
8231,0.4773429194839527,0.0,5.631211781821365,WATCH,MONITOR,-10.0,ROBUST,False
8258,0.2460334693137603,0.0,9.82341567777057,LOW_RISK,NO_ACTION,0.0,ROBUST,False
8263,0.4650336871699292,0.0,12.078472201436046,WATCH,MONITOR,-10.0,ROBUST,False
8264,0.4122087211028087,0.0,4.142975983633837,WATCH,MONITOR,-10.0,ROBUST,False
8271,0.40217490900623243,0.0,8.442685139241176,WATCH,MONITOR,-10.0,ROBUST,False
8315,0.3426878319128928,0.0,9.259225769705994,WATCH,MONITOR,-10.0,ROBUST,False
8316,0.35071352682073786,0.0,8.962391701743002,WATCH,MONITOR,-10.0,ROBUST,False
8317,0.35520129408649925,0.0,3.4339872044851463,WATCH,MONITOR,-10.0,ROBUST,False
8344,0.3514885548102329,0.0,10.584081267024454,WATCH,MONITOR,-10.0,ROBUST,False
8378,0.3214912925593445,0.0,11.65892357414749,WATCH,MONITOR,-10.0,ROBUST,False
8437,0.4945656073931556,0.0,8.881836305004146,WATCH,MONITOR,-10.0,ROBUST,False
8438,0.3929162269702785,0.0,0.6931471805599453,WATCH,MONITOR,-10.0,ROBUST,False
8440,0.41077855535700847,0.0,9.680406499268875,WATCH,MONITOR,-10.0,ROBUST,False
8459,0.44898512603346974,0.0,11.190814805432275,WATCH,MONITOR,-10.0,ROBUST,False
8460,0.18625590509033968,0.0,9.41957970612054,LOW_RISK,NO_ACTION,0.0,ROBUST,False
8461,0.1335216636380243,0.0,8.083637203141548,LOW_RISK,NO_ACTION,0.0,ROBUST,False
8462,0.2931577746394395,0.0,10.528018576357496,LOW_RISK,NO_ACTION,0.0,ROBUST,False
8470,0.3056322782477093,0.0,6.322565239927284,WATCH,MONITOR,-10.0,ROBUST,False
8475,0.43167271197996715,0.0,9.846970109700957,WATCH,MONITOR,-10.0,ROBUST,False
8554,0.2775134317129343,0.0,9.210440366976517,LOW_RISK,NO_ACTION,0.0,ROBUST,False
8603,0.3283412102177251,0.0,11.393882886422626,WATCH,MONITOR,-10.0,ROBUST,False
8604,0.31082837540538333,0.0,9.097283649683886,WATCH,MONITOR,-10.0,ROBUST,False
8605,0.11528111350295643,0.0,10.129865866360268,LOW_RISK,NO_ACTION,0.0,ROBUST,False
8616,0.34608595863876557,0.0,5.330784556685538,WATCH,MONITOR,-10.0,ROBUST,False
8642,0.4312173143097009,0.0,11.989451526830491,WATCH,MONITOR,-10.0,ROBUST,False
8648,0.16300021923032154,0.0,12.563883444141677,LOW_RISK,NO_ACTION,0.0,ROBUST,False
8692,0.3377326935706383,0.0,11.520903555205116,WATCH,MONITOR,-10.0,ROBUST,False
8693,0.33744421777856576,0.0,12.211793251617042,WATCH,MONITOR,-10.0,ROBUST,False
8713,0.16567398562254348,0.0,5.033700567027251,LOW_RISK,NO_ACTION,0.0,ROBUST,False
8714,0.1493854294922944,0.0,4.02535169073515,LOW_RISK,NO_ACTION,0.0,ROBUST,False
8735,0.4920207771905939,0.0,12.75304020942637,WATCH,MONITOR,-10.0,ROBUST,False
8737,0.257487667861215,0.0,9.942756341456828,LOW_RISK,NO_ACTION,0.0,ROBUST,False
8738,0.19096869148941173,0.0,7.313886831633462,LOW_RISK,NO_ACTION,0.0,ROBUST,False
8760,0.16852981778174997,0.0,7.02197642307216,LOW_RISK,NO_ACTION,0.0,ROBUST,False
8770,0.36704068543329404,0.0,11.287416618549733,WATCH,MONITOR,-10.0,ROBUST,False
8802,0.34377811893091154,0.0,10.197983855295579,WATCH,MONITOR,-10.0,ROBUST,False
8803,0.35742084919496697,0.0,11.813570652013716,WATCH,MONITOR,-10.0,ROBUST,False
8864,0.1352024110045809,0.0,13.149493991262707,LOW_RISK,NO_ACTION,0.0,ROBUST,False
8892,0.4574138333993748,0.0,7.13966033596492,WATCH,MONITOR,-10.0,ROBUST,False
8893,0.25570655872361936,0.0,12.037139068454445,LOW_RISK,NO_ACTION,0.0,ROBUST,False
8909,0.22534776257214317,0.0,7.467942332285852,LOW_RISK,NO_ACTION,0.0,ROBUST,False
8922,0.2849445788990957,0.0,7.810758116529357,LOW_RISK,NO_ACTION,0.0,ROBUST,False
8951,0.2560264262990513,0.0,10.524520925120765,LOW_RISK,NO_ACTION,0.0,ROBUST,False
8989,0.44543080125565837,0.0,12.240687576024001,WATCH,MONITOR,-10.0,ROBUST,False
8996,0.4717043900791569,0.0,4.976181866026876,WATCH,MONITOR,-10.0,ROBUST,False
9000,0.2213812865798425,0.0,8.525359754082631,LOW_RISK,NO_ACTION,0.0,ROBUST,False
9002,0.4455743229839819,0.0,7.628517626575055,WATCH,MONITOR,-10.0,ROBUST,False
9034,0.41260925181322683,0.0,10.757682430863003,WATCH,MONITOR,-10.0,ROBUST,False
9053,0.47232306893790477,0.0,10.049084611371011,WATCH,MONITOR,-10.0,ROBUST,False
9054,0.19830012487435514,0.0,9.685393729854024,LOW_RISK,NO_ACTION,0.0,ROBUST,False
9055,0.33078366004839166,0.0,11.518519787526538,WATCH,MONITOR,-10.0,ROBUST,False
9056,0.20981783389617786,0.0,11.201734545667529,LOW_RISK,NO_ACTION,0.0,ROBUST,False
9078,0.42963779619374975,0.0,4.442651256490317,WATCH,MONITOR,-10.0,ROBUST,False
9080,0.10212967622842571,0.0,7.315484488743369,LOW_RISK,NO_ACTION,0.0,ROBUST,False
9081,0.32592766515455845,0.0,7.097548850614793,WATCH,MONITOR,-10.0,ROBUST,False
9085,0.2356813725087672,0.0,9.210440366976517,LOW_RISK,NO_ACTION,0.0,ROBUST,False
9086,0.2290734828311281,0.0,12.688501881189456,LOW_RISK,NO_ACTION,0.0,ROBUST,False
9088,0.35796252954596686,0.0,9.94515718770752,WATCH,MONITOR,-10.0,ROBUST,False
9089,0.44059377972559755,0.0,9.94515718770752,WATCH,MONITOR,-10.0,ROBUST,False
9090,0.34367815655733047,0.0,9.865318286418624,WATCH,MONITOR,-10.0,ROBUST,False
9093,0.44126919145868904,0.0,8.785065336545193,WATCH,MONITOR,-10.0,ROBUST,False
9095,0.6966237496749534,43.54354008948736,13.304686600863562,HIGH_RISK,SUPPLIER_ESCALATION,200.02660937320252,ROBUST,True
9096,0.3078007419059925,0.0,11.695255355062795,WATCH,MONITOR,-10.0,ROBUST,False
9100,0.2802146156268304,0.0,11.695255355062795,LOW_RISK,NO_ACTION,0.0,ROBUST,False
9145,0.10465795980123849,0.0,9.862717639992917,LOW_RISK,NO_ACTION,0.0,ROBUST,False
9151,0.32272485725629607,0.0,11.782166033377152,WATCH,MONITOR,-10.0,ROBUST,False
9154,0.36460972965846994,0.0,9.575052927597383,WATCH,MONITOR,-10.0,ROBUST,False
9173,0.33676576176762807,0.0,6.9782137426306985,WATCH,MONITOR,-10.0,ROBUST,False
9179,0.3945119595133686,0.0,7.783640596221253,WATCH,MONITOR,-10.0,ROBUST,False
9187,0.3285358113812309,0.0,6.329720905522696,WATCH,MONITOR,-10.0,ROBUST,False
9200,0.1267001019403028,0.0,9.742203154807973,LOW_RISK,NO_ACTION,0.0,ROBUST,False
9201,0.14657820963388457,0.0,9.27532254468584,LOW_RISK,NO_ACTION,0.0,ROBUST,False
9202,0.338589831017581,0.0,7.936302693201959,WATCH,MONITOR,-10.0,ROBUST,False
9225,0.20999167678945607,0.0,12.233206179086634,LOW_RISK,NO_ACTION,0.0,ROBUST,False
9316,0.13185805161390635,0.0,12.54254845357358,LOW_RISK,NO_ACTION,0.0,ROBUST,False
9321,0.27184109737941875,0.0,8.966351049480343,LOW_RISK,NO_ACTION,0.0,ROBUST,False
9331,0.3217290392334622,0.0,11.456365695436427,WATCH,MONITOR,-10.0,ROBUST,False
9352,0.23149839533984262,0.0,12.206077645517674,LOW_RISK,NO_ACTION,0.0,ROBUST,False
9353,0.38817348089031123,0.0,8.160803920954665,WATCH,MONITOR,-10.0,ROBUST,False
9366,0.3575082432404979,0.0,9.2179116374725,WATCH,MONITOR,-10.0,ROBUST,False
9389,0.2331273444366688,0.0,8.083637203141548,LOW_RISK,NO_ACTION,0.0,ROBUST,False
9390,0.4019490115634242,0.0,8.160803920954665,WATCH,MONITOR,-10.0,ROBUST,False
9422,0.35947801701321425,0.0,11.095172671522906,WATCH,MONITOR,-10.0,ROBUST,False
9487,0.35497815148716083,0.0,11.072216525421487,WATCH,MONITOR,-10.0,ROBUST,False
9488,0.3213710803148272,0.0,10.638280388314705,WATCH,MONITOR,-10.0,ROBUST,False
9489,0.6458577417552996,2.5078295016000567,8.522976436171964,HIGH_RISK,SUPPLIER_ESCALATION,200.01704595287234,ROBUST,True
9499,0.3786028733907557,0.0,13.248192621992787,WATCH,MONITOR,-10.0,ROBUST,False
9530,0.2504167164436626,0.0,6.035481432524756,LOW_RISK,NO_ACTION,0.0,ROBUST,False
9536,0.4770438840634622,0.0,5.631211781821365,WATCH,MONITOR,-10.0,ROBUST,False
9550,0.4271939084308821,0.0,2.174751721484161,WATCH,MONITOR,-10.0,ROBUST,False
9564,0.6520120785884265,76.04354612387374,4.076180591594429,HIGH_RISK,TRANSPORT_MODE_REVIEW,350.0122285417747,ROBUST,True
9565,0.20087279272770778,0.0,9.569831347174397,LOW_RISK,NO_ACTION,0.0,ROBUST,False
9566,0.18148695731106665,0.0,8.101071503119543,LOW_RISK,NO_ACTION,0.0,ROBUST,False
9567,0.23615393507101967,0.0,8.253097428770598,LOW_RISK,NO_ACTION,0.0,ROBUST,False
9578,0.2906271774320074,0.0,10.455963627557306,LOW_RISK,NO_ACTION,0.0,ROBUST,False
9579,0.21842620401557886,0.0,12.247281765107854,LOW_RISK,NO_ACTION,0.0,ROBUST,False
9585,0.30597179815699316,0.0,12.041203898548972,WATCH,MONITOR,-10.0,ROBUST,False
9603,0.1661481702052744,0.0,8.139440521874608,LOW_RISK,NO_ACTION,0.0,ROBUST,False
9628,0.4910851251302,0.0,9.75722402055735,WATCH,MONITOR,-10.0,ROBUST,False
9629,0.14316982198599756,0.0,10.086350629348315,LOW_RISK,NO_ACTION,0.0,ROBUST,False
9639,0.4727776558617488,0.0,11.066419588412538,WATCH,MONITOR,-10.0,ROBUST,False
9640,0.465431204561078,0.0,10.08318065797639,WATCH,MONITOR,-10.0,ROBUST,False
9655,0.31014419272779925,0.0,7.720017940432244,WATCH,MONITOR,-10.0,ROBUST,False
9656,0.38996410873443377,0.0,4.531523645819793,WATCH,MONITOR,-10.0,ROBUST,False
9657,0.27441931918903517,0.0,8.495152060539358,LOW_RISK,NO_ACTION,0.0,ROBUST,False
9658,0.35201383101697525,0.0,6.391917113392602,WATCH,MONITOR,-10.0,ROBUST,False
9669,0.23623037496844748,0.0,7.934155233536322,LOW_RISK,NO_ACTION,0.0,ROBUST,False
9673,0.22046360791417816,0.0,8.947285869349132,LOW_RISK,NO_ACTION,0.0,ROBUST,False
9675,0.3312919144678055,0.0,11.65892357414749,WATCH,MONITOR,-10.0,ROBUST,False
9676,0.2992518696735922,0.0,10.223378795393941,LOW_RISK,NO_ACTION,0.0,ROBUST,False
9694,0.3318145476599924,0.0,7.77779262633883,WATCH,MONITOR,-10.0,ROBUST,False
9749,0.2146642325148092,0.0,11.708960888685242,LOW_RISK,NO_ACTION,0.0,ROBUST,False
9750,0.2467831327267981,0.0,10.851482356729138,LOW_RISK,NO_ACTION,0.0,ROBUST,False
9804,0.13355918425156374,0.0,7.269533180656772,LOW_RISK,NO_ACTION,0.0,ROBUST,False
9815,0.1209105489088823,0.0,2.7053799725463312,LOW_RISK,NO_ACTION,0.0,ROBUST,False
9836,0.20138285186920651,0.0,13.744636274874791,LOW_RISK,NO_ACTION,0.0,ROBUST,False
9841,0.12969874373221832,0.0,7.345158234181791,LOW_RISK,NO_ACTION,0.0,ROBUST,False
9842,0.14150988345389628,0.0,7.345158234181791,LOW_RISK,NO_ACTION,0.0,ROBUST,False
9866,0.4251713621575749,0.0,13.161768650448462,WATCH,MONITOR,-10.0,ROBUST,False
9874,0.11554947880667572,0.0,7.427144133408616,LOW_RISK,NO_ACTION,0.0,ROBUST,False
9916,0.3635771175738971,0.0,6.775366090936392,WATCH,MONITOR,-10.0,ROBUST,False
9918,0.20902309952616022,0.0,9.648530784697051,LOW_RISK,NO_ACTION,0.0,ROBUST,False
9933,0.4486182722832506,0.0,11.988880101792738,WATCH,MONITOR,-10.0,ROBUST,False
9939,0.2939969138309998,0.0,4.948759890378168,LOW_RISK,NO_ACTION,0.0,ROBUST,False
9952,0.2222305837311303,0.0,9.546884034617925,LOW_RISK,NO_ACTION,0.0,ROBUST,False
9960,0.3070555742757738,0.0,2.3978952727983707,WATCH,MONITOR,-10.0,ROBUST,False
10062,0.2527832076181076,0.0,9.72432500082734,LOW_RISK,NO_ACTION,0.0,ROBUST,False
10063,0.3257204258679321,0.0,9.5029890901983,WATCH,MONITOR,-10.0,ROBUST,False
10085,0.1458131473305393,0.0,12.436295082308677,LOW_RISK,NO_ACTION,0.0,ROBUST,False
10086,0.49879620112502043,0.0,11.514903507353855,WATCH,MONITOR,-10.0,ROBUST,False
10089,0.27022235107868703,0.0,8.160803920954665,LOW_RISK,NO_ACTION,0.0,ROBUST,False
10102,0.23929225588294747,0.0,12.576811724243257,LOW_RISK,NO_ACTION,0.0,ROBUST,False
10126,0.384083939326506,0.0,11.685144495996623,WATCH,MONITOR,-10.0,ROBUST,False
10155,0.245559762598133,0.0,11.108754519072777,LOW_RISK,NO_ACTION,0.0,ROBUST,False
10228,0.4333097220115031,0.0,10.026633957357836,WATCH,MONITOR,-10.0,ROBUST,False
10229,0.2817082897441701,0.0,10.389659762943447,LOW_RISK,NO_ACTION,0.0,ROBUST,False
10239,0.387823365306174,0.0,12.45293662970407,WATCH,MONITOR,-10.0,ROBUST,False
10240,0.14298128657675463,0.0,9.44549154241467,LOW_RISK,NO_ACTION,0.0,ROBUST,False
10246,0.4384476742220448,0.0,9.222897203942138,WATCH,MONITOR,-10.0,ROBUST,False
10282,0.39428719471124396,0.0,10.335821764746314,WATCH,MONITOR,-10.0,ROBUST,False
10298,0.1846867113847863,0.0,11.561725152903833,LOW_RISK,NO_ACTION,0.0,ROBUST,False
10350,0.15811440389831466,0.0,6.255750041753367,LOW_RISK,NO_ACTION,0.0,ROBUST,False
10351,0.22651693949024976,0.0,8.174984532943087,LOW_RISK,NO_ACTION,0.0,ROBUST,False
10364,0.49042823441276173,0.0,9.891465577308802,WATCH,MONITOR,-10.0,ROBUST,False
10365,0.20273262982682347,0.0,11.132587021579644,LOW_RISK,NO_ACTION,0.0,ROBUST,False
10366,0.28245088357865333,0.0,10.072239118738883,LOW_RISK,NO_ACTION,0.0,ROBUST,False
10367,0.11200809028693454,0.0,10.532656055217016,LOW_RISK,NO_ACTION,0.0,ROBUST,False
10368,0.258891011826493,0.0,8.639587799629844,LOW_RISK,NO_ACTION,0.0,ROBUST,False
10386,0.32852800617324107,0.0,11.079570011971137,WATCH,MONITOR,-10.0,ROBUST,False
10388,0.481249845003186,0.0,8.597666575566114,WATCH,MONITOR,-10.0,ROBUST,False
10389,0.3066944179760258,0.0,8.192847134592865,WATCH,MONITOR,-10.0,ROBUST,False
10390,0.42764293047107516,0.0,7.586499229231339,WATCH,MONITOR,-10.0,ROBUST,False
10395,0.3188510570275602,0.0,9.952325334619427,WATCH,MONITOR,-10.0,ROBUST,False
10401,0.11631400537420725,0.0,13.304686600863562,LOW_RISK,NO_ACTION,0.0,ROBUST,False
10406,0.22600331007590962,0.0,13.144987510702267,LOW_RISK,NO_ACTION,0.0,ROBUST,False
10416,0.3302198031324413,0.0,12.76175212492979,WATCH,MONITOR,-10.0,ROBUST,False
10438,0.48023758637244973,0.0,11.893612790194467,WATCH,MONITOR,-10.0,ROBUST,False
10446,0.44365214390049335,0.0,7.814399633804487,WATCH,MONITOR,-10.0,ROBUST,False
10464,0.19134224567153907,0.0,11.173964133120124,LOW_RISK,NO_ACTION,0.0,ROBUST,False
10472,0.18804393200766542,0.0,8.393216011596527,LOW_RISK,NO_ACTION,0.0,ROBUST,False
10476,0.18046918684556032,0.0,8.119993827725105,LOW_RISK,NO_ACTION,0.0,ROBUST,False
10477,0.4689995585210013,0.0,9.287394001418473,WATCH,MONITOR,-10.0,ROBUST,False
10498,0.44106646124068827,0.0,9.062420241899561,WATCH,MONITOR,-10.0,ROBUST,False
10499,0.4099533729011795,0.0,7.80710329012598,WATCH,MONITOR,-10.0,ROBUST,False
10500,0.2570940456896911,0.0,7.252053951852814,LOW_RISK,NO_ACTION,0.0,ROBUST,False
10501,0.30175228171950674,0.0,7.292337176173877,WATCH,MONITOR,-10.0,ROBUST,False
10503,0.2857326979180611,0.0,12.100717685412471,LOW_RISK,NO_ACTION,0.0,ROBUST,False
10504,0.20135924302374908,0.0,8.253488028345904,LOW_RISK,NO_ACTION,0.0,ROBUST,False
12929,0.8719416332893641,3.146979982834845,4.394449154672439,CRITICAL,HUMAN_REVIEW,-50.0,SENSITIVE,True
12935,0.1121986191411018,0.0,11.223535267837093,LOW_RISK,NO_ACTION,0.0,ROBUST,False
12959,0.15272414939898368,0.0,13.127153884580006,LOW_RISK,NO_ACTION,0.0,ROBUST,False
12973,0.4546358384675786,0.0,6.531460548173753,WATCH,MONITOR,-10.0,ROBUST,False
12981,0.40067190681256937,0.0,8.988570876215118,WATCH,MONITOR,-10.0,ROBUST,False
13004,0.26914736362363484,0.0,7.916078096302786,LOW_RISK,NO_ACTION,0.0,ROBUST,False
13007,0.3068601449135509,0.0,11.673691358798466,WATCH,MONITOR,-10.0,ROBUST,False
13016,0.247999554383991,0.0,8.959118796527177,LOW_RISK,NO_ACTION,0.0,ROBUST,False
13020,0.39631194686426896,0.0,3.9219733362813143,WATCH,MONITOR,-10.0,ROBUST,False
13027,0.4136748716928319,0.0,9.828278974938373,WATCH,MONITOR,-10.0,ROBUST,False
13038,0.8681677749152873,40.929010673745964,11.80286688317711,CRITICAL,HUMAN_REVIEW,-50.0,ROBUST,True
13064,0.38904468993377983,0.0,7.1287364941316635,WATCH,MONITOR,-10.0,ROBUST,False
13091,0.18180173547711834,0.0,5.337393838529829,LOW_RISK,NO_ACTION,0.0,ROBUST,False
13093,0.23518799169619153,0.0,11.791586974200927,LOW_RISK,NO_ACTION,0.0,ROBUST,False
13106,0.28793817399347,0.0,10.947309210188068,LOW_RISK,NO_ACTION,0.0,ROBUST,False
13115,0.23231719657106226,0.0,6.085432917998325,LOW_RISK,NO_ACTION,0.0,ROBUST,False
13138,0.6100597304207338,0.8263106813644578,12.405812453305339,HIGH_RISK,HUMAN_REVIEW,-50.0,SENSITIVE,True
13151,0.2317414096999819,0.0,4.365643155423357,LOW_RISK,NO_ACTION,0.0,ROBUST,False
13161,0.15529283471413488,0.0,12.489809156983123,LOW_RISK,NO_ACTION,0.0,ROBUST,False
13205,0.25961618081932164,0.0,12.409017571151187,LOW_RISK,NO_ACTION,0.0,ROBUST,False
13231,0.4919657731129522,0.0,5.96758160664465,WATCH,MONITOR,-10.0,ROBUST,False
13275,0.19035256517343035,0.0,12.087294740154986,LOW_RISK,NO_ACTION,0.0,ROBUST,False
13277,0.34486346357729164,0.0,9.536834420213353,WATCH,MONITOR,-10.0,ROBUST,False
13302,0.2731892199358825,0.0,14.00711679507232,LOW_RISK,NO_ACTION,0.0,ROBUST,False
13311,0.12840982705973067,0.0,11.982935344196433,LOW_RISK,NO_ACTION,0.0,ROBUST,False
13379,0.29515064239922384,0.0,14.84558094487187,LOW_RISK,NO_ACTION,0.0,ROBUST,False
13476,0.380865731459325,0.0,8.588098898931968,WATCH,MONITOR,-10.0,ROBUST,False
13481,0.3052879903311275,0.0,7.509225670970178,WATCH,MONITOR,-10.0,ROBUST,False
13487,0.4488424254986324,0.0,12.45293662970407,WATCH,MONITOR,-10.0,ROBUST,False
13544,0.21557480666303308,0.0,9.642836819135377,LOW_RISK,NO_ACTION,0.0,ROBUST,False
13547,0.13449966852158599,0.0,7.80994708647679,LOW_RISK,NO_ACTION,0.0,ROBUST,False
13555,0.47462624466320247,0.0,11.564578194753137,WATCH,MONITOR,-10.0,ROBUST,False
13568,0.2512785398112876,0.0,7.357160714552667,LOW_RISK,NO_ACTION,0.0,ROBUST,False
13571,0.33056222058145335,0.0,6.3578422665081,WATCH,MONITOR,-10.0,ROBUST,False
13581,0.4168012504520784,0.0,10.314304978070902,WATCH,MONITOR,-10.0,ROBUST,False
13608,0.22972546555023224,0.0,9.113388845899733,LOW_RISK,NO_ACTION,0.0,ROBUST,False
13648,0.3864658152710445,0.0,9.344958673700944,WATCH,MONITOR,-10.0,ROBUST,False
13652,0.15416753992713123,0.0,11.847803574502905,LOW_RISK,NO_ACTION,0.0,ROBUST,False
13696,0.21651749888220212,0.0,6.001909804969521,LOW_RISK,NO_ACTION,0.0,ROBUST,False
13700,0.15788425445460796,0.0,12.560082902341524,LOW_RISK,NO_ACTION,0.0,ROBUST,False
13708,0.42449222336054315,0.0,6.932447891572509,WATCH,MONITOR,-10.0,ROBUST,False
13739,0.18905969409071416,0.0,8.255360785486916,LOW_RISK,NO_ACTION,0.0,ROBUST,False
13748,0.3869614221620842,0.0,9.153875834995056,WATCH,MONITOR,-10.0,ROBUST,False
13761,0.47731935889826105,0.0,8.306037497747354,WATCH,MONITOR,-10.0,ROBUST,False
13766,0.31110888362755085,0.0,9.561067663645012,WATCH,MONITOR,-10.0,ROBUST,False
13809,0.3160116769042751,0.0,11.315461843566249,WATCH,MONITOR,-10.0,ROBUST,False
13817,0.2844134272391248,0.0,11.931086306779493,LOW_RISK,NO_ACTION,0.0,ROBUST,False
13841,0.23035605735745712,0.0,13.431595887077547,LOW_RISK,NO_ACTION,0.0,ROBUST,False
13842,0.29026201236996685,0.0,7.069874128458572,LOW_RISK,NO_ACTION,0.0,ROBUST,False
13845,0.34112301290670377,0.0,7.4222959932456,WATCH,MONITOR,-10.0,ROBUST,False
13862,0.49439662886826374,0.0,9.70643807033756,WATCH,MONITOR,-10.0,ROBUST,False
13874,0.4751058237272897,0.0,10.750814841061748,WATCH,MONITOR,-10.0,ROBUST,False
13886,0.4448611833172488,0.0,8.265907334155747,WATCH,MONITOR,-10.0,ROBUST,False
13897,0.45565221428194336,0.0,13.51240752467984,WATCH,MONITOR,-10.0,ROBUST,False
13899,0.2871396733168172,0.0,5.612032616046633,LOW_RISK,NO_ACTION,0.0,ROBUST,False
13900,0.36297773087098595,0.0,9.066354521447801,WATCH,MONITOR,-10.0,ROBUST,False
13903,0.45802668917448564,0.0,9.131729971394272,WATCH,MONITOR,-10.0,ROBUST,False
13904,0.25718030599654124,0.0,11.060415918027074,LOW_RISK,NO_ACTION,0.0,ROBUST,False
13915,0.48470499133818756,0.0,12.765691290604371,WATCH,MONITOR,-10.0,ROBUST,False
13926,0.8776705538720329,87.66445627571903,11.959778423472011,CRITICAL,HUMAN_REVIEW,-50.0,ROBUST,True
13959,0.3404330661572863,0.0,9.898525260706313,WATCH,MONITOR,-10.0,ROBUST,False
13968,0.3839218853089488,0.0,7.02197642307216,WATCH,MONITOR,-10.0,ROBUST,False
13978,0.4802368052303754,0.0,11.039744794268671,WATCH,MONITOR,-10.0,ROBUST,False
13988,0.19784650962090644,0.0,8.902591637374087,LOW_RISK,NO_ACTION,0.0,ROBUST,False
14016,0.39845239129545695,0.0,9.668334677096187,WATCH,MONITOR,-10.0,ROBUST,False
14018,0.30832623445763285,0.0,12.719186170054085,WATCH,MONITOR,-10.0,ROBUST,False
14023,0.20742285624825643,0.0,8.101314044959201,LOW_RISK,NO_ACTION,0.0,ROBUST,False
14043,0.41064273591855627,0.0,10.216215833592425,WATCH,MONITOR,-10.0,ROBUST,False
14079,0.3208889120695386,0.0,0.0,WATCH,MONITOR,-10.0,ROBUST,False
14097,0.36438952825987037,0.0,12.537966560469918,WATCH,MONITOR,-10.0,ROBUST,False
14178,0.6164284916466094,35.35958095158406,12.206077645517674,HIGH_RISK,TRANSPORT_MODE_REVIEW,350.03661823293714,ROBUST,True
14180,0.29250958073104205,0.0,12.624786269856633,LOW_RISK,NO_ACTION,0.0,ROBUST,False
14195,0.34694170039522687,0.0,9.772319080300786,WATCH,MONITOR,-10.0,ROBUST,False
14200,0.2619643257079376,0.0,7.411036515290592,LOW_RISK,NO_ACTION,0.0,ROBUST,False
14210,0.17934901593908054,0.0,11.626263078808801,LOW_RISK,NO_ACTION,0.0,ROBUST,False
14230,0.4846561969261216,0.0,9.419709489868552,WATCH,MONITOR,-10.0,ROBUST,False
14240,0.30458701601704696,0.0,8.737292112544221,WATCH,MONITOR,-10.0,ROBUST,False
14241,0.39356814811508023,0.0,8.71028982137815,WATCH,MONITOR,-10.0,ROBUST,False
14252,0.26441887742242326,0.0,9.721833772729482,LOW_RISK,NO_ACTION,0.0,ROBUST,False
14265,0.24205270561028655,0.0,6.189392849281128,LOW_RISK,NO_ACTION,0.0,ROBUST,False
14278,0.26286571938685,0.0,11.800214960373722,LOW_RISK,NO_ACTION,0.0,ROBUST,False
14279,0.2636786575142599,0.0,12.746515516431714,LOW_RISK,NO_ACTION,0.0,ROBUST,False
14286,0.3176720463767815,0.0,10.916923143796645,WATCH,MONITOR,-10.0,ROBUST,False
14291,0.31738794799254527,0.0,8.987321812850125,WATCH,MONITOR,-10.0,ROBUST,False
14309,0.29886152635314867,0.0,12.353832260224891,LOW_RISK,NO_ACTION,0.0,ROBUST,False
14323,0.15391431396697525,0.0,9.036106025364846,LOW_RISK,NO_ACTION,0.0,ROBUST,False
14331,0.29843019140021243,0.0,10.040332200263972,LOW_RISK,NO_ACTION,0.0,ROBUST,False
14348,0.1676415601682606,0.0,12.111305818083217,LOW_RISK,NO_ACTION,0.0,ROBUST,False
14364,0.15045431451830607,0.0,6.432795387736153,LOW_RISK,NO_ACTION,0.0,ROBUST,False
14384,0.4730582869364671,0.0,10.390640783110909,WATCH,MONITOR,-10.0,ROBUST,False
14404,0.3419800052590817,0.0,12.972704925727596,WATCH,MONITOR,-10.0,ROBUST,False
14409,0.36379602324983373,0.0,13.002703331265423,WATCH,MONITOR,-10.0,ROBUST,False
14410,0.2607174681333455,0.0,10.790473050017694,LOW_RISK,NO_ACTION,0.0,ROBUST,False
14412,0.4635923567659457,0.0,7.616923435596261,WATCH,MONITOR,-10.0,ROBUST,False
14431,0.3551721958318662,0.0,9.764859766762156,WATCH,MONITOR,-10.0,ROBUST,False
14433,0.40766794780943505,0.0,8.449077078321437,WATCH,MONITOR,-10.0,ROBUST,False
14437,0.24742498761108556,0.0,3.95928819789526,LOW_RISK,NO_ACTION,0.0,ROBUST,False
14440,0.48400475232765017,0.0,12.54454644910768,WATCH,MONITOR,-10.0,ROBUST,False
14447,0.4281845160633261,0.0,10.162420938264159,WATCH,MONITOR,-10.0,ROBUST,False
14508,0.4415793852058175,0.0,12.294088101596984,WATCH,MONITOR,-10.0,ROBUST,False
14542,0.7506585030993728,188.47304788318786,9.861936125377893,HIGH_RISK,TRANSPORT_MODE_REVIEW,350.0295858083773,ROBUST,True
14564,0.2083852831484878,0.0,4.845917871250658,LOW_RISK,NO_ACTION,0.0,ROBUST,False
14571,0.21425063987343085,0.0,12.405812453305339,LOW_RISK,NO_ACTION,0.0,ROBUST,False
14578,0.2083636892987485,0.0,9.915465529295535,LOW_RISK,NO_ACTION,0.0,ROBUST,False
14605,0.4421632648417152,0.0,12.351294611333179,WATCH,MONITOR,-10.0,ROBUST,False
14628,0.11275391808343685,0.0,7.120824251724751,LOW_RISK,NO_ACTION,0.0,ROBUST,False
14658,0.13043999559230973,0.0,11.153508192855876,LOW_RISK,NO_ACTION,0.0,ROBUST,False
14665,0.2095659482519615,0.0,11.489462346242421,LOW_RISK,NO_ACTION,0.0,ROBUST,False
14694,0.17994918985977748,0.0,10.950824090522445,LOW_RISK,NO_ACTION,0.0,ROBUST,False
14710,0.19274384555313936,0.0,11.397815802664779,LOW_RISK,NO_ACTION,0.0,ROBUST,False
14743,0.41917727570132,0.0,13.371371147393313,WATCH,MONITOR,-10.0,ROBUST,False
14785,0.32525063755681877,0.0,12.45293662970407,WATCH,MONITOR,-10.0,ROBUST,False
14803,0.1023082645171872,0.0,9.59411867884676,LOW_RISK,NO_ACTION,0.0,ROBUST,False
14811,0.2717291062816781,0.0,11.509589908180727,LOW_RISK,NO_ACTION,0.0,ROBUST,False
14820,0.2631539707401436,0.0,12.046848282981829,LOW_RISK,NO_ACTION,0.0,ROBUST,False
14846,0.14557810777781743,0.0,7.5230490203372185,LOW_RISK,NO_ACTION,0.0,ROBUST,False
14871,0.3704567154405829,0.0,8.220376188915012,WATCH,MONITOR,-10.0,ROBUST,False
14874,0.3808388753517965,0.0,12.879223730080074,WATCH,MONITOR,-10.0,ROBUST,False
14929,0.3883572876208391,0.0,5.840147349176718,WATCH,MONITOR,-10.0,ROBUST,False
14931,0.39138837822343686,0.0,10.688999670839015,WATCH,MONITOR,-10.0,ROBUST,False
14941,0.10002113077291873,0.0,12.095705171506136,LOW_RISK,NO_ACTION,0.0,ROBUST,False
14943,0.4815683215386889,0.0,8.229777750081887,WATCH,MONITOR,-10.0,ROBUST,False
14970,0.4256835068218653,0.0,7.79081182265096,WATCH,MONITOR,-10.0,ROBUST,False
14988,0.4615926786357142,0.0,10.308752640641625,WATCH,MONITOR,-10.0,ROBUST,False
15004,0.10625731812297366,0.0,9.389793652529244,LOW_RISK,NO_ACTION,0.0,ROBUST,False
15005,0.47354351831429575,0.0,12.455184093475252,WATCH,MONITOR,-10.0,ROBUST,False
15011,0.4239154114752419,0.0,12.036087323530834,WATCH,MONITOR,-10.0,ROBUST,False
15012,0.43488765718347944,0.0,9.792589510820152,WATCH,MONITOR,-10.0,ROBUST,False
15046,0.13731495388878742,0.0,4.277082698901271,LOW_RISK,NO_ACTION,0.0,ROBUST,False
15051,0.39551121156743907,0.0,11.3919887115697,WATCH,MONITOR,-10.0,ROBUST,False
15115,0.4839666758568364,0.0,6.9930151229329605,WATCH,MONITOR,-10.0,ROBUST,False
15131,0.3714189365672643,0.0,13.081543466215237,WATCH,MONITOR,-10.0,ROBUST,False
15142,0.3282245618498426,0.0,10.892149177286436,WATCH,MONITOR,-10.0,ROBUST,False
15149,0.47825187109959877,0.0,10.596659732783579,WATCH,MONITOR,-10.0,ROBUST,False
15176,0.6059131613263092,65.56686471933105,10.89897755957152,HIGH_RISK,SUPPLIER_ESCALATION,200.02179795511984,ROBUST,True
15195,0.33971742652419146,0.0,9.433643910491758,WATCH,MONITOR,-10.0,ROBUST,False
15240,0.2905353173977465,0.0,7.8486410577116725,LOW_RISK,NO_ACTION,0.0,ROBUST,False
15248,0.47313848854411966,0.0,12.110365386900487,WATCH,MONITOR,-10.0,ROBUST,False
15283,0.13043389070620293,0.0,11.671509161585975,LOW_RISK,NO_ACTION,0.0,ROBUST,False
15298,0.30044788033013925,0.0,4.610456190417329,WATCH,MONITOR,-10.0,ROBUST,False
15352,0.3747809765541753,0.0,6.756234471340894,WATCH,MONITOR,-10.0,ROBUST,False
15356,0.4167626153688948,0.0,7.02197642307216,WATCH,MONITOR,-10.0,ROBUST,False
15368,0.3332074589776546,0.0,10.981097494532479,WATCH,MONITOR,-10.0,ROBUST,False
15382,0.4635670976485816,0.0,8.776630098427717,WATCH,MONITOR,-10.0,ROBUST,False
15399,0.47679657875354875,0.0,11.082157933374816,WATCH,MONITOR,-10.0,ROBUST,False
15405,0.1257276892774334,0.0,10.626911723980346,LOW_RISK,NO_ACTION,0.0,ROBUST,False
15423,0.26094821581654976,0.0,11.626263078808801,LOW_RISK,NO_ACTION,0.0,ROBUST,False
15460,0.10938360868846178,0.0,12.044495742774082,LOW_RISK,NO_ACTION,0.0,ROBUST,False
15499,0.23176666294977719,0.0,12.508844049246601,LOW_RISK,NO_ACTION,0.0,ROBUST,False
15554,0.31474728718824085,0.0,8.82633827666684,WATCH,MONITOR,-10.0,ROBUST,False
15596,0.4643179722039795,0.0,12.140792516135832,WATCH,MONITOR,-10.0,ROBUST,False
15619,0.43862172898616114,0.0,7.562421472723801,WATCH,MONITOR,-10.0,ROBUST,False
15625,0.1509998906687943,0.0,12.83904775810575,LOW_RISK,NO_ACTION,0.0,ROBUST,False
15642,0.1372121498963583,0.0,11.35358735365526,LOW_RISK,NO_ACTION,0.0,ROBUST,False
15643,0.33570693550266684,0.0,11.06665398721974,WATCH,MONITOR,-10.0,ROBUST,False
15656,0.31284718898351305,0.0,8.804024902413179,WATCH,MONITOR,-10.0,ROBUST,False
15670,0.7264273651777494,8.198650040210076,11.262407505138388,HIGH_RISK,TRANSPORT_MODE_REVIEW,350.03378722251534,ROBUST,True
15687,0.45978123382153413,0.0,10.143409555089155,WATCH,MONITOR,-10.0,ROBUST,False
15695,0.4709465637846214,0.0,12.393711374409829,WATCH,MONITOR,-10.0,ROBUST,False
15726,0.26104457533606507,0.0,13.272782589672126,LOW_RISK,NO_ACTION,0.0,ROBUST,False
15727,0.4561210228454081,0.0,10.571342565808699,WATCH,MONITOR,-10.0,ROBUST,False
15738,0.25357955770518903,0.0,9.13830716907635,LOW_RISK,NO_ACTION,0.0,ROBUST,False
15751,0.3947267327318801,0.0,9.811427086686914,WATCH,MONITOR,-10.0,ROBUST,False
15772,0.2903768870190897,0.0,12.655557828842689,LOW_RISK,NO_ACTION,0.0,ROBUST,False
15778,0.1490332626028732,0.0,9.766579035268668,LOW_RISK,NO_ACTION,0.0,ROBUST,False
15788,0.4711736804948087,0.0,5.420534999272286,WATCH,MONITOR,-10.0,ROBUST,False
15795,0.2816386373510147,0.0,5.381600970684774,LOW_RISK,NO_ACTION,0.0,ROBUST,False
15804,0.3937948161289615,0.0,7.550135342488429,WATCH,MONITOR,-10.0,ROBUST,False
15813,0.24686952577251686,0.0,12.138090334683344,LOW_RISK,NO_ACTION,0.0,ROBUST,False
15815,0.10755235143049387,0.0,8.272583379735432,LOW_RISK,NO_ACTION,0.0,ROBUST,False
15825,0.14021214347673439,0.0,9.45727857185611,LOW_RISK,NO_ACTION,0.0,ROBUST,False
15867,0.6420339527299358,1.723168795283541,12.305379826671317,HIGH_RISK,SUPPLIER_ESCALATION,158.4965235390626,SENSITIVE,True
15879,0.375985742850545,0.0,13.81306005794011,WATCH,MONITOR,-10.0,ROBUST,False
15894,0.23389413063171163,0.0,12.3396240379547,LOW_RISK,NO_ACTION,0.0,ROBUST,False
15909,0.8683656680682275,26.409522198481756,12.117771837581639,CRITICAL,HUMAN_REVIEW,-50.0,ROBUST,True
15930,0.3794542357727825,0.0,12.034388312337411,WATCH,MONITOR,-10.0,ROBUST,False
15946,0.38157436293113234,0.0,10.428245666832275,WATCH,MONITOR,-10.0,ROBUST,False
15984,0.29700874160820334,0.0,13.758207070072181,LOW_RISK,NO_ACTION,0.0,ROBUST,False
15994,0.46595446004860164,0.0,6.971246376763335,WATCH,MONITOR,-10.0,ROBUST,False
15999,0.29567860719224626,0.0,12.59860238465522,LOW_RISK,NO_ACTION,0.0,ROBUST,False
16044,0.2801060773986553,0.0,10.396413936414287,LOW_RISK,NO_ACTION,0.0,ROBUST,False
16053,0.1797523276042508,0.0,10.162822232443254,LOW_RISK,NO_ACTION,0.0,ROBUST,False
16071,0.6418068222218473,53.452047111571545,12.01643640152088,HIGH_RISK,TRANSPORT_MODE_REVIEW,350.0360493092048,ROBUST,True
16084,0.11693379700732134,0.0,2.4865719291070616,LOW_RISK,NO_ACTION,0.0,ROBUST,False
16085,0.3534141174464681,0.0,9.094480485881647,WATCH,MONITOR,-10.0,ROBUST,False
16097,0.19941429757083717,0.0,12.736988972741484,LOW_RISK,NO_ACTION,0.0,ROBUST,False
16098,0.22166210179418605,0.0,9.475470039957452,LOW_RISK,NO_ACTION,0.0,ROBUST,False
16099,0.6816921979558107,76.76329082353443,9.62381994495818,HIGH_RISK,TRANSPORT_MODE_REVIEW,350.0288714598355,ROBUST,True
16104,0.23088847326458156,0.0,10.703266939811954,LOW_RISK,NO_ACTION,0.0,ROBUST,False
16173,0.1968783568052569,0.0,10.872067083118937,LOW_RISK,NO_ACTION,0.0,ROBUST,False
16186,0.16762309965348232,0.0,12.122937527948762,LOW_RISK,NO_ACTION,0.0,ROBUST,False
16213,0.4099433608727824,0.0,9.343769259347221,WATCH,MONITOR,-10.0,ROBUST,False
16231,0.15188250319601077,0.0,12.206077645517674,LOW_RISK,NO_ACTION,0.0,ROBUST,False
16232,0.2815015041001414,0.0,8.193814854306183,LOW_RISK,NO_ACTION,0.0,ROBUST,False
16236,0.30277204643087774,0.0,10.001906531376905,WATCH,MONITOR,-10.0,ROBUST,False
16255,0.37495596507428586,0.0,13.475709587249941,WATCH,MONITOR,-10.0,ROBUST,False
16277,0.3533133929331982,0.0,6.725033642166843,WATCH,MONITOR,-10.0,ROBUST,False
16291,0.42428826917806994,0.0,12.44911685855072,WATCH,MONITOR,-10.0,ROBUST,False
16379,0.11790057357049527,0.0,6.6118259579422745,LOW_RISK,NO_ACTION,0.0,ROBUST,False
16391,0.8700055925544316,4.530648140129335,9.093918908958932,CRITICAL,TRANSPORT_MODE_REVIEW,350.02728175672684,ROBUST,True
16398,0.2120536475101519,0.0,13.562187399248867,LOW_RISK,NO_ACTION,0.0,ROBUST,False
16462,0.1584067622368433,0.0,7.82825314842889,LOW_RISK,NO_ACTION,0.0,ROBUST,False
16473,0.21567130154257727,0.0,12.206077645517674,LOW_RISK,NO_ACTION,0.0,ROBUST,False
16496,0.2239061256571614,0.0,12.758810549239202,LOW_RISK,NO_ACTION,0.0,ROBUST,False
16504,0.6526113835870349,13.62732912230471,11.542556109291263,HIGH_RISK,SUPPLIER_ESCALATION,200.0230851122185,ROBUST,True
16513,0.3654817915705024,0.0,8.071343493112597,WATCH,MONITOR,-10.0,ROBUST,False
16553,0.2524402054447257,0.0,8.14414493335956,LOW_RISK,NO_ACTION,0.0,ROBUST,False
16556,0.3877880925253525,0.0,11.221877199910628,WATCH,MONITOR,-10.0,ROBUST,False
16619,0.234466135431832,0.0,10.668978650219241,LOW_RISK,NO_ACTION,0.0,ROBUST,False
16656,0.21611347092590416,0.0,11.693208111264795,LOW_RISK,NO_ACTION,0.0,ROBUST,False
16693,0.3164752223428098,0.0,13.907210592665985,WATCH,MONITOR,-10.0,ROBUST,False
16707,0.10948654412231625,0.0,13.423002641707008,LOW_RISK,NO_ACTION,0.0,ROBUST,False
16708,0.13191564945360015,0.0,11.151753280731743,LOW_RISK,NO_ACTION,0.0,ROBUST,False
16725,0.26718781743461084,0.0,8.812992231969966,LOW_RISK,NO_ACTION,0.0,ROBUST,False
16766,0.4771650845567026,0.0,11.434631435800174,WATCH,MONITOR,-10.0,ROBUST,False
16784,0.38860471193736945,0.0,11.719720098063105,WATCH,MONITOR,-10.0,ROBUST,False
16794,0.13525062780022312,0.0,9.591027697200422,LOW_RISK,NO_ACTION,0.0,ROBUST,False
16805,0.43852720511234955,0.0,10.60266153538353,WATCH,MONITOR,-10.0,ROBUST,False
16828,0.3929203082432724,0.0,7.467942332285852,WATCH,MONITOR,-10.0,ROBUST,False
16848,0.3443786102810613,0.0,13.064736383209516,WATCH,MONITOR,-10.0,ROBUST,False
16881,0.42811718424367096,0.0,8.314097335405807,WATCH,MONITOR,-10.0,ROBUST,False
16901,0.26164393909718286,0.0,7.389810989252014,LOW_RISK,NO_ACTION,0.0,ROBUST,False
16921,0.18860042034154112,0.0,10.859942398574704,LOW_RISK,NO_ACTION,0.0,ROBUST,False
16923,0.30480935564350375,0.0,12.33874867243372,WATCH,MONITOR,-10.0,ROBUST,False
16926,0.3195367022373895,0.0,7.7467847646631345,WATCH,MONITOR,-10.0,ROBUST,False
16967,0.3153305488039648,0.0,8.912061012773723,WATCH,MONITOR,-10.0,ROBUST,False
16998,0.6093549405183853,2.2051870792799333,11.218887234879471,HIGH_RISK,SUPPLIER_ESCALATION,200.0224377744698,ROBUST,True
17003,0.4794819672956724,0.0,6.71295620067707,WATCH,MONITOR,-10.0,ROBUST,False
17065,0.46089824923849254,0.0,11.138377459496786,WATCH,MONITOR,-10.0,ROBUST,False
17096,0.6154277440452751,6.634540426174453,12.341656305812064,HIGH_RISK,HUMAN_REVIEW,-49.999999999999886,ROBUST,True
17124,0.4205667243634509,0.0,11.916936115868122,WATCH,MONITOR,-10.0,ROBUST,False
17129,0.4773712429061142,0.0,13.78005020578322,WATCH,MONITOR,-10.0,ROBUST,False
17135,0.1393978566717613,0.0,0.0,LOW_RISK,NO_ACTION,0.0,ROBUST,False
17145,0.20604930457829582,0.0,12.145053258304127,LOW_RISK,NO_ACTION,0.0,ROBUST,False
17200,0.298022378261834,0.0,11.51293546492023,LOW_RISK,NO_ACTION,0.0,ROBUST,False
17207,0.4386137972493621,0.0,12.23800847477217,WATCH,MONITOR,-10.0,ROBUST,False
17219,0.302066284609093,0.0,8.124446855715847,WATCH,MONITOR,-10.0,ROBUST,False
17228,0.39921389573663546,0.0,7.83241092718792,WATCH,MONITOR,-10.0,ROBUST,False
17242,0.1555839620995665,0.0,12.570066242672382,LOW_RISK,NO_ACTION,0.0,ROBUST,False
17245,0.20096552519062408,0.0,6.762729506931879,LOW_RISK,NO_ACTION,0.0,ROBUST,False
17247,0.392710438015069,0.0,12.301750939390386,WATCH,MONITOR,-10.0,ROBUST,False
17259,0.16589360355508964,0.0,10.5578502447829,LOW_RISK,NO_ACTION,0.0,ROBUST,False
17348,0.24054237386197072,0.0,6.953951605871843,LOW_RISK,NO_ACTION,0.0,ROBUST,False
17349,0.2059465031254286,0.0,10.834962419735323,LOW_RISK,NO_ACTION,0.0,ROBUST,False
17359,0.23994467768899141,0.0,5.121222128725663,LOW_RISK,NO_ACTION,0.0,ROBUST,False
17373,0.38332961963118817,0.0,8.105609402299896,WATCH,MONITOR,-10.0,ROBUST,False
17447,0.2471388724571204,0.0,10.749999389802367,LOW_RISK,NO_ACTION,0.0,ROBUST,False
17501,0.3221053290431761,0.0,9.153320183876733,WATCH,MONITOR,-10.0,ROBUST,False
17600,0.13997275082176386,0.0,9.282940064390527,LOW_RISK,NO_ACTION,0.0,ROBUST,False
17640,0.4220070772938511,0.0,11.895197003028784,WATCH,MONITOR,-10.0,ROBUST,False
17648,0.24795545025924995,0.0,12.798042078227457,LOW_RISK,NO_ACTION,0.0,ROBUST,False
17660,0.35941366361333704,0.0,5.642793203029772,WATCH,MONITOR,-10.0,ROBUST,False
17697,0.3901558406647331,0.0,11.46004143234501,WATCH,MONITOR,-10.0,ROBUST,False
17701,0.18386436884468016,0.0,7.601402334583733,LOW_RISK,NO_ACTION,0.0,ROBUST,False
17717,0.45386999398134,0.0,9.941161396827502,WATCH,MONITOR,-10.0,ROBUST,False
17764,0.3464897006427812,0.0,7.325438771028173,WATCH,MONITOR,-10.0,ROBUST,False
17796,0.27149005670059256,0.0,11.153949590205006,LOW_RISK,NO_ACTION,0.0,ROBUST,False
17800,0.1729340734312878,0.0,8.03365842788615,LOW_RISK,NO_ACTION,0.0,ROBUST,False
17815,0.4769203751604827,0.0,13.263712581152529,WATCH,MONITOR,-10.0,ROBUST,False
17825,0.8547586954695958,15.986173673401689,13.003228428324663,CRITICAL,EXPEDITE,250.06501614214176,SENSITIVE,True
17831,0.18320982509329956,0.0,10.423560289658782,LOW_RISK,NO_ACTION,0.0,ROBUST,False
17844,0.2350843098896898,0.0,3.776203282285611,LOW_RISK,NO_ACTION,0.0,ROBUST,False
17861,0.4238697032352293,0.0,11.646947487216352,WATCH,MONITOR,-10.0,ROBUST,False
17865,0.37827106528613563,0.0,3.8691155044168695,WATCH,MONITOR,-10.0,ROBUST,False
17870,0.4063137170862897,0.0,7.173598101629328,WATCH,MONITOR,-10.0,ROBUST,False
17900,0.276480440885173,0.0,12.079621443383981,LOW_RISK,NO_ACTION,0.0,ROBUST,False
17924,0.38659050505686676,0.0,7.780232044849981,WATCH,MONITOR,-10.0,ROBUST,False
17944,0.8775744952246998,11.340504653372816,12.827800352068977,CRITICAL,TRANSPORT_MODE_REVIEW,350.0384834010563,ROBUST,True
17949,0.1845051667752786,0.0,11.892931900472293,LOW_RISK,NO_ACTION,0.0,ROBUST,False
18022,0.35307081393654405,0.0,9.302098797215724,WATCH,MONITOR,-10.0,ROBUST,False
18053,0.4904055702395177,0.0,12.259948048404476,WATCH,MONITOR,-10.0,ROBUST,False
18093,0.22424038855813186,0.0,5.437209365414655,LOW_RISK,NO_ACTION,0.0,ROBUST,False
18099,0.2843878368850159,0.0,4.772716457199891,LOW_RISK,NO_ACTION,0.0,ROBUST,False
18121,0.36960054842794143,0.0,8.381721632170791,WATCH,MONITOR,-10.0,ROBUST,False
18129,0.31660251284899515,0.0,12.227104908671096,WATCH,MONITOR,-10.0,ROBUST,False
18155,0.43737111828361974,0.0,7.526717561352706,WATCH,MONITOR,-10.0,ROBUST,False
18182,0.40469708258780634,0.0,6.012638782339389,WATCH,MONITOR,-10.0,ROBUST,False
18227,0.12331888154494282,0.0,11.082157933374816,LOW_RISK,NO_ACTION,0.0,ROBUST,False
18240,0.49936849356950963,0.0,11.562499702626072,WATCH,MONITOR,-10.0,ROBUST,False
18246,0.4009609814877869,0.0,9.343769259347221,WATCH,MONITOR,-10.0,ROBUST,False
18269,0.44556132651764535,0.0,8.673367536536675,WATCH,MONITOR,-10.0,ROBUST,False
18316,0.3604790848381386,0.0,11.788480804924015,WATCH,MONITOR,-10.0,ROBUST,False
18325,0.4425140512187049,0.0,9.259225769705994,WATCH,MONITOR,-10.0,ROBUST,False
18354,0.14495318997148376,0.0,7.578886885484402,LOW_RISK,NO_ACTION,0.0,ROBUST,False
18373,0.23909513422372625,0.0,9.572925814454626,LOW_RISK,NO_ACTION,0.0,ROBUST,False
18386,0.4505683774417971,0.0,11.79904005957023,WATCH,MONITOR,-10.0,ROBUST,False
18392,0.18066208450675691,0.0,6.300785794663244,LOW_RISK,NO_ACTION,0.0,ROBUST,False
18405,0.1312968394320091,0.0,8.03900253977481,LOW_RISK,NO_ACTION,0.0,ROBUST,False
18422,0.4152475759780876,0.0,12.818825598307294,WATCH,MONITOR,-10.0,ROBUST,False
18436,0.4341944622573185,0.0,8.363692300430476,WATCH,MONITOR,-10.0,ROBUST,False
18494,0.16506088727596024,0.0,8.363692300430476,LOW_RISK,NO_ACTION,0.0,ROBUST,False
18500,0.44173839311308616,0.0,12.770866433028825,WATCH,MONITOR,-10.0,ROBUST,False
18509,0.3747071182388678,0.0,12.965451873339987,WATCH,MONITOR,-10.0,ROBUST,False
18538,0.30803307328663354,0.0,3.808216836702557,WATCH,MONITOR,-10.0,ROBUST,False
18580,0.43210007711255405,0.0,11.848556633707274,WATCH,MONITOR,-10.0,ROBUST,False
18586,0.26769969972758634,0.0,12.374107633565673,LOW_RISK,NO_ACTION,0.0,ROBUST,False
18629,0.1775975824893589,0.0,11.43325327198098,LOW_RISK,NO_ACTION,0.0,ROBUST,False
18633,0.21394107064424547,0.0,7.3783837129967145,LOW_RISK,NO_ACTION,0.0,ROBUST,False
18639,0.3020656073173259,0.0,11.472113887062386,WATCH,MONITOR,-10.0,ROBUST,False
18664,0.3125323170692703,0.0,9.70766729687081,WATCH,MONITOR,-10.0,ROBUST,False
18673,0.42223233057649345,0.0,11.196857635323791,WATCH,MONITOR,-10.0,ROBUST,False
18679,0.4165410894609338,0.0,13.249781622761274,WATCH,MONITOR,-10.0,ROBUST,False
18694,0.33254662288182996,0.0,10.07200594918639,WATCH,MONITOR,-10.0,ROBUST,False
18708,0.41231419334619057,0.0,12.026896636310113,WATCH,MONITOR,-10.0,ROBUST,False
18740,0.1767093833174684,0.0,9.40720729681217,LOW_RISK,NO_ACTION,0.0,ROBUST,False
18811,0.12002581083731774,0.0,10.215557313044739,LOW_RISK,NO_ACTION,0.0,ROBUST,False
18862,0.44945352905388003,0.0,12.899222326086994,WATCH,MONITOR,-10.0,ROBUST,False
18881,0.13022179750510784,0.0,7.3783837129967145,LOW_RISK,NO_ACTION,0.0,ROBUST,False
18904,0.19867537189759893,0.0,6.830442175879467,LOW_RISK,NO_ACTION,0.0,ROBUST,False
18923,0.37812757984975387,0.0,9.3160814152242,WATCH,MONITOR,-10.0,ROBUST,False
18980,0.26377917505092363,0.0,10.199174996326047,LOW_RISK,NO_ACTION,0.0,ROBUST,False
18992,0.45052558796620357,0.0,4.970507503005476,WATCH,MONITOR,-10.0,ROBUST,False
18997,0.21919191786490783,0.0,6.674813885187817,LOW_RISK,NO_ACTION,0.0,ROBUST,False
19013,0.8952250407597886,31.047046256389045,11.342684325219842,CRITICAL,TRANSPORT_MODE_REVIEW,350.0340280529754,ROBUST,True
19014,0.22026225622429765,0.0,12.444463365738759,LOW_RISK,NO_ACTION,0.0,ROBUST,False
19019,0.3312300196739327,0.0,6.68586094706836,WATCH,MONITOR,-10.0,ROBUST,False
19063,0.25037535016131734,0.0,9.575052927597383,LOW_RISK,NO_ACTION,0.0,ROBUST,False
19080,0.31394910230350215,0.0,12.568610071490925,WATCH,MONITOR,-10.0,ROBUST,False
19105,0.4506392475340075,0.0,10.559451941968357,WATCH,MONITOR,-10.0,ROBUST,False
19142,0.46499402169214743,0.0,9.068428820846728,WATCH,MONITOR,-10.0,ROBUST,False
19146,0.20638962586164486,0.0,5.295062073827364,LOW_RISK,NO_ACTION,0.0,ROBUST,False
19172,0.6861716974962245,4.030999833380642,8.737292112544221,HIGH_RISK,TRANSPORT_MODE_REVIEW,350.0262118763377,ROBUST,True
19177,0.31965760609658045,0.0,12.77138929548529,WATCH,MONITOR,-10.0,ROBUST,False
19225,0.4796449827552989,0.0,6.385143807498773,WATCH,MONITOR,-10.0,ROBUST,False
19241,0.49944692766575394,0.0,5.908327473485125,WATCH,MONITOR,-10.0,ROBUST,False
19243,0.19416289953661067,0.0,13.72871115850582,LOW_RISK,NO_ACTION,0.0,ROBUST,False
19244,0.3907919485383262,0.0,5.666426688112432,WATCH,MONITOR,-10.0,ROBUST,False
19246,0.2512124248932781,0.0,11.665118515605508,LOW_RISK,NO_ACTION,0.0,ROBUST,False
19250,0.1032432787544853,0.0,10.604813694019272,LOW_RISK,NO_ACTION,0.0,ROBUST,False
19263,0.10370100897436095,0.0,11.695255355062795,LOW_RISK,NO_ACTION,0.0,ROBUST,False
19272,0.2842264030249023,0.0,7.714677473800927,LOW_RISK,NO_ACTION,0.0,ROBUST,False
19282,0.29533396520173383,0.0,9.970864853024095,LOW_RISK,NO_ACTION,0.0,ROBUST,False
19289,0.10902787862937707,0.0,9.432020452939865,LOW_RISK,NO_ACTION,0.0,ROBUST,False
19293,0.374770966709721,0.0,5.3745373924594455,WATCH,MONITOR,-10.0,ROBUST,False
19335,0.21760135543798126,0.0,3.2188758248682006,LOW_RISK,NO_ACTION,0.0,ROBUST,False
19344,0.3239572406143798,0.0,5.961005339623274,WATCH,MONITOR,-10.0,ROBUST,False
19346,0.22036762926616751,0.0,5.809102989514006,LOW_RISK,NO_ACTION,0.0,ROBUST,False
19348,0.16685372594772288,0.0,9.019905995071678,LOW_RISK,NO_ACTION,0.0,ROBUST,False
19359,0.2628694954395501,0.0,11.0415048322491,LOW_RISK,NO_ACTION,0.0,ROBUST,False
19405,0.19290934591620032,0.0,0.0,LOW_RISK,NO_ACTION,0.0,ROBUST,False
19406,0.3139203907676672,0.0,8.735927034241747,WATCH,MONITOR,-10.0,ROBUST,False
19410,0.179531412114592,0.0,12.346508273971386,LOW_RISK,NO_ACTION,0.0,ROBUST,False
19431,0.30336239065785087,0.0,10.264687244346277,WATCH,MONITOR,-10.0,ROBUST,False
19484,0.16295140594754703,0.0,13.126277706412873,LOW_RISK,NO_ACTION,0.0,ROBUST,False
19512,0.36838988379431403,0.0,11.249742165184863,WATCH,MONITOR,-10.0,ROBUST,False
19514,0.40157507377656965,0.0,6.214748088623106,WATCH,MONITOR,-10.0,ROBUST,False
19584,0.14415769369997353,0.0,11.580219561021574,LOW_RISK,NO_ACTION,0.0,ROBUST,False
19620,0.28712096481493565,0.0,12.486322920459527,LOW_RISK,NO_ACTION,0.0,ROBUST,False
19627,0.12834868026194945,0.0,5.707110264748875,LOW_RISK,NO_ACTION,0.0,ROBUST,False
19630,0.33927297821680097,0.0,5.531807209916391,WATCH,MONITOR,-10.0,ROBUST,False
19647,0.20576171917185815,0.0,12.131354487250757,LOW_RISK,NO_ACTION,0.0,ROBUST,False
19656,0.3110497827354831,0.0,12.940163021265278,WATCH,MONITOR,-10.0,ROBUST,False
19670,0.3069844037537165,0.0,8.387806341155557,WATCH,MONITOR,-10.0,ROBUST,False
19685,0.4697417384775202,0.0,10.741405847723883,WATCH,MONITOR,-10.0,ROBUST,False
19689,0.31963328902748916,0.0,7.6198665000284915,WATCH,MONITOR,-10.0,ROBUST,False
19694,0.3331993918873263,0.0,11.309988870964506,WATCH,MONITOR,-10.0,ROBUST,False
19696,0.26066125030575216,0.0,9.45727857185611,LOW_RISK,NO_ACTION,0.0,ROBUST,False
19712,0.47963184127312675,0.0,9.006121611792311,WATCH,MONITOR,-10.0,ROBUST,False
19771,0.41087436377584385,0.0,13.027100596476659,WATCH,MONITOR,-10.0,ROBUST,False
19788,0.8274715427112274,9.82095905348025,8.609531687411488,HIGH_RISK,HUMAN_REVIEW,-50.0,ROBUST,True
19840,0.43768383431049285,0.0,9.965569934832672,WATCH,MONITOR,-10.0,ROBUST,False
19851,0.6461687719019565,1.8109586043608537,9.595874844595468,HIGH_RISK,TRANSPORT_MODE_REVIEW,171.66116838624424,SENSITIVE,True
19863,0.4314668574134376,0.0,6.272744922351736,WATCH,MONITOR,-10.0,ROBUST,False
19873,0.42915522731740086,0.0,5.758775582950241,WATCH,MONITOR,-10.0,ROBUST,False
19891,0.17554807470514178,0.0,11.647465099148372,LOW_RISK,NO_ACTION,0.0,ROBUST,False
19905,0.38045645255343075,0.0,12.013706813470414,WATCH,MONITOR,-10.0,ROBUST,False
19924,0.21625718772261246,0.0,13.353794095101895,LOW_RISK,NO_ACTION,0.0,ROBUST,False
19940,0.2189970679970673,0.0,11.773757787382696,LOW_RISK,NO_ACTION,0.0,ROBUST,False
19958,0.2185392307522323,0.0,4.499809670330265,LOW_RISK,NO_ACTION,0.0,ROBUST,False
19959,0.39022729902397935,0.0,7.526706791235473,WATCH,MONITOR,-10.0,ROBUST,False
19977,0.19193041671701444,0.0,8.805421614591278,LOW_RISK,NO_ACTION,0.0,ROBUST,False
19996,0.10036233409843609,0.0,7.409863012128405,LOW_RISK,NO_ACTION,0.0,ROBUST,False
20044,0.3860947413930532,0.0,7.68658462018161,WATCH,MONITOR,-10.0,ROBUST,False
20073,0.8866954494689261,0.8653289638857234,12.541891097051904,CRITICAL,TRANSPORT_MODE_REVIEW,29.810197444486676,SENSITIVE,True
20133,0.14179295812313386,0.0,7.682758906011914,LOW_RISK,NO_ACTION,0.0,ROBUST,False
20172,0.8428548224174635,1.1253661657283476,12.367855554231083,HIGH_RISK,TRANSPORT_MODE_REVIEW,68.81884322543547,SENSITIVE,True
20185,0.2519602089290816,0.0,6.68586094706836,LOW_RISK,NO_ACTION,0.0,ROBUST,False
20219,0.29036253098928033,0.0,11.183304663571239,LOW_RISK,NO_ACTION,0.0,ROBUST,False
20236,0.11782801628505234,0.0,8.707978826622321,LOW_RISK,NO_ACTION,0.0,ROBUST,False
20239,0.4882293330509442,0.0,11.194397856122801,WATCH,MONITOR,-10.0,ROBUST,False
20245,0.3864252213678233,0.0,8.476579508530941,WATCH,MONITOR,-10.0,ROBUST,False
20264,0.22927762612973446,0.0,11.201046323792598,LOW_RISK,NO_ACTION,0.0,ROBUST,False
20266,0.22747890291415895,0.0,9.328212292571072,LOW_RISK,NO_ACTION,0.0,ROBUST,False
20274,0.27941701974738375,0.0,12.108685810970181,LOW_RISK,NO_ACTION,0.0,ROBUST,False
20280,0.35049792910521316,0.0,10.772033423720758,WATCH,MONITOR,-10.0,ROBUST,False
20291,0.15854922663558713,0.0,10.158050310388465,LOW_RISK,NO_ACTION,0.0,ROBUST,False
20294,0.17557192550598094,0.0,14.358997544689737,LOW_RISK,NO_ACTION,0.0,ROBUST,False
20319,0.44377383313342034,0.0,13.081543466215237,WATCH,MONITOR,-10.0,ROBUST,False
20321,0.20250196955562905,0.0,8.347886571699778,LOW_RISK,NO_ACTION,0.0,ROBUST,False
20349,0.252077999190071,0.0,11.834008173660498,LOW_RISK,NO_ACTION,0.0,ROBUST,False
20371,0.44850874038004684,0.0,8.594950211972973,WATCH,MONITOR,-10.0,ROBUST,False
20383,0.3652591317599291,0.0,12.671845462498068,WATCH,MONITOR,-10.0,ROBUST,False
20407,0.23668475173667536,0.0,9.476698956208883,LOW_RISK,NO_ACTION,0.0,ROBUST,False
20417,0.37347981828984833,0.0,6.232310482535197,WATCH,MONITOR,-10.0,ROBUST,False
20432,0.8034048457677191,19.94863519670384,13.083034829637105,HIGH_RISK,TRANSPORT_MODE_REVIEW,350.0392491044886,ROBUST,True
20450,0.3942570640045461,0.0,7.282417477935256,WATCH,MONITOR,-10.0,ROBUST,False
20462,0.29480641620649584,0.0,12.359227115018937,LOW_RISK,NO_ACTION,0.0,ROBUST,False
20506,0.4252728589137845,0.0,10.905882583462414,WATCH,MONITOR,-10.0,ROBUST,False
20512,0.48185506080258733,0.0,10.748582989368131,WATCH,MONITOR,-10.0,ROBUST,False
20544,0.4703154197978273,0.0,12.873289009741768,WATCH,MONITOR,-10.0,ROBUST,False
20558,0.46370601738213635,0.0,8.987321812850125,WATCH,MONITOR,-10.0,ROBUST,False
20560,0.30486798237355484,0.0,7.886878076827088,WATCH,MONITOR,-10.0,ROBUST,False
20619,0.24405684565557523,0.0,12.206077645517674,LOW_RISK,NO_ACTION,0.0,ROBUST,False
20623,0.28601412989226915,0.0,7.422266104044865,LOW_RISK,NO_ACTION,0.0,ROBUST,False
20631,0.3759584013253443,0.0,9.609452006112171,WATCH,MONITOR,-10.0,ROBUST,False
20666,0.4535991107484747,0.0,9.802616942151154,WATCH,MONITOR,-10.0,ROBUST,False
20667,0.7855834134645553,1.9137025175754179,7.578094320216074,HIGH_RISK,HUMAN_REVIEW,-50.0,SENSITIVE,True
20671,0.8258149918672923,7.626838907281208,12.876334237348285,HIGH_RISK,TRANSPORT_MODE_REVIEW,350.0386290027121,ROBUST,True
20684,0.42607209278795566,0.0,7.4530692822067,WATCH,MONITOR,-10.0,ROBUST,False
20690,0.49154240607129385,0.0,10.575469317625773,WATCH,MONITOR,-10.0,ROBUST,False
20697,0.4521007093126749,0.0,7.003792467179079,WATCH,MONITOR,-10.0,ROBUST,False
20723,0.21197493187676267,0.0,4.610456190417329,LOW_RISK,NO_ACTION,0.0,ROBUST,False
20735,0.1423823645376191,0.0,13.467655178504874,LOW_RISK,NO_ACTION,0.0,ROBUST,False
20761,0.14489642879663545,0.0,11.185746908010408,LOW_RISK,NO_ACTION,0.0,ROBUST,False
20774,0.21648932743131044,0.0,6.733580447323951,LOW_RISK,NO_ACTION,0.0,ROBUST,False
20824,0.3456734895938157,0.0,5.9656594409260295,WATCH,MONITOR,-10.0,ROBUST,False
20878,0.42172813043886903,0.0,7.815658937479199,WATCH,MONITOR,-10.0,ROBUST,False
20883,0.45970012279262595,0.0,10.322230781590136,WATCH,MONITOR,-10.0,ROBUST,False
20894,0.3495013537476931,0.0,11.965280520280166,WATCH,MONITOR,-10.0,ROBUST,False
20908,0.1022525250992215,0.0,5.829710031253992,LOW_RISK,NO_ACTION,0.0,ROBUST,False
20947,0.17452671060741343,0.0,7.531552381407289,LOW_RISK,NO_ACTION,0.0,ROBUST,False
20952,0.1398904815413472,0.0,4.378269585796169,LOW_RISK,NO_ACTION,0.0,ROBUST,False
20961,0.24532979022760404,0.0,12.649580786418749,LOW_RISK,NO_ACTION,0.0,ROBUST,False
20969,0.894355853408227,44.43804071139263,11.530991290781854,CRITICAL,HUMAN_REVIEW,-50.0,ROBUST,True
20975,0.11735887143142434,0.0,3.1612467120315646,LOW_RISK,NO_ACTION,0.0,ROBUST,False
21000,0.23939119031826214,0.0,8.035861642877949,LOW_RISK,NO_ACTION,0.0,ROBUST,False
21028,0.17167186985012906,0.0,6.2150679926546255,LOW_RISK,NO_ACTION,0.0,ROBUST,False
21033,0.3588280665035496,0.0,11.279448456919502,WATCH,MONITOR,-10.0,ROBUST,False
21037,0.285708947729736,0.0,8.523870846169478,LOW_RISK,NO_ACTION,0.0,ROBUST,False
21044,0.2981270587735635,0.0,9.280097751152644,LOW_RISK,NO_ACTION,0.0,ROBUST,False
21045,0.27107671521338444,0.0,11.201046323792598,LOW_RISK,NO_ACTION,0.0,ROBUST,False
21061,0.48240788419462677,0.0,9.671912304160507,WATCH,MONITOR,-10.0,ROBUST,False
21076,0.1858940500486253,0.0,11.89597453379406,LOW_RISK,NO_ACTION,0.0,ROBUST,False
21091,0.30666570393754977,0.0,10.003133772661174,WATCH,MONITOR,-10.0,ROBUST,False
21092,0.7897865679401844,42.8236641154184,11.991617490550734,HIGH_RISK,TRANSPORT_MODE_REVIEW,350.03597485247155,ROBUST,True
21096,0.322737765253825,0.0,10.641392970437847,WATCH,MONITOR,-10.0,ROBUST,False
21125,0.47160835428672043,0.0,10.295973798416092,WATCH,MONITOR,-10.0,ROBUST,False
21143,0.2511873422565137,0.0,9.583285043195929,LOW_RISK,NO_ACTION,0.0,ROBUST,False
21147,0.2854703223092712,0.0,12.319405795112926,LOW_RISK,NO_ACTION,0.0,ROBUST,False
21174,0.1354089260858914,0.0,12.936317614355193,LOW_RISK,NO_ACTION,0.0,ROBUST,False
21175,0.3435996444207714,0.0,10.230991839895042,WATCH,MONITOR,-10.0,ROBUST,False
21193,0.8124516265935845,1.7412987408196732,13.51637649439838,HIGH_RISK,TRANSPORT_MODE_REVIEW,161.21834717232116,SENSITIVE,True
21199,0.16412361580622753,0.0,7.117854116775538,LOW_RISK,NO_ACTION,0.0,ROBUST,False
21217,0.31781251716180325,0.0,11.772215778919925,WATCH,MONITOR,-10.0,ROBUST,False
21230,0.31292410535196424,0.0,14.557448378884015,WATCH,MONITOR,-10.0,ROBUST,False
21276,0.7862746553302431,46.29362462217598,9.16977667742695,HIGH_RISK,HUMAN_REVIEW,-50.0,ROBUST,True
21279,0.37928618139778913,0.0,7.115582126184454,WATCH,MONITOR,-10.0,ROBUST,False
21301,0.34950887626034116,0.0,10.232318166185994,WATCH,MONITOR,-10.0,ROBUST,False
21336,0.17560691309859888,0.0,10.299423737653024,LOW_RISK,NO_ACTION,0.0,ROBUST,False
21378,0.8906633565857074,1.787094194909901,9.508917873089924,CRITICAL,HUMAN_REVIEW,-50.0,SENSITIVE,True
21380,0.8248955495228774,3.2858434624155053,12.171486376730597,HIGH_RISK,SUPPLIER_ESCALATION,200.0243429727534,ROBUST,True
21390,0.31177429621651065,0.0,9.496195777086555,WATCH,MONITOR,-10.0,ROBUST,False
21399,0.2581956304734281,0.0,7.14109467556284,LOW_RISK,NO_ACTION,0.0,ROBUST,False
21414,0.22893538323237747,0.0,13.10933061874803,LOW_RISK,NO_ACTION,0.0,ROBUST,False
21469,0.6066370654586991,5.7215897797203406,4.61512051684126,HIGH_RISK,TRANSPORT_MODE_REVIEW,350.01384536155047,ROBUST,True
21478,0.47564347932409623,0.0,6.378850541816241,WATCH,MONITOR,-10.0,ROBUST,False
21480,0.36869793619099334,0.0,11.952411895359067,WATCH,MONITOR,-10.0,ROBUST,False
21491,0.1298983614545262,0.0,12.37396138177478,LOW_RISK,NO_ACTION,0.0,ROBUST,False
21493,0.28427398939285353,0.0,10.447943291142154,LOW_RISK,NO_ACTION,0.0,ROBUST,False
21525,0.45632965260425107,0.0,7.2941191137879,WATCH,MONITOR,-10.0,ROBUST,False
21536,0.13778497032043477,0.0,12.79030020655161,LOW_RISK,NO_ACTION,0.0,ROBUST,False
21540,0.4955502848550174,0.0,6.1353267674944725,WATCH,MONITOR,-10.0,ROBUST,False
21556,0.47962775745816855,0.0,7.3456553082334635,WATCH,MONITOR,-10.0,ROBUST,False
21557,0.13130979229195036,0.0,10.168721541556284,LOW_RISK,NO_ACTION,0.0,ROBUST,False
21563,0.473365328179822,0.0,12.933623668263472,WATCH,MONITOR,-10.0,ROBUST,False
21568,0.2452530361037849,0.0,10.093322479806597,LOW_RISK,NO_ACTION,0.0,ROBUST,False
21573,0.4378836668303451,0.0,9.84033473753086,WATCH,MONITOR,-10.0,ROBUST,False
21576,0.2673533350853086,0.0,12.738443495032413,LOW_RISK,NO_ACTION,0.0,ROBUST,False
21590,0.27634204508100635,0.0,7.974532844130228,LOW_RISK,NO_ACTION,0.0,ROBUST,False
21606,0.353697236391017,0.0,9.038308098485514,WATCH,MONITOR,-10.0,ROBUST,False
21656,0.40979096771039336,0.0,11.475537670993813,WATCH,MONITOR,-10.0,ROBUST,False
21666,0.11351566037929946,0.0,9.711176264112805,LOW_RISK,NO_ACTION,0.0,ROBUST,False
21674,0.3372623982108537,0.0,11.702954327364838,WATCH,MONITOR,-10.0,ROBUST,False
21705,0.17469319763894842,0.0,12.501501918278725,LOW_RISK,NO_ACTION,0.0,ROBUST,False
21706,0.23837980714528118,0.0,12.64914537158103,LOW_RISK,NO_ACTION,0.0,ROBUST,False
21742,0.2391874664620866,0.0,6.985641817639208,LOW_RISK,NO_ACTION,0.0,ROBUST,False
21752,0.2876241360884615,0.0,8.094683648698815,LOW_RISK,NO_ACTION,0.0,ROBUST,False
21755,0.23365456475046936,0.0,6.052677231275971,LOW_RISK,NO_ACTION,0.0,ROBUST,False
21795,0.14294444738026713,0.0,11.36593939128071,LOW_RISK,NO_ACTION,0.0,ROBUST,False
21825,0.15825149541018058,0.0,7.957684897703103,LOW_RISK,NO_ACTION,0.0,ROBUST,False
21839,0.11337519422443908,0.0,6.075598872684772,LOW_RISK,NO_ACTION,0.0,ROBUST,False
21843,0.28809963413150175,0.0,12.95039048795861,LOW_RISK,NO_ACTION,0.0,ROBUST,False
21844,0.48177907794119545,0.0,11.436257140988253,WATCH,MONITOR,-10.0,ROBUST,False
21868,0.14627008945924663,0.0,11.373674891823535,LOW_RISK,NO_ACTION,0.0,ROBUST,False
21897,0.4785057972012329,0.0,6.762729506931879,WATCH,MONITOR,-10.0,ROBUST,False
21942,0.3933446058928375,0.0,3.675540889674756,WATCH,MONITOR,-10.0,ROBUST,False
21953,0.3549995211736653,0.0,9.246575864558277,WATCH,MONITOR,-10.0,ROBUST,False
21983,0.3581111021294252,0.0,8.916295432686912,WATCH,MONITOR,-10.0,ROBUST,False
21988,0.4306910593585128,0.0,3.95928819789526,WATCH,MONITOR,-10.0,ROBUST,False
21997,0.14276794575192855,0.0,12.88647267527968,LOW_RISK,NO_ACTION,0.0,ROBUST,False
22028,0.30190172942621674,0.0,11.201046323792598,WATCH,MONITOR,-10.0,ROBUST,False
22045,0.37883645530430343,0.0,11.503151858500386,WATCH,MONITOR,-10.0,ROBUST,False
22060,0.33472817802942545,0.0,9.75477116350048,WATCH,MONITOR,-10.0,ROBUST,False
22069,0.43311162840931783,0.0,11.995357787034976,WATCH,MONITOR,-10.0,ROBUST,False
22073,0.1289086836045406,0.0,12.662025396909499,LOW_RISK,NO_ACTION,0.0,ROBUST,False
22076,0.3762804157996664,0.0,9.733849222494513,WATCH,MONITOR,-10.0,ROBUST,False
22079,0.3136110921538871,0.0,12.57684799485731,WATCH,MONITOR,-10.0,ROBUST,False
22091,0.25166434559197737,0.0,12.003350402638521,LOW_RISK,NO_ACTION,0.0,ROBUST,False
22116,0.23610999289361234,0.0,11.49913075394804,LOW_RISK,NO_ACTION,0.0,ROBUST,False
22160,0.34833305310967716,0.0,13.12118468301695,WATCH,MONITOR,-10.0,ROBUST,False
22176,0.456398149857706,0.0,3.830596006732417,WATCH,MONITOR,-10.0,ROBUST,False
22186,0.2984703704404461,0.0,9.068762982674038,LOW_RISK,NO_ACTION,0.0,ROBUST,False
22191,0.4298892656307681,0.0,6.62179172902432,WATCH,MONITOR,-10.0,ROBUST,False
22196,0.260862552737587,0.0,11.044216996641383,LOW_RISK,NO_ACTION,0.0,ROBUST,False
22222,0.14095778511727064,0.0,6.008100400759408,LOW_RISK,NO_ACTION,0.0,ROBUST,False
22268,0.12460229458345543,0.0,5.7791991139409555,LOW_RISK,NO_ACTION,0.0,ROBUST,False
22275,0.12053374852947103,0.0,12.549665896013254,LOW_RISK,NO_ACTION,0.0,ROBUST,False
22280,0.252060056783068,0.0,7.497295960253313,LOW_RISK,NO_ACTION,0.0,ROBUST,False
22281,0.23489510033433683,0.0,4.531738907902208,LOW_RISK,NO_ACTION,0.0,ROBUST,False
22290,0.7474783640224311,4.287533806846552,12.400985432370181,HIGH_RISK,SUPPLIER_ESCALATION,200.0248019708647,ROBUST,True
22295,0.3971286006339464,0.0,13.101804218810498,WATCH,MONITOR,-10.0,ROBUST,False
22301,0.12034158753349594,0.0,12.538179976940702,LOW_RISK,NO_ACTION,0.0,ROBUST,False
22312,0.18844930515560598,0.0,7.290429298789486,LOW_RISK,NO_ACTION,0.0,ROBUST,False
22323,0.20970474006355988,0.0,7.6697239830164685,LOW_RISK,NO_ACTION,0.0,ROBUST,False
22328,0.3190447936571238,0.0,12.328193547912477,WATCH,MONITOR,-10.0,ROBUST,False
22356,0.1578060895627801,0.0,9.487497753661716,LOW_RISK,NO_ACTION,0.0,ROBUST,False
22357,0.15357648776000016,0.0,11.500701050347505,LOW_RISK,NO_ACTION,0.0,ROBUST,False
22373,0.47751555568318327,0.0,12.818660318231702,WATCH,MONITOR,-10.0,ROBUST,False
22387,0.7177480669220054,23.75662231470533,12.57786431387419,HIGH_RISK,HUMAN_REVIEW,-50.0,ROBUST,True
22417,0.1722619608364681,0.0,9.68166687583733,LOW_RISK,NO_ACTION,0.0,ROBUST,False
22469,0.2626271231621964,0.0,12.154826718441827,LOW_RISK,NO_ACTION,0.0,ROBUST,False
22477,0.24224879970302624,0.0,11.643827754530106,LOW_RISK,NO_ACTION,0.0,ROBUST,False
22511,0.4164016296261629,0.0,11.153949590205006,WATCH,MONITOR,-10.0,ROBUST,False
22516,0.30408516659124885,0.0,4.653484046266642,WATCH,MONITOR,-10.0,ROBUST,False
22531,0.15113989479738682,0.0,11.699745223003951,LOW_RISK,NO_ACTION,0.0,ROBUST,False
22595,0.3955968252624976,0.0,12.618304805408759,WATCH,MONITOR,-10.0,ROBUST,False
22600,0.2587551912899676,0.0,10.010142230404668,LOW_RISK,NO_ACTION,0.0,ROBUST,False
22615,0.20516969905285884,0.0,8.98077625285905,LOW_RISK,NO_ACTION,0.0,ROBUST,False
22616,0.25019944880828804,0.0,13.213888585048425,LOW_RISK,NO_ACTION,0.0,ROBUST,False
22620,0.29910262544275856,0.0,11.62020481848063,LOW_RISK,NO_ACTION,0.0,ROBUST,False
22658,0.23724620656680379,0.0,8.006700845440367,LOW_RISK,NO_ACTION,0.0,ROBUST,False
22661,0.19676230903670314,0.0,11.987073618796519,LOW_RISK,NO_ACTION,0.0,ROBUST,False
22670,0.7854467202954357,15.430970152002647,12.825987624183815,HIGH_RISK,HUMAN_REVIEW,-50.0,ROBUST,True
22675,0.1076691642999593,0.0,11.933837322067419,LOW_RISK,NO_ACTION,0.0,ROBUST,False
22684,0.40899913843852553,0.0,10.090973252161614,WATCH,MONITOR,-10.0,ROBUST,False
22698,0.16837795742703432,0.0,11.904507987702953,LOW_RISK,NO_ACTION,0.0,ROBUST,False
22722,0.1175618454522549,0.0,8.798605650854423,LOW_RISK,NO_ACTION,0.0,ROBUST,False
22726,0.36147947716203166,0.0,9.363576347875041,WATCH,MONITOR,-10.0,ROBUST,False
22728,0.4095744515294689,0.0,12.210706890808602,WATCH,MONITOR,-10.0,ROBUST,False
22752,0.4255316526371373,0.0,8.495464831085872,WATCH,MONITOR,-10.0,ROBUST,False
22761,0.29740367306424,0.0,9.401043372798053,LOW_RISK,NO_ACTION,0.0,ROBUST,False
22778,0.18214727387599414,0.0,8.932330043721125,LOW_RISK,NO_ACTION,0.0,ROBUST,False
22799,0.3948910708999307,0.0,7.669961995473577,WATCH,MONITOR,-10.0,ROBUST,False
22812,0.37988523086173487,0.0,9.13830716907635,WATCH,MONITOR,-10.0,ROBUST,False
22815,0.19850829364126932,0.0,13.536418445936697,LOW_RISK,NO_ACTION,0.0,ROBUST,False
22817,0.46136310234511724,0.0,8.524907360556048,WATCH,MONITOR,-10.0,ROBUST,False
22843,0.1417485832331316,0.0,8.445267451844648,LOW_RISK,NO_ACTION,0.0,ROBUST,False
22855,0.4930752958365303,0.0,12.991943709766554,WATCH,MONITOR,-10.0,ROBUST,False
22869,0.44409912439098587,0.0,6.6118259579422745,WATCH,MONITOR,-10.0,ROBUST,False
22876,0.3751594581916301,0.0,12.087294740154986,WATCH,MONITOR,-10.0,ROBUST,False
22964,0.4754999553119331,0.0,9.165694408731436,WATCH,MONITOR,-10.0,ROBUST,False
23015,0.38892446732948316,0.0,13.20632026084127,WATCH,MONITOR,-10.0,ROBUST,False
23023,0.17618279881201837,0.0,8.670514956359886,LOW_RISK,NO_ACTION,0.0,ROBUST,False
23024,0.2768624552451247,0.0,12.984654126815128,LOW_RISK,NO_ACTION,0.0,ROBUST,False
23050,0.12860120973265415,0.0,8.557759153162898,LOW_RISK,NO_ACTION,0.0,ROBUST,False
23051,0.2558629689152462,0.0,11.78741210943201,LOW_RISK,NO_ACTION,0.0,ROBUST,False
23070,0.39664120789488344,0.0,6.932447891572509,WATCH,MONITOR,-10.0,ROBUST,False
23076,0.25457734037232693,0.0,9.575052927597383,LOW_RISK,NO_ACTION,0.0,ROBUST,False
23096,0.23211767018725366,0.0,4.200954297280359,LOW_RISK,NO_ACTION,0.0,ROBUST,False
23105,0.3381422890041248,0.0,7.969751991512213,WATCH,MONITOR,-10.0,ROBUST,False
23120,0.448881811599558,0.0,6.283555635548224,WATCH,MONITOR,-10.0,ROBUST,False
23149,0.8444475341239537,5.147822812066796,5.081404364984463,HIGH_RISK,TRANSPORT_MODE_REVIEW,350.01524421309495,ROBUST,True
23156,0.2541881738798942,0.0,12.064192210733742,LOW_RISK,NO_ACTION,0.0,ROBUST,False
23159,0.16329629672610507,0.0,8.904646387939378,LOW_RISK,NO_ACTION,0.0,ROBUST,False
23173,0.37814170029274785,0.0,13.106329194194936,WATCH,MONITOR,-10.0,ROBUST,False
23192,0.14228982417245395,0.0,10.445103743881006,LOW_RISK,NO_ACTION,0.0,ROBUST,False
23194,0.3659231034320979,0.0,7.02197642307216,WATCH,MONITOR,-10.0,ROBUST,False
23211,0.21447234831916295,0.0,12.926107588550702,LOW_RISK,NO_ACTION,0.0,ROBUST,False
23223,0.1795667254948899,0.0,3.9583339082913964,LOW_RISK,NO_ACTION,0.0,ROBUST,False
23224,0.47454102312999413,0.0,13.117176770181025,WATCH,MONITOR,-10.0,ROBUST,False
23238,0.10740983069838235,0.0,9.051696278536586,LOW_RISK,NO_ACTION,0.0,ROBUST,False
23267,0.27511090875582755,0.0,5.723911845951367,LOW_RISK,NO_ACTION,0.0,ROBUST,False
23280,0.10865079698471752,0.0,12.502440635940557,LOW_RISK,NO_ACTION,0.0,ROBUST,False
23283,0.6478634040339565,103.05096769544816,8.531316979486634,HIGH_RISK,HUMAN_REVIEW,-50.0,ROBUST,True
23315,0.3004189511177673,0.0,9.811427086686914,WATCH,MONITOR,-10.0,ROBUST,False
23340,0.22866498855789882,0.0,6.169610732491456,LOW_RISK,NO_ACTION,0.0,ROBUST,False
23365,0.15286471101000948,0.0,9.008921619010994,LOW_RISK,NO_ACTION,0.0,ROBUST,False
23370,0.25055501509379013,0.0,11.793113779221922,LOW_RISK,NO_ACTION,0.0,ROBUST,False
23375,0.3689051759730264,0.0,8.776630098427717,WATCH,MONITOR,-10.0,ROBUST,False
23381,0.4129583234577837,0.0,10.060395142876562,WATCH,MONITOR,-10.0,ROBUST,False
23387,0.31230024095525694,0.0,6.259237236565396,WATCH,MONITOR,-10.0,ROBUST,False
23404,0.3359337577759023,0.0,4.61512051684126,WATCH,MONITOR,-10.0,ROBUST,False
23445,0.1802465484498611,0.0,10.645448706505872,LOW_RISK,NO_ACTION,0.0,ROBUST,False
23452,0.21493213329105978,0.0,10.559888276444068,LOW_RISK,NO_ACTION,0.0,ROBUST,False
23466,0.16475824402094336,0.0,11.334843707511231,LOW_RISK,NO_ACTION,0.0,ROBUST,False
23467,0.19971814000184454,0.0,12.404572131075597,LOW_RISK,NO_ACTION,0.0,ROBUST,False
23488,0.18995471209021272,0.0,6.68586094706836,LOW_RISK,NO_ACTION,0.0,ROBUST,False
23509,0.30777951455649505,0.0,12.837030490121736,WATCH,MONITOR,-10.0,ROBUST,False
23524,0.3250755023162918,0.0,9.907561243777355,WATCH,MONITOR,-10.0,ROBUST,False
23557,0.8040684727293874,0.8794331912904334,11.198648872448112,HIGH_RISK,HUMAN_REVIEW,-50.0,SENSITIVE,True
23573,0.17822825884060922,0.0,12.384821159937346,LOW_RISK,NO_ACTION,0.0,ROBUST,False
23584,0.35667028406459844,0.0,7.783640596221253,WATCH,MONITOR,-10.0,ROBUST,False
23596,0.4269037075950092,0.0,8.316092403477576,WATCH,MONITOR,-10.0,ROBUST,False
23664,0.324096585513221,0.0,12.123754601240458,WATCH,MONITOR,-10.0,ROBUST,False
23666,0.2020014610004303,0.0,5.949261390889543,LOW_RISK,NO_ACTION,0.0,ROBUST,False
23691,0.2050200920080001,0.0,11.485370695313296,LOW_RISK,NO_ACTION,0.0,ROBUST,False
23718,0.11570122122839997,0.0,6.144185634125646,LOW_RISK,NO_ACTION,0.0,ROBUST,False
23724,0.2221776906193927,0.0,12.131354487250757,LOW_RISK,NO_ACTION,0.0,ROBUST,False
23727,0.3978414716013521,0.0,4.277082698901271,WATCH,MONITOR,-10.0,ROBUST,False
23750,0.11900710288284416,0.0,4.574710978503383,LOW_RISK,NO_ACTION,0.0,ROBUST,False
23756,0.18771811300193228,0.0,12.534831783968718,LOW_RISK,NO_ACTION,0.0,ROBUST,False
23787,0.38249299941271275,0.0,5.081404364984463,WATCH,MONITOR,-10.0,ROBUST,False
23791,0.41306062512915065,0.0,6.2321729296016635,WATCH,MONITOR,-10.0,ROBUST,False
23831,0.28212736402477134,0.0,9.056722883310583,LOW_RISK,NO_ACTION,0.0,ROBUST,False
23842,0.37922973539145954,0.0,7.864316173145145,WATCH,MONITOR,-10.0,ROBUST,False
23866,0.2551808674619568,0.0,10.73711380957344,LOW_RISK,NO_ACTION,0.0,ROBUST,False
23875,0.163965298009651,0.0,13.360240415880485,LOW_RISK,NO_ACTION,0.0,ROBUST,False
23904,0.2592597974091626,0.0,7.13966033596492,LOW_RISK,NO_ACTION,0.0,ROBUST,False
23939,0.3319871280812572,0.0,13.933512236383253,WATCH,MONITOR,-10.0,ROBUST,False
23957,0.4792213127411561,0.0,12.214045775484509,WATCH,MONITOR,-10.0,ROBUST,False
23967,0.12750038083547094,0.0,8.664961259932086,LOW_RISK,NO_ACTION,0.0,ROBUST,False
23993,0.3029576375379842,0.0,8.921190556249368,WATCH,MONITOR,-10.0,ROBUST,False
24018,0.23156791128428977,0.0,14.285514812209815,LOW_RISK,NO_ACTION,0.0,ROBUST,False
24028,0.6631986567017,79.00311610591825,12.45210034588158,HIGH_RISK,HUMAN_REVIEW,-50.0,ROBUST,True
24048,0.10959017895061268,0.0,9.33229248272693,LOW_RISK,NO_ACTION,0.0,ROBUST,False
24051,0.22521014188063254,0.0,12.359999014487345,LOW_RISK,NO_ACTION,0.0,ROBUST,False
24053,0.427947259010802,0.0,8.138856750696325,WATCH,MONITOR,-10.0,ROBUST,False
24060,0.32157669354185503,0.0,10.222188525815074,WATCH,MONITOR,-10.0,ROBUST,False
24063,0.280232997126447,0.0,9.205629292246064,LOW_RISK,NO_ACTION,0.0,ROBUST,False
24115,0.21421002868613584,0.0,7.026426808699636,LOW_RISK,NO_ACTION,0.0,ROBUST,False
24116,0.21921700911654238,0.0,6.492573112810591,LOW_RISK,NO_ACTION,0.0,ROBUST,False
24123,0.2532405734362338,0.0,10.95851013120172,LOW_RISK,NO_ACTION,0.0,ROBUST,False
24129,0.43422828398582414,0.0,8.832587702434553,WATCH,MONITOR,-10.0,ROBUST,False
24151,0.48688528272330733,0.0,10.007892611890918,WATCH,MONITOR,-10.0,ROBUST,False
24187,0.8563155280108737,33.029819722513544,13.173946855684461,CRITICAL,TRANSPORT_MODE_REVIEW,350.03952184056743,ROBUST,True
24192,0.25734113549910476,0.0,4.499809670330265,LOW_RISK,NO_ACTION,0.0,ROBUST,False
24246,0.43862031032794513,0.0,9.979290515951629,WATCH,MONITOR,-10.0,ROBUST,False
24270,0.8612249703817534,29.654004274755152,11.364315357783703,CRITICAL,TRANSPORT_MODE_REVIEW,350.03409294607354,ROBUST,True
24276,0.3208072689182605,0.0,13.268437529711909,WATCH,MONITOR,-10.0,ROBUST,False
24285,0.19237666583949778,0.0,2.7880929087757464,LOW_RISK,NO_ACTION,0.0,ROBUST,False
24297,0.3974010143116301,0.0,10.153506697855693,WATCH,MONITOR,-10.0,ROBUST,False
24300,0.3127953273083127,0.0,4.653484046266642,WATCH,MONITOR,-10.0,ROBUST,False
24324,0.4236138200961367,0.0,13.565807723225742,WATCH,MONITOR,-10.0,ROBUST,False
24345,0.4122930920114679,0.0,12.333418698319576,WATCH,MONITOR,-10.0,ROBUST,False
24358,0.18600190730801144,0.0,10.35209579922419,LOW_RISK,NO_ACTION,0.0,ROBUST,False
24366,0.38625422022310496,0.0,10.415412571745419,WATCH,MONITOR,-10.0,ROBUST,False
24368,0.4200217631805486,0.0,9.295416544331301,WATCH,MONITOR,-10.0,ROBUST,False
24374,0.23844289631295804,0.0,10.763254492684528,LOW_RISK,NO_ACTION,0.0,ROBUST,False
24384,0.1690436451609098,0.0,9.861717191792085,LOW_RISK,NO_ACTION,0.0,ROBUST,False
24386,0.10105286223183528,0.0,12.863204490221756,LOW_RISK,NO_ACTION,0.0,ROBUST,False
24427,0.28036146123725925,0.0,10.463131911491967,LOW_RISK,NO_ACTION,0.0,ROBUST,False
24440,0.24097309261553665,0.0,3.8691155044168695,LOW_RISK,NO_ACTION,0.0,ROBUST,False
24461,0.3219639335301636,0.0,5.98050470687164,WATCH,MONITOR,-10.0,ROBUST,False
24473,0.17521643703551432,0.0,9.287394001418473,LOW_RISK,NO_ACTION,0.0,ROBUST,False
24488,0.4438662190665901,0.0,7.703472585681675,WATCH,MONITOR,-10.0,ROBUST,False
24519,0.20310208625124387,0.0,10.237707254104047,LOW_RISK,NO_ACTION,0.0,ROBUST,False
24530,0.19057184203506,0.0,10.778977123006351,LOW_RISK,NO_ACTION,0.0,ROBUST,False
24547,0.29228562259374236,0.0,10.926316106770527,LOW_RISK,NO_ACTION,0.0,ROBUST,False
24571,0.2995404094977097,0.0,11.571321912130568,LOW_RISK,NO_ACTION,0.0,ROBUST,False
24581,0.18603409151403716,0.0,4.3538843287276014,LOW_RISK,NO_ACTION,0.0,ROBUST,False
24591,0.20874429069036632,0.0,12.41885470147467,LOW_RISK,NO_ACTION,0.0,ROBUST,False
24604,0.167882095662098,0.0,9.46849579166962,LOW_RISK,NO_ACTION,0.0,ROBUST,False
24620,0.3873840713292668,0.0,10.745496881833759,WATCH,MONITOR,-10.0,ROBUST,False
24653,0.4080356125016328,0.0,0.0,WATCH,MONITOR,-10.0,ROBUST,False
24706,0.28493139898371306,0.0,8.893023494394711,LOW_RISK,NO_ACTION,0.0,ROBUST,False
24754,0.38563480907400705,0.0,6.931100642977128,WATCH,MONITOR,-10.0,ROBUST,False
24766,0.3943741567749782,0.0,10.452540319104735,WATCH,MONITOR,-10.0,ROBUST,False
24790,0.15531021107112344,0.0,9.080715624182197,LOW_RISK,NO_ACTION,0.0,ROBUST,False
24819,0.48647120993381476,0.0,10.94024216782542,WATCH,MONITOR,-10.0,ROBUST,False
24842,0.42841277883857243,0.0,13.369225017834633,WATCH,MONITOR,-10.0,ROBUST,False
24862,0.1817933844783294,0.0,4.598044861045503,LOW_RISK,NO_ACTION,0.0,ROBUST,False
24865,0.17446601429842812,0.0,13.011520349090787,LOW_RISK,NO_ACTION,0.0,ROBUST,False
24868,0.1502644582318331,0.0,12.442154060573756,LOW_RISK,NO_ACTION,0.0,ROBUST,False
24872,0.15535142501676735,0.0,10.996490303793848,LOW_RISK,NO_ACTION,0.0,ROBUST,False
24875,0.39926471961147847,0.0,12.328250454452617,WATCH,MONITOR,-10.0,ROBUST,False
24884,0.28786170278064943,0.0,13.507627138738266,LOW_RISK,NO_ACTION,0.0,ROBUST,False
24905,0.4131736690959469,0.0,9.508917873089924,WATCH,MONITOR,-10.0,ROBUST,False
24934,0.39850195774008224,0.0,10.614335152300383,WATCH,MONITOR,-10.0,ROBUST,False
24970,0.3418450854020887,0.0,9.626661011680731,WATCH,MONITOR,-10.0,ROBUST,False
24974,0.37454664263147186,0.0,13.283472874118193,WATCH,MONITOR,-10.0,ROBUST,False
24983,0.10734228975165672,0.0,12.189948344888194,LOW_RISK,NO_ACTION,0.0,ROBUST,False
24990,0.2247110587220088,0.0,0.22314355131420976,LOW_RISK,NO_ACTION,0.0,ROBUST,False
24993,0.35512887170376406,0.0,10.12426831466115,WATCH,MONITOR,-10.0,ROBUST,False
24999,0.10373798139449769,0.0,9.543507151588669,LOW_RISK,NO_ACTION,0.0,ROBUST,False
25019,0.11319077747303737,0.0,7.607113133318795,LOW_RISK,NO_ACTION,0.0,ROBUST,False
25037,0.44075519298815335,0.0,13.07881809476548,WATCH,MONITOR,-10.0,ROBUST,False
25074,0.37360994467682873,0.0,12.489449212581402,WATCH,MONITOR,-10.0,ROBUST,False
25075,0.2061478932481376,0.0,11.09317378810361,LOW_RISK,NO_ACTION,0.0,ROBUST,False
25083,0.3751851360474836,0.0,8.476579508530941,WATCH,MONITOR,-10.0,ROBUST,False
25085,0.41698266765570535,0.0,9.282940064390527,WATCH,MONITOR,-10.0,ROBUST,False
25103,0.22271771324404052,0.0,12.54254845357358,LOW_RISK,NO_ACTION,0.0,ROBUST,False
25127,0.11441495099967498,0.0,5.099256485749784,LOW_RISK,NO_ACTION,0.0,ROBUST,False
25141,0.4731116498750938,0.0,5.780681785491992,WATCH,MONITOR,-10.0,ROBUST,False
25189,0.23807193531825221,0.0,4.126811752359602,LOW_RISK,NO_ACTION,0.0,ROBUST,False
25201,0.14259270531388257,0.0,12.122560593301158,LOW_RISK,NO_ACTION,0.0,ROBUST,False
25220,0.8000592772638313,22.332345115895,12.251662455931022,HIGH_RISK,HUMAN_REVIEW,-50.0,ROBUST,True
25230,0.40738711826565355,0.0,13.575978444794503,WATCH,MONITOR,-10.0,ROBUST,False
25279,0.18865892584702368,0.0,13.022324233654905,LOW_RISK,NO_ACTION,0.0,ROBUST,False
25293,0.20779602005334535,0.0,12.644898381263202,LOW_RISK,NO_ACTION,0.0,ROBUST,False
25319,0.19708599471943328,0.0,6.814883124776671,LOW_RISK,NO_ACTION,0.0,ROBUST,False
25323,0.4966692211326713,0.0,8.594339400592892,WATCH,MONITOR,-10.0,ROBUST,False
25328,0.17896149349221702,0.0,8.71352941570685,LOW_RISK,NO_ACTION,0.0,ROBUST,False
25343,0.33020808678644964,0.0,9.599201730917567,WATCH,MONITOR,-10.0,ROBUST,False
25393,0.4701058566627857,0.0,9.259225769705994,WATCH,MONITOR,-10.0,ROBUST,False
25412,0.1587586275511117,0.0,10.436495323235768,LOW_RISK,NO_ACTION,0.0,ROBUST,False
25423,0.48834167914708015,0.0,8.342077609112609,WATCH,MONITOR,-10.0,ROBUST,False
25476,0.4789908937582499,0.0,5.485336207143614,WATCH,MONITOR,-10.0,ROBUST,False
25477,0.45382879482330507,0.0,10.129506964595802,WATCH,MONITOR,-10.0,ROBUST,False
25483,0.18582260853200092,0.0,10.31068449348905,LOW_RISK,NO_ACTION,0.0,ROBUST,False
25521,0.8514345868944331,53.9131368402792,11.237406586713904,CRITICAL,SUPPLIER_ESCALATION,200.02247481317318,ROBUST,True
25522,0.40435658918449613,0.0,9.583634154841178,WATCH,MONITOR,-10.0,ROBUST,False
25536,0.4944111712785719,0.0,10.508513649700895,WATCH,MONITOR,-10.0,ROBUST,False
25566,0.17216952883254816,0.0,7.305544334770703,LOW_RISK,NO_ACTION,0.0,ROBUST,False
25587,0.40641035980771856,0.0,11.0035155053454,WATCH,MONITOR,-10.0,ROBUST,False
25599,0.2355204679708452,0.0,11.647465099148372,LOW_RISK,NO_ACTION,0.0,ROBUST,False
25642,0.17025058622720093,0.0,10.316953898529778,LOW_RISK,NO_ACTION,0.0,ROBUST,False
25676,0.268550776485542,0.0,4.0267792427263345,LOW_RISK,NO_ACTION,0.0,ROBUST,False
25706,0.4175343648594466,0.0,11.475441642548555,WATCH,MONITOR,-10.0,ROBUST,False
25726,0.28593992148162084,0.0,12.957785859879213,LOW_RISK,NO_ACTION,0.0,ROBUST,False
25749,0.31500924008121944,0.0,10.702142737876844,WATCH,MONITOR,-10.0,ROBUST,False
25752,0.4980637640800485,0.0,12.62518026987949,WATCH,MONITOR,-10.0,ROBUST,False
25760,0.2596437198229704,0.0,8.0609756952359,LOW_RISK,NO_ACTION,0.0,ROBUST,False
25767,0.34616030188369595,0.0,10.515451792270389,WATCH,MONITOR,-10.0,ROBUST,False
25782,0.24609768064614876,0.0,8.835064935031076,LOW_RISK,NO_ACTION,0.0,ROBUST,False
25796,0.25711425853148195,0.0,11.955533809257155,LOW_RISK,NO_ACTION,0.0,ROBUST,False
25809,0.37825630137816324,0.0,11.530551214783058,WATCH,MONITOR,-10.0,ROBUST,False
25824,0.4751547904379534,0.0,13.263307750867016,WATCH,MONITOR,-10.0,ROBUST,False
25828,0.6144636116581668,22.050627762817836,11.346806651895115,HIGH_RISK,SUPPLIER_ESCALATION,200.02269361330355,ROBUST,True
25830,0.8931522552663952,100.89616217589897,10.460843646427818,CRITICAL,HUMAN_REVIEW,-50.0,ROBUST,True
25844,0.13568262352678553,0.0,11.412010608265987,LOW_RISK,NO_ACTION,0.0,ROBUST,False
25854,0.1844632149727708,0.0,11.78684881885763,LOW_RISK,NO_ACTION,0.0,ROBUST,False
25886,0.300852656367813,0.0,11.459271491634595,WATCH,MONITOR,-10.0,ROBUST,False
25915,0.7701048782960004,4.835521343249084,5.420534999272286,HIGH_RISK,HUMAN_REVIEW,-50.0,ROBUST,True
25926,0.20114199150502354,0.0,10.120653272163802,LOW_RISK,NO_ACTION,0.0,ROBUST,False
25928,0.30696051592998647,0.0,10.21159705705293,WATCH,MONITOR,-10.0,ROBUST,False
25930,0.10598447930252029,0.0,12.45241344803655,LOW_RISK,NO_ACTION,0.0,ROBUST,False
25956,0.2058185144904167,0.0,11.323767190993276,LOW_RISK,NO_ACTION,0.0,ROBUST,False
25967,0.3056123277903478,0.0,12.405812453305339,WATCH,MONITOR,-10.0,ROBUST,False
25982,0.3292596991924983,0.0,5.771441123130016,WATCH,MONITOR,-10.0,ROBUST,False
25990,0.4703006772221222,0.0,8.54110501146255,WATCH,MONITOR,-10.0,ROBUST,False
26002,0.3581382493002432,0.0,6.300785794663244,WATCH,MONITOR,-10.0,ROBUST,False
26015,0.2658943210119975,0.0,7.900002844240849,LOW_RISK,NO_ACTION,0.0,ROBUST,False
26019,0.4721404708532272,0.0,8.96955460798863,WATCH,MONITOR,-10.0,ROBUST,False
26082,0.4139531933551177,0.0,12.016439060898914,WATCH,MONITOR,-10.0,ROBUST,False
26093,0.18000356844509904,0.0,11.768110171829234,LOW_RISK,NO_ACTION,0.0,ROBUST,False
26117,0.15233694453952792,0.0,6.315213325596156,LOW_RISK,NO_ACTION,0.0,ROBUST,False
26121,0.37032465429709316,0.0,11.75910570248762,WATCH,MONITOR,-10.0,ROBUST,False
26131,0.32395326623079357,0.0,11.665483448558495,WATCH,MONITOR,-10.0,ROBUST,False
26171,0.41586944551710225,0.0,7.767924235991036,WATCH,MONITOR,-10.0,ROBUST,False
26188,0.39552202003147463,0.0,12.206077645517674,WATCH,MONITOR,-10.0,ROBUST,False
26192,0.350084613543006,0.0,12.149255702794095,WATCH,MONITOR,-10.0,ROBUST,False
26250,0.4945528686515569,0.0,11.06665398721974,WATCH,MONITOR,-10.0,ROBUST,False
26260,0.31343589204416344,0.0,11.748479684360909,WATCH,MONITOR,-10.0,ROBUST,False
26265,0.14524230260068793,0.0,11.30139324052885,LOW_RISK,NO_ACTION,0.0,ROBUST,False
26294,0.4313094259263953,0.0,7.313100379889725,WATCH,MONITOR,-10.0,ROBUST,False
26345,0.2007413449382836,0.0,7.44600149832412,LOW_RISK,NO_ACTION,0.0,ROBUST,False
26397,0.4109208592575674,0.0,13.386730250696155,WATCH,MONITOR,-10.0,ROBUST,False
26410,0.4828428384000206,0.0,10.373522431293592,WATCH,MONITOR,-10.0,ROBUST,False
26427,0.37871820558573654,0.0,8.470038688822774,WATCH,MONITOR,-10.0,ROBUST,False
26440,0.33841206437992044,0.0,12.294088101596984,WATCH,MONITOR,-10.0,ROBUST,False
26466,0.2841544702700163,0.0,7.515889085215125,LOW_RISK,NO_ACTION,0.0,ROBUST,False
26505,0.24576394639816132,0.0,7.244941546337007,LOW_RISK,NO_ACTION,0.0,ROBUST,False
26558,0.2412019003887345,0.0,5.802118375377063,LOW_RISK,NO_ACTION,0.0,ROBUST,False
26571,0.3545490822838363,0.0,5.5254529391317835,WATCH,MONITOR,-10.0,ROBUST,False
26576,0.40050924677509836,0.0,4.5685062016165,WATCH,MONITOR,-10.0,ROBUST,False
26590,0.37140682779376577,0.0,6.513037213970609,WATCH,MONITOR,-10.0,ROBUST,False
26591,0.7140586856357571,3.2721072688778827,12.437050151137877,HIGH_RISK,SUPPLIER_ESCALATION,200.02487410030227,ROBUST,True
26612,0.2975948720573965,0.0,10.446131559688638,LOW_RISK,NO_ACTION,0.0,ROBUST,False
26617,0.41665602887322517,0.0,9.258225364696756,WATCH,MONITOR,-10.0,ROBUST,False
26619,0.2902816312756225,0.0,5.420534999272286,LOW_RISK,NO_ACTION,0.0,ROBUST,False
26655,0.31464931189419754,0.0,5.365789081663049,WATCH,MONITOR,-10.0,ROBUST,False
26686,0.4084544192683289,0.0,11.759793355371237,WATCH,MONITOR,-10.0,ROBUST,False
26718,0.36450612250603664,0.0,5.93197990027309,WATCH,MONITOR,-10.0,ROBUST,False
26741,0.26373796835295704,0.0,10.787606270703932,LOW_RISK,NO_ACTION,0.0,ROBUST,False
26791,0.45816508447768756,0.0,10.18891383260032,WATCH,MONITOR,-10.0,ROBUST,False
26800,0.16502682746539143,0.0,13.251440614991951,LOW_RISK,NO_ACTION,0.0,ROBUST,False
26821,0.4982065794361299,0.0,11.104972264124868,WATCH,MONITOR,-10.0,ROBUST,False
26829,0.6022688624934426,40.7289230412542,12.7647964357539,HIGH_RISK,EXPEDITE,250.0638239821792,SENSITIVE,True
26841,0.10597998844169557,0.0,8.766861821669803,LOW_RISK,NO_ACTION,0.0,ROBUST,False
26843,0.45600756045950586,0.0,5.8664680569332965,WATCH,MONITOR,-10.0,ROBUST,False
26849,0.6730446889728898,69.47562161479969,13.098137506373167,HIGH_RISK,TRANSPORT_MODE_REVIEW,350.03929441251967,ROBUST,True
26879,0.878110363438892,50.73067756415317,9.984835254487953,CRITICAL,HUMAN_REVIEW,-50.0,ROBUST,True
26895,0.4244061499728278,0.0,9.745174471925568,WATCH,MONITOR,-10.0,ROBUST,False
26898,0.44359455641284673,0.0,8.72029728739272,WATCH,MONITOR,-10.0,ROBUST,False
26917,0.49663769426566673,0.0,10.033243075528665,WATCH,MONITOR,-10.0,ROBUST,False
26927,0.21761588401599963,0.0,7.278753158208054,LOW_RISK,NO_ACTION,0.0,ROBUST,False
26961,0.38409733677090363,0.0,9.842158807883381,WATCH,MONITOR,-10.0,ROBUST,False
26965,0.1461599433123313,0.0,8.285803231748051,LOW_RISK,NO_ACTION,0.0,ROBUST,False
26985,0.26272371654273974,0.0,9.65020690680168,LOW_RISK,NO_ACTION,0.0,ROBUST,False
26996,0.4391886773250362,0.0,5.645906156125512,WATCH,MONITOR,-10.0,ROBUST,False
27015,0.24706321842364334,0.0,10.357774570341576,LOW_RISK,NO_ACTION,0.0,ROBUST,False
27026,0.7617483830025764,10.276292782360294,9.665618612906377,HIGH_RISK,HUMAN_REVIEW,-50.0,ROBUST,True
27049,0.3015093774898536,0.0,11.297330104253323,WATCH,MONITOR,-10.0,ROBUST,False
27067,0.358380612444818,0.0,8.774158291205957,WATCH,MONITOR,-10.0,ROBUST,False
27092,0.489157755755078,0.0,9.631488522419533,WATCH,MONITOR,-10.0,ROBUST,False
27118,0.12229421060056085,0.0,13.620042969500304,LOW_RISK,NO_ACTION,0.0,ROBUST,False
27177,0.3295846070006519,0.0,9.423312367968895,WATCH,MONITOR,-10.0,ROBUST,False
27185,0.44521151170011397,0.0,7.804659297056102,WATCH,MONITOR,-10.0,ROBUST,False
27186,0.292553084699371,0.0,7.9136490266470405,LOW_RISK,NO_ACTION,0.0,ROBUST,False
27200,0.13141087437662913,0.0,12.984654126815128,LOW_RISK,NO_ACTION,0.0,ROBUST,False
27234,0.32421574096670835,0.0,8.493162759535819,WATCH,MONITOR,-10.0,ROBUST,False
27236,0.23282955632952818,0.0,7.749063810522603,LOW_RISK,NO_ACTION,0.0,ROBUST,False
27238,0.16197671413517437,0.0,7.436617265234227,LOW_RISK,NO_ACTION,0.0,ROBUST,False
27267,0.4396138053133892,0.0,12.676232512570149,WATCH,MONITOR,-10.0,ROBUST,False
27269,0.3086398051964486,0.0,9.246855505270002,WATCH,MONITOR,-10.0,ROBUST,False
27297,0.4733105649516267,0.0,10.807240007712178,WATCH,MONITOR,-10.0,ROBUST,False
27300,0.4224066018412277,0.0,12.102401868126895,WATCH,MONITOR,-10.0,ROBUST,False
27327,0.7450636940159774,5.300366896182695,12.502645081327401,HIGH_RISK,EXPEDITE,250.06251322540663,SENSITIVE,True
27400,0.10201020134612478,0.0,11.472113887062386,LOW_RISK,NO_ACTION,0.0,ROBUST,False
27421,0.27112938265529996,0.0,11.017989594425455,LOW_RISK,NO_ACTION,0.0,ROBUST,False
27430,0.17899451266081293,0.0,3.527830032595521,LOW_RISK,NO_ACTION,0.0,ROBUST,False
27460,0.4643191644195471,0.0,9.815803221891244,WATCH,MONITOR,-10.0,ROBUST,False
27461,0.16983359387054411,0.0,7.920595422495568,LOW_RISK,NO_ACTION,0.0,ROBUST,False
27462,0.21442402066371422,0.0,6.594194557543465,LOW_RISK,NO_ACTION,0.0,ROBUST,False
27474,0.3067347070937997,0.0,8.54110501146255,WATCH,MONITOR,-10.0,ROBUST,False
27553,0.2053454475992317,0.0,8.513173121753347,LOW_RISK,NO_ACTION,0.0,ROBUST,False
27563,0.1839458709116485,0.0,12.146298755488822,LOW_RISK,NO_ACTION,0.0,ROBUST,False
27574,0.339639730041101,0.0,11.401390370217602,WATCH,MONITOR,-10.0,ROBUST,False
27586,0.13557180910200956,0.0,7.233455418621439,LOW_RISK,NO_ACTION,0.0,ROBUST,False
27604,0.12326710348836989,0.0,11.424323733127357,LOW_RISK,NO_ACTION,0.0,ROBUST,False
27614,0.24889811807442858,0.0,7.316548177182976,LOW_RISK,NO_ACTION,0.0,ROBUST,False
27634,0.38826578180314497,0.0,11.002116507732017,WATCH,MONITOR,-10.0,ROBUST,False
27664,0.3219227033095792,0.0,12.258763952242946,WATCH,MONITOR,-10.0,ROBUST,False
27670,0.26915058738671155,0.0,7.21865326448392,LOW_RISK,NO_ACTION,0.0,ROBUST,False
27675,0.326300625689833,0.0,2.5416019934645457,WATCH,MONITOR,-10.0,ROBUST,False
27697,0.24618059386130944,0.0,9.848872959262906,LOW_RISK,NO_ACTION,0.0,ROBUST,False
27708,0.4744585341728452,0.0,10.77228827467366,WATCH,MONITOR,-10.0,ROBUST,False
27765,0.12196195636430973,0.0,12.181111184303246,LOW_RISK,NO_ACTION,0.0,ROBUST,False
27777,0.3693565916119341,0.0,10.415412571745419,WATCH,MONITOR,-10.0,ROBUST,False
27781,0.4565130659311002,0.0,7.879741800026524,WATCH,MONITOR,-10.0,ROBUST,False
27798,0.4215538834941014,0.0,10.383303198614643,WATCH,MONITOR,-10.0,ROBUST,False
27804,0.17361641392857868,0.0,11.623970294262381,LOW_RISK,NO_ACTION,0.0,ROBUST,False
27820,0.21837053959211536,0.0,8.967108902674273,LOW_RISK,NO_ACTION,0.0,ROBUST,False
27829,0.38681917548284195,0.0,6.825460036255307,WATCH,MONITOR,-10.0,ROBUST,False
27833,0.13370822367230623,0.0,13.103409909869926,LOW_RISK,NO_ACTION,0.0,ROBUST,False
27842,0.42474467993303366,0.0,11.282165482139732,WATCH,MONITOR,-10.0,ROBUST,False
27875,0.3875627778419162,0.0,6.4768185049003035,WATCH,MONITOR,-10.0,ROBUST,False
27881,0.391842659694137,0.0,11.66640489098562,WATCH,MONITOR,-10.0,ROBUST,False
27936,0.14009654810703656,0.0,4.129711706059392,LOW_RISK,NO_ACTION,0.0,ROBUST,False
27938,0.3871042179264924,0.0,12.151832909380062,WATCH,MONITOR,-10.0,ROBUST,False
27942,0.371927250087988,0.0,9.602017528307961,WATCH,MONITOR,-10.0,ROBUST,False
27964,0.43236899632874026,0.0,8.525359754082631,WATCH,MONITOR,-10.0,ROBUST,False
27969,0.1166383825025878,0.0,6.8870116090441895,LOW_RISK,NO_ACTION,0.0,ROBUST,False
28001,0.7172717987716544,51.87369162736317,12.444766659232682,HIGH_RISK,TRANSPORT_MODE_REVIEW,350.0373342999783,ROBUST,True
28031,0.2492028399514243,0.0,6.996681488176539,LOW_RISK,NO_ACTION,0.0,ROBUST,False
28039,0.15951531353966117,0.0,7.153223764097367,LOW_RISK,NO_ACTION,0.0,ROBUST,False
28085,0.3233537910280888,0.0,8.631878099494381,WATCH,MONITOR,-10.0,ROBUST,False
28086,0.4669395606026996,0.0,5.381600970684774,WATCH,MONITOR,-10.0,ROBUST,False
28158,0.25659189213360634,0.0,5.830003880981357,LOW_RISK,NO_ACTION,0.0,ROBUST,False
28160,0.43798015090904163,0.0,4.242189689486082,WATCH,MONITOR,-10.0,ROBUST,False
28181,0.1000963498071466,0.0,13.673036071966845,LOW_RISK,NO_ACTION,0.0,ROBUST,False
28190,0.1674058573836737,0.0,13.500801182986649,LOW_RISK,NO_ACTION,0.0,ROBUST,False
28192,0.11216941586163426,0.0,12.880019167574371,LOW_RISK,NO_ACTION,0.0,ROBUST,False
28204,0.23125887220602748,0.0,13.32134208043608,LOW_RISK,NO_ACTION,0.0,ROBUST,False
28210,0.4632758382786012,0.0,12.275761941124218,WATCH,MONITOR,-10.0,ROBUST,False
28230,0.13878084943959512,0.0,12.804911893867851,LOW_RISK,NO_ACTION,0.0,ROBUST,False
28231,0.3425639106975201,0.0,6.970401385632408,WATCH,MONITOR,-10.0,ROBUST,False
28240,0.2805983756477777,0.0,11.26860373071682,LOW_RISK,NO_ACTION,0.0,ROBUST,False
28241,0.475387284946325,0.0,13.163476759866994,WATCH,MONITOR,-10.0,ROBUST,False
28262,0.14900765701483754,0.0,12.64613561838735,LOW_RISK,NO_ACTION,0.0,ROBUST,False
28265,0.1848111402008916,0.0,11.734475747705874,LOW_RISK,NO_ACTION,0.0,ROBUST,False
28268,0.11181678744459732,0.0,4.143769445549624,LOW_RISK,NO_ACTION,0.0,ROBUST,False
28282,0.27357409985254955,0.0,10.864235264358811,LOW_RISK,NO_ACTION,0.0,ROBUST,False
28302,0.21113315982586173,0.0,6.278746539538423,LOW_RISK,NO_ACTION,0.0,ROBUST,False
28306,0.44796237355612833,0.0,8.988570876215118,WATCH,MONITOR,-10.0,ROBUST,False
28309,0.34197632527910204,0.0,4.207673247529104,WATCH,MONITOR,-10.0,ROBUST,False
28318,0.3456362951902807,0.0,12.003350402638521,WATCH,MONITOR,-10.0,ROBUST,False
28322,0.312764278752521,0.0,14.010255457801716,WATCH,MONITOR,-10.0,ROBUST,False
28331,0.1367401348916804,0.0,13.344871526893549,LOW_RISK,NO_ACTION,0.0,ROBUST,False
28333,0.2780074734901421,0.0,12.918147683631876,LOW_RISK,NO_ACTION,0.0,ROBUST,False
28335,0.49980207588340664,0.0,12.611541086966115,WATCH,MONITOR,-10.0,ROBUST,False
28418,0.7620035743813531,3.072788224200818,11.349774571119157,HIGH_RISK,TRANSPORT_MODE_REVIEW,350.03404932371336,ROBUST,True
28439,0.45738362166684643,0.0,13.249561507190906,WATCH,MONITOR,-10.0,ROBUST,False
28471,0.7952632107141583,2.653938392819258,12.438437549185982,HIGH_RISK,HUMAN_REVIEW,-50.0,SENSITIVE,True
28493,0.14121667737239307,0.0,8.915007775420536,LOW_RISK,NO_ACTION,0.0,ROBUST,False
28506,0.19097930162591986,0.0,7.970135716728187,LOW_RISK,NO_ACTION,0.0,ROBUST,False
28515,0.6999005739174594,26.7132981738659,10.302894346060329,HIGH_RISK,HUMAN_REVIEW,-50.0,ROBUST,True
28532,0.2214040499512446,0.0,12.279101428425735,LOW_RISK,NO_ACTION,0.0,ROBUST,False
28534,0.14344296093859704,0.0,12.639311792615995,LOW_RISK,NO_ACTION,0.0,ROBUST,False
28542,0.7985517569548136,15.951570383865608,11.760223728134582,HIGH_RISK,HUMAN_REVIEW,-50.0,ROBUST,True
28544,0.3708509954295608,0.0,10.518511016314495,WATCH,MONITOR,-10.0,ROBUST,False
28545,0.44980211801523085,0.0,8.853808274977197,WATCH,MONITOR,-10.0,ROBUST,False
28553,0.3996868660363593,0.0,12.859028674213462,WATCH,MONITOR,-10.0,ROBUST,False
28566,0.4754342383114021,0.0,12.294088101596984,WATCH,MONITOR,-10.0,ROBUST,False
28577,0.12155931615751553,0.0,13.871575246126515,LOW_RISK,NO_ACTION,0.0,ROBUST,False
28595,0.10487193416661658,0.0,11.415544141828516,LOW_RISK,NO_ACTION,0.0,ROBUST,False
28601,0.36453524553448513,0.0,9.19023970026918,WATCH,MONITOR,-10.0,ROBUST,False
28617,0.2157409640888985,0.0,11.614768802602617,LOW_RISK,NO_ACTION,0.0,ROBUST,False
28656,0.20140040644230928,0.0,10.149096848566002,LOW_RISK,NO_ACTION,0.0,ROBUST,False
28664,0.23235483507751772,0.0,10.68005588125344,LOW_RISK,NO_ACTION,0.0,ROBUST,False
28673,0.6290029348940158,7.443399858118829,13.13825692320706,HIGH_RISK,SUPPLIER_ESCALATION,200.02627651384637,ROBUST,True
28676,0.3045745625206349,0.0,11.517723933881802,WATCH,MONITOR,-10.0,ROBUST,False
28689,0.27605937888965304,0.0,9.90225879792629,LOW_RISK,NO_ACTION,0.0,ROBUST,False
28691,0.3049714205506625,0.0,6.684049069405451,WATCH,MONITOR,-10.0,ROBUST,False
28703,0.36908544460017445,0.0,11.865278081094223,WATCH,MONITOR,-10.0,ROBUST,False
28724,0.25485220358845934,0.0,5.801211619987747,LOW_RISK,NO_ACTION,0.0,ROBUST,False
28773,0.20052307485686272,0.0,12.182604408086549,LOW_RISK,NO_ACTION,0.0,ROBUST,False
28777,0.1664802147234982,0.0,9.19023970026918,LOW_RISK,NO_ACTION,0.0,ROBUST,False
28778,0.23978964781305023,0.0,12.388398368982115,LOW_RISK,NO_ACTION,0.0,ROBUST,False
28802,0.3967225900984689,0.0,10.482933978579906,WATCH,MONITOR,-10.0,ROBUST,False
28825,0.4026819640445879,0.0,10.52085998803243,WATCH,MONITOR,-10.0,ROBUST,False
28838,0.3667621546736841,0.0,12.830675960927596,WATCH,MONITOR,-10.0,ROBUST,False
28844,0.19361127012274984,0.0,5.1442333511653215,LOW_RISK,NO_ACTION,0.0,ROBUST,False
28862,0.33523449834187913,0.0,12.837030490121736,WATCH,MONITOR,-10.0,ROBUST,False
28888,0.3282758646307392,0.0,8.503297086224126,WATCH,MONITOR,-10.0,ROBUST,False
28908,0.2937064792438902,0.0,11.25154096038124,LOW_RISK,NO_ACTION,0.0,ROBUST,False
28913,0.3199915945535457,0.0,11.695255355062795,WATCH,MONITOR,-10.0,ROBUST,False
28918,0.29671625304946725,0.0,12.388398368982115,LOW_RISK,NO_ACTION,0.0,ROBUST,False
28923,0.3261825464296433,0.0,7.878912912297133,WATCH,MONITOR,-10.0,ROBUST,False
28928,0.38620238184845157,0.0,12.5375513279437,WATCH,MONITOR,-10.0,ROBUST,False
28960,0.1438512777613759,0.0,9.768220941003971,LOW_RISK,NO_ACTION,0.0,ROBUST,False
28992,0.3998503008596095,0.0,10.422311107413181,WATCH,MONITOR,-10.0,ROBUST,False
28996,0.1543544600510377,0.0,6.842683282238422,LOW_RISK,NO_ACTION,0.0,ROBUST,False
28998,0.1266511993641499,0.0,12.372801177206716,LOW_RISK,NO_ACTION,0.0,ROBUST,False
29020,0.49043187448858705,0.0,11.101960259016467,WATCH,MONITOR,-10.0,ROBUST,False
29036,0.4827967075481766,0.0,8.65964715921117,WATCH,MONITOR,-10.0,ROBUST,False
29043,0.12417461797622563,0.0,8.532180321224486,LOW_RISK,NO_ACTION,0.0,ROBUST,False
29061,0.2773013765899849,0.0,8.737292112544221,LOW_RISK,NO_ACTION,0.0,ROBUST,False
29071,0.1744979753199099,0.0,11.789700774333314,LOW_RISK,NO_ACTION,0.0,ROBUST,False
29116,0.29413795885376726,0.0,6.872728957058459,LOW_RISK,NO_ACTION,0.0,ROBUST,False
29125,0.43207089719983494,0.0,12.475516406505532,WATCH,MONITOR,-10.0,ROBUST,False
29133,0.4802447098971562,0.0,11.33756144826377,WATCH,MONITOR,-10.0,ROBUST,False
29155,0.35370106138061497,0.0,10.385944565501662,WATCH,MONITOR,-10.0,ROBUST,False
29157,0.24156226688472682,0.0,12.169718519786443,LOW_RISK,NO_ACTION,0.0,ROBUST,False
29207,0.3413302262578394,0.0,7.867369833193818,WATCH,MONITOR,-10.0,ROBUST,False
29219,0.22480052244338014,0.0,6.62628056760634,LOW_RISK,NO_ACTION,0.0,ROBUST,False
29224,0.4639294563328241,0.0,8.54110501146255,WATCH,MONITOR,-10.0,ROBUST,False
29259,0.4481601852423348,0.0,12.356563780240144,WATCH,MONITOR,-10.0,ROBUST,False
29274,0.3232927001118644,0.0,12.570719231334277,WATCH,MONITOR,-10.0,ROBUST,False
29281,0.22991956615214423,0.0,13.554761188851087,LOW_RISK,NO_ACTION,0.0,ROBUST,False
29282,0.21735587023319136,0.0,11.780426360484954,LOW_RISK,NO_ACTION,0.0,ROBUST,False
29298,0.11336719788202379,0.0,9.546884034617925,LOW_RISK,NO_ACTION,0.0,ROBUST,False
29317,0.42632834041011813,0.0,9.510519035757246,WATCH,MONITOR,-10.0,ROBUST,False
29347,0.28015328521560323,0.0,6.660575149839686,LOW_RISK,NO_ACTION,0.0,ROBUST,False
29359,0.23005317136010578,0.0,12.06389835327739,LOW_RISK,NO_ACTION,0.0,ROBUST,False
29391,0.28844414199910157,0.0,5.184420519867924,LOW_RISK,NO_ACTION,0.0,ROBUST,False
29427,0.4274951961818608,0.0,10.124589020216114,WATCH,MONITOR,-10.0,ROBUST,False
29479,0.1498456830830085,0.0,9.208538750029554,LOW_RISK,NO_ACTION,0.0,ROBUST,False
29538,0.44306239529673097,0.0,12.280835902937609,WATCH,MONITOR,-10.0,ROBUST,False
29596,0.4590035340433416,0.0,12.87018100113695,WATCH,MONITOR,-10.0,ROBUST,False
29608,0.4786831660135553,0.0,5.942799375126701,WATCH,MONITOR,-10.0,ROBUST,False
29616,0.25899519696905116,0.0,12.046754470501183,LOW_RISK,NO_ACTION,0.0,ROBUST,False
29677,0.18685616161506877,0.0,9.811755961936536,LOW_RISK,NO_ACTION,0.0,ROBUST,False
29706,0.24945632738667942,0.0,9.513181956185786,LOW_RISK,NO_ACTION,0.0,ROBUST,False
29725,0.2331648384925613,0.0,12.517615277194828,LOW_RISK,NO_ACTION,0.0,ROBUST,False
29727,0.170461565001144,0.0,11.736077016252437,LOW_RISK,NO_ACTION,0.0,ROBUST,False
29734,0.3429066680405952,0.0,8.616314282284044,WATCH,MONITOR,-10.0,ROBUST,False
29752,0.29064966420345156,0.0,13.161586013632684,LOW_RISK,NO_ACTION,0.0,ROBUST,False
29833,0.44628039692960153,0.0,8.844278652642785,WATCH,MONITOR,-10.0,ROBUST,False
29880,0.1128438321928233,0.0,10.229945527689226,LOW_RISK,NO_ACTION,0.0,ROBUST,False
29913,0.3575471710220506,0.0,9.357466436866476,WATCH,MONITOR,-10.0,ROBUST,False
29925,0.40517955140462447,0.0,12.315110890044963,WATCH,MONITOR,-10.0,ROBUST,False
29932,0.4037946276753228,0.0,13.24554866569269,WATCH,MONITOR,-10.0,ROBUST,False
29938,0.7507698229390327,7.5008194494394385,12.162125982647739,HIGH_RISK,TRANSPORT_MODE_REVIEW,350.036486377948,ROBUST,True
29951,0.3916134971317976,0.0,9.53365499705667,WATCH,MONITOR,-10.0,ROBUST,False
29957,0.47112402465907854,0.0,8.267518275542919,WATCH,MONITOR,-10.0,ROBUST,False
29963,0.2330626399283566,0.0,7.463162222143505,LOW_RISK,NO_ACTION,0.0,ROBUST,False
29968,0.30128376670061724,0.0,10.616461869895815,WATCH,MONITOR,-10.0,ROBUST,False
29979,0.10563186531315627,0.0,8.30671904320269,LOW_RISK,NO_ACTION,0.0,ROBUST,False
29983,0.10278303492131649,0.0,4.517758728977122,LOW_RISK,NO_ACTION,0.0,ROBUST,False
30022,0.19605064818060797,0.0,9.082734247371036,LOW_RISK,NO_ACTION,0.0,ROBUST,False
30030,0.1403228788556341,0.0,7.105786129481271,LOW_RISK,NO_ACTION,0.0,ROBUST,False
30065,0.20408454717430147,0.0,11.695255355062795,LOW_RISK,NO_ACTION,0.0,ROBUST,False
30075,0.17081731781135895,0.0,12.747996274706027,LOW_RISK,NO_ACTION,0.0,ROBUST,False
30084,0.1114080099354593,0.0,4.670021158307708,LOW_RISK,NO_ACTION,0.0,ROBUST,False
30103,0.46372165856241976,0.0,7.4596383895379015,WATCH,MONITOR,-10.0,ROBUST,False
30112,0.10328925255555661,0.0,11.412810279594167,LOW_RISK,NO_ACTION,0.0,ROBUST,False
30119,0.39443285773483416,0.0,7.611718751975932,WATCH,MONITOR,-10.0,ROBUST,False
30130,0.16085915476780663,0.0,8.084636395236076,LOW_RISK,NO_ACTION,0.0,ROBUST,False
30159,0.46489184879984,0.0,12.335349374897772,WATCH,MONITOR,-10.0,ROBUST,False
30164,0.4571183758359544,0.0,7.955425088912672,WATCH,MONITOR,-10.0,ROBUST,False
30186,0.3615604585477029,0.0,8.054840221101024,WATCH,MONITOR,-10.0,ROBUST,False
30211,0.36889365992024203,0.0,9.911505324129712,WATCH,MONITOR,-10.0,ROBUST,False
30213,0.10213565678787542,0.0,8.339070805749548,LOW_RISK,NO_ACTION,0.0,ROBUST,False
30220,0.4939486264454408,0.0,7.860570785538664,WATCH,MONITOR,-10.0,ROBUST,False
30223,0.45113304143032573,0.0,10.993618139720157,WATCH,MONITOR,-10.0,ROBUST,False
30226,0.4580424902920368,0.0,12.994532278619134,WATCH,MONITOR,-10.0,ROBUST,False
30237,0.3636978148203488,0.0,8.371242135931933,WATCH,MONITOR,-10.0,ROBUST,False
30248,0.2379147714618146,0.0,5.365789081663049,LOW_RISK,NO_ACTION,0.0,ROBUST,False
30256,0.4574594596361924,0.0,9.265775078864284,WATCH,MONITOR,-10.0,ROBUST,False
30257,0.21660677126047695,0.0,9.597030324758013,LOW_RISK,NO_ACTION,0.0,ROBUST,False
30274,0.32508461733688115,0.0,12.899222326086994,WATCH,MONITOR,-10.0,ROBUST,False
30320,0.13989238893755296,0.0,11.032564382008058,LOW_RISK,NO_ACTION,0.0,ROBUST,False
30349,0.4687822520531001,0.0,11.87757552297847,WATCH,MONITOR,-10.0,ROBUST,False
30363,0.15630818310848535,0.0,8.988570876215118,LOW_RISK,NO_ACTION,0.0,ROBUST,False
30388,0.18995872229216293,0.0,7.405495663199472,LOW_RISK,NO_ACTION,0.0,ROBUST,False
30412,0.323253663251286,0.0,7.065613363597717,WATCH,MONITOR,-10.0,ROBUST,False
30462,0.40563720008519266,0.0,7.222259402477118,WATCH,MONITOR,-10.0,ROBUST,False
30475,0.3477405223745196,0.0,6.68586094706836,WATCH,MONITOR,-10.0,ROBUST,False
30494,0.899009056155893,13.01366454870951,13.13255328351745,CRITICAL,HUMAN_REVIEW,-50.0,ROBUST,True
30508,0.10037721701099614,0.0,8.946505025998682,LOW_RISK,NO_ACTION,0.0,ROBUST,False
30519,0.4028602321229757,0.0,13.572573654310872,WATCH,MONITOR,-10.0,ROBUST,False
30561,0.4940829303644375,0.0,13.631448287006123,WATCH,MONITOR,-10.0,ROBUST,False
30573,0.4239652481224362,0.0,12.10049366156544,WATCH,MONITOR,-10.0,ROBUST,False
30589,0.28408264726264615,0.0,5.212214667494625,LOW_RISK,NO_ACTION,0.0,ROBUST,False
30601,0.4615069045596426,0.0,12.177678315028167,WATCH,MONITOR,-10.0,ROBUST,False
30615,0.26393906924734,0.0,12.24683543829804,LOW_RISK,NO_ACTION,0.0,ROBUST,False
30618,0.30997363369738706,0.0,9.013960457931187,WATCH,MONITOR,-10.0,ROBUST,False
30629,0.7349353946463968,1.7656006652464362,10.908649597312916,HIGH_RISK,HUMAN_REVIEW,-50.0,SENSITIVE,True
30633,0.6583867535462296,45.43339647468809,12.141168457544628,HIGH_RISK,SUPPLIER_ESCALATION,200.02428233691535,ROBUST,True
30649,0.4100763077175623,0.0,10.864445867168525,WATCH,MONITOR,-10.0,ROBUST,False
30717,0.3107075629077968,0.0,5.572039957230401,WATCH,MONITOR,-10.0,ROBUST,False
30720,0.22668684881008644,0.0,10.237707254104047,LOW_RISK,NO_ACTION,0.0,ROBUST,False
30724,0.20326326706339135,0.0,8.613226745885648,LOW_RISK,NO_ACTION,0.0,ROBUST,False
30728,0.11509892678697337,0.0,7.173237753698005,LOW_RISK,NO_ACTION,0.0,ROBUST,False
30784,0.3332780647532184,0.0,12.686864744391645,WATCH,MONITOR,-10.0,ROBUST,False
30788,0.1919845661604137,0.0,8.56216655705897,LOW_RISK,NO_ACTION,0.0,ROBUST,False
30819,0.15925356880655325,0.0,11.51293546492023,LOW_RISK,NO_ACTION,0.0,ROBUST,False
30842,0.36153198553107113,0.0,7.953845448391137,WATCH,MONITOR,-10.0,ROBUST,False
30850,0.37248370312861956,0.0,9.142703723260372,WATCH,MONITOR,-10.0,ROBUST,False
30904,0.8280869469366405,3.0294227311869717,12.326766108447973,HIGH_RISK,HUMAN_REVIEW,-50.0,SENSITIVE,True
30915,0.3014307585354366,0.0,12.6066290590188,WATCH,MONITOR,-10.0,ROBUST,False
30942,0.45762184208155465,0.0,10.320073922851407,WATCH,MONITOR,-10.0,ROBUST,False
30974,0.47453710135929117,0.0,9.208292276058863,WATCH,MONITOR,-10.0,ROBUST,False
30977,0.42294837591699574,0.0,8.000684784514748,WATCH,MONITOR,-10.0,ROBUST,False
30982,0.35423739280327493,0.0,13.052372150583638,WATCH,MONITOR,-10.0,ROBUST,False
30998,0.22148838143647548,0.0,6.68586094706836,LOW_RISK,NO_ACTION,0.0,ROBUST,False
31041,0.4931779686480885,0.0,11.50230476446953,WATCH,MONITOR,-10.0,ROBUST,False
31116,0.20965446687677536,0.0,12.218332189285862,LOW_RISK,NO_ACTION,0.0,ROBUST,False
31146,0.18106276879617245,0.0,11.469172094830254,LOW_RISK,NO_ACTION,0.0,ROBUST,False
31156,0.2768616455146331,0.0,4.174387269895637,LOW_RISK,NO_ACTION,0.0,ROBUST,False
31177,0.1227362282849554,0.0,7.152268856032539,LOW_RISK,NO_ACTION,0.0,ROBUST,False
31203,0.4913977858687163,0.0,10.961113770724259,WATCH,MONITOR,-10.0,ROBUST,False
31254,0.33537342256656993,0.0,10.084808608996498,WATCH,MONITOR,-10.0,ROBUST,False
31304,0.32278083666567015,0.0,5.420534999272286,WATCH,MONITOR,-10.0,ROBUST,False
31306,0.36231851195988796,0.0,3.3339886319687055,WATCH,MONITOR,-10.0,ROBUST,False
31324,0.29880945911088264,0.0,13.85360178733699,LOW_RISK,NO_ACTION,0.0,ROBUST,False
31332,0.11282540683781664,0.0,10.529479457908666,LOW_RISK,NO_ACTION,0.0,ROBUST,False
31363,0.3449245155361587,0.0,3.3446270301737613,WATCH,MONITOR,-10.0,ROBUST,False
31368,0.3864695507825723,0.0,11.824087219587643,WATCH,MONITOR,-10.0,ROBUST,False
31430,0.26669962424962124,0.0,7.752335163302292,LOW_RISK,NO_ACTION,0.0,ROBUST,False
31462,0.40291822882847717,0.0,8.997580226041661,WATCH,MONITOR,-10.0,ROBUST,False
31473,0.19080051973536827,0.0,6.867683003352428,LOW_RISK,NO_ACTION,0.0,ROBUST,False
31486,0.18851063642647362,0.0,9.575052927597383,LOW_RISK,NO_ACTION,0.0,ROBUST,False
31551,0.16456679507502958,0.0,9.700207901150696,LOW_RISK,NO_ACTION,0.0,ROBUST,False
31561,0.24879790391566475,0.0,6.246319921056872,LOW_RISK,NO_ACTION,0.0,ROBUST,False
31569,0.8360710158765885,149.8580137645461,10.804414869215568,HIGH_RISK,TRANSPORT_MODE_REVIEW,350.0324132446076,ROBUST,True
31574,0.4311648248596257,0.0,12.119992834498207,WATCH,MONITOR,-10.0,ROBUST,False
31648,0.2531296831854015,0.0,12.785656061154064,LOW_RISK,NO_ACTION,0.0,ROBUST,False
31662,0.3356474943920946,0.0,5.883099522429857,WATCH,MONITOR,-10.0,ROBUST,False
31670,0.6764011866138153,32.81572592575362,12.163982764247752,HIGH_RISK,HUMAN_REVIEW,-50.0,ROBUST,True
31694,0.1964827098512092,0.0,13.456986763096339,LOW_RISK,NO_ACTION,0.0,ROBUST,False
31709,0.16725643435789883,0.0,8.557759153162898,LOW_RISK,NO_ACTION,0.0,ROBUST,False
31712,0.4888383972849244,0.0,8.176447838021847,WATCH,MONITOR,-10.0,ROBUST,False
31740,0.34702292528384737,0.0,9.51839255773232,WATCH,MONITOR,-10.0,ROBUST,False
31750,0.49256628873346553,0.0,10.892046851609765,WATCH,MONITOR,-10.0,ROBUST,False
31761,0.23510239485289164,0.0,4.636087288622813,LOW_RISK,NO_ACTION,0.0,ROBUST,False
31805,0.3812126799896526,0.0,11.851696200874079,WATCH,MONITOR,-10.0,ROBUST,False
31829,0.1890414546164951,0.0,8.569026340056254,LOW_RISK,NO_ACTION,0.0,ROBUST,False
31847,0.20448006850956518,0.0,1.7867469274045107,LOW_RISK,NO_ACTION,0.0,ROBUST,False
31859,0.30476084850784957,0.0,6.451812333384736,WATCH,MONITOR,-10.0,ROBUST,False
31861,0.2278472502032285,0.0,8.350448876951146,LOW_RISK,NO_ACTION,0.0,ROBUST,False
31892,0.16704862553623379,0.0,11.810028743164658,LOW_RISK,NO_ACTION,0.0,ROBUST,False
31909,0.20515228079573042,0.0,12.315586026095211,LOW_RISK,NO_ACTION,0.0,ROBUST,False
31912,0.11429935778634587,0.0,11.916411282240652,LOW_RISK,NO_ACTION,0.0,ROBUST,False
31917,0.3817694485909947,0.0,13.294333206129364,WATCH,MONITOR,-10.0,ROBUST,False
31936,0.2968466628343447,0.0,11.99574844904541,LOW_RISK,NO_ACTION,0.0,ROBUST,False
31941,0.13769722656181027,0.0,11.386042096609875,LOW_RISK,NO_ACTION,0.0,ROBUST,False
32026,0.16867759725139647,0.0,8.029367691879308,LOW_RISK,NO_ACTION,0.0,ROBUST,False
32029,0.14101381524505763,0.0,12.18038574379814,LOW_RISK,NO_ACTION,0.0,ROBUST,False
32059,0.34503712331035064,0.0,6.8679744089702925,WATCH,MONITOR,-10.0,ROBUST,False
32064,0.13768414544499752,0.0,12.636038477900623,LOW_RISK,NO_ACTION,0.0,ROBUST,False
32077,0.4017129332140864,0.0,6.5998704992128365,WATCH,MONITOR,-10.0,ROBUST,False
32094,0.10820436772815648,0.0,11.567468572988442,LOW_RISK,NO_ACTION,0.0,ROBUST,False
32111,0.19975031519835684,0.0,8.163371316459912,LOW_RISK,NO_ACTION,0.0,ROBUST,False
32135,0.45626667035676294,0.0,11.5051553557058,WATCH,MONITOR,-10.0,ROBUST,False
32150,0.3874125272488984,0.0,9.811427086686914,WATCH,MONITOR,-10.0,ROBUST,False
32189,0.1291873331702751,0.0,12.087294740154986,LOW_RISK,NO_ACTION,0.0,ROBUST,False
32193,0.4284504417940719,0.0,5.8664680569332965,WATCH,MONITOR,-10.0,ROBUST,False
32279,0.2972140486160819,0.0,8.023788275459864,LOW_RISK,NO_ACTION,0.0,ROBUST,False
32306,0.4387132108675317,0.0,9.19023970026918,WATCH,MONITOR,-10.0,ROBUST,False
32313,0.34029590978015734,0.0,9.396799191815614,WATCH,MONITOR,-10.0,ROBUST,False
32316,0.37273321281314353,0.0,2.833213344056216,WATCH,MONITOR,-10.0,ROBUST,False
32344,0.49740062415828323,0.0,10.816272145080996,WATCH,MONITOR,-10.0,ROBUST,False
32358,0.19293421836960728,0.0,12.294348414505922,LOW_RISK,NO_ACTION,0.0,ROBUST,False
32359,0.34957822990455534,0.0,5.831882477283517,WATCH,MONITOR,-10.0,ROBUST,False
32362,0.2841285560229594,0.0,9.094368195723762,LOW_RISK,NO_ACTION,0.0,ROBUST,False
32372,0.11578078116907659,0.0,10.544225026278328,LOW_RISK,NO_ACTION,0.0,ROBUST,False
32398,0.10578825660114602,0.0,8.759417540943234,LOW_RISK,NO_ACTION,0.0,ROBUST,False
32402,0.14769143112714347,0.0,7.910278751453935,LOW_RISK,NO_ACTION,0.0,ROBUST,False
32405,0.35963669621541927,0.0,13.502320573989586,WATCH,MONITOR,-10.0,ROBUST,False
32422,0.3268652351653569,0.0,12.460090638107612,WATCH,MONITOR,-10.0,ROBUST,False
32435,0.32137182446549095,0.0,14.596256901067402,WATCH,MONITOR,-10.0,ROBUST,False
32438,0.11274270501130404,0.0,9.712529811020604,LOW_RISK,NO_ACTION,0.0,ROBUST,False
32471,0.2877211985440028,0.0,12.820454529263161,LOW_RISK,NO_ACTION,0.0,ROBUST,False
32496,0.46984912713701144,0.0,10.356615840799385,WATCH,MONITOR,-10.0,ROBUST,False
32499,0.25903674772425866,0.0,11.711784520403112,LOW_RISK,NO_ACTION,0.0,ROBUST,False
32505,0.34996898791538256,0.0,9.74731315971569,WATCH,MONITOR,-10.0,ROBUST,False
32508,0.41192747024925747,0.0,3.022860940942244,WATCH,MONITOR,-10.0,ROBUST,False
32521,0.41357011165675506,0.0,11.38260035529399,WATCH,MONITOR,-10.0,ROBUST,False
32540,0.30771203295810856,0.0,10.640675541671662,WATCH,MONITOR,-10.0,ROBUST,False
32543,0.4431807781609346,0.0,13.215962312045301,WATCH,MONITOR,-10.0,ROBUST,False
32548,0.2565512373454988,0.0,9.589393056132515,LOW_RISK,NO_ACTION,0.0,ROBUST,False
32559,0.45547728591391934,0.0,8.047509510981422,WATCH,MONITOR,-10.0,ROBUST,False
32594,0.19609086655821814,0.0,9.066354521447801,LOW_RISK,NO_ACTION,0.0,ROBUST,False
32729,0.21208656279622842,0.0,7.541714929614266,LOW_RISK,NO_ACTION,0.0,ROBUST,False
32738,0.12124824967960045,0.0,13.314585758875547,LOW_RISK,NO_ACTION,0.0,ROBUST,False
32742,0.4182327346169131,0.0,9.236690147298965,WATCH,MONITOR,-10.0,ROBUST,False
32743,0.26682209449308225,0.0,11.70882936273745,LOW_RISK,NO_ACTION,0.0,ROBUST,False
32775,0.19164664556455963,0.0,9.595670797663967,LOW_RISK,NO_ACTION,0.0,ROBUST,False
32837,0.1927161110466319,0.0,11.157406994914858,LOW_RISK,NO_ACTION,0.0,ROBUST,False
32865,0.46055997649169333,0.0,12.968561636690737,WATCH,MONITOR,-10.0,ROBUST,False
32883,0.4335666401844148,0.0,6.3862899201118015,WATCH,MONITOR,-10.0,ROBUST,False
32892,0.32141235414287334,0.0,12.503888546849817,WATCH,MONITOR,-10.0,ROBUST,False
32893,0.34644432016628846,0.0,7.215975002651466,WATCH,MONITOR,-10.0,ROBUST,False
32903,0.2897302282201164,0.0,9.221983328935158,LOW_RISK,NO_ACTION,0.0,ROBUST,False
32938,0.25666661715152356,0.0,4.105449341954206,LOW_RISK,NO_ACTION,0.0,ROBUST,False
32953,0.46619075248733266,0.0,13.216056705353328,WATCH,MONITOR,-10.0,ROBUST,False
32959,0.15024508140812085,0.0,5.5254529391317835,LOW_RISK,NO_ACTION,0.0,ROBUST,False
32963,0.2673787158864912,0.0,10.464445296788119,LOW_RISK,NO_ACTION,0.0,ROBUST,False
32973,0.23782476319515014,0.0,7.5875942974783435,LOW_RISK,NO_ACTION,0.0,ROBUST,False
32986,0.29926028810045935,0.0,8.162732936100346,LOW_RISK,NO_ACTION,0.0,ROBUST,False
33019,0.28305274981807005,0.0,8.673441099094394,LOW_RISK,NO_ACTION,0.0,ROBUST,False
33050,0.3075558126604326,0.0,9.642836819135377,WATCH,MONITOR,-10.0,ROBUST,False
33077,0.15596759089079765,0.0,11.707249700555334,LOW_RISK,NO_ACTION,0.0,ROBUST,False
33116,0.30525660060531085,0.0,12.588583338673482,WATCH,MONITOR,-10.0,ROBUST,False
33144,0.19696752555488437,0.0,10.434733259991683,LOW_RISK,NO_ACTION,0.0,ROBUST,False
33168,0.17373253959527651,0.0,11.585511207691814,LOW_RISK,NO_ACTION,0.0,ROBUST,False
33179,0.1259336875144765,0.0,13.118678596931504,LOW_RISK,NO_ACTION,0.0,ROBUST,False
33190,0.40506102350245643,0.0,3.035914063186823,WATCH,MONITOR,-10.0,ROBUST,False
33218,0.27097676834262396,0.0,8.51398806046729,LOW_RISK,NO_ACTION,0.0,ROBUST,False
33232,0.3506574733247033,0.0,10.491857380698828,WATCH,MONITOR,-10.0,ROBUST,False
33263,0.3910373373218974,0.0,7.118680489451807,WATCH,MONITOR,-10.0,ROBUST,False
33296,0.3717266661254214,0.0,9.08044237058408,WATCH,MONITOR,-10.0,ROBUST,False
33305,0.2882002876358729,0.0,13.502320573989586,LOW_RISK,NO_ACTION,0.0,ROBUST,False
33314,0.25515941158069194,0.0,11.114624632046082,LOW_RISK,NO_ACTION,0.0,ROBUST,False
33359,0.2503839638562655,0.0,9.8001804826702,LOW_RISK,NO_ACTION,0.0,ROBUST,False
33360,0.35601951877202254,0.0,8.98632143762602,WATCH,MONITOR,-10.0,ROBUST,False
33379,0.29791774197674936,0.0,12.514863110043201,LOW_RISK,NO_ACTION,0.0,ROBUST,False
33402,0.4396528991954043,0.0,9.590897844378162,WATCH,MONITOR,-10.0,ROBUST,False
33403,0.6395186320363686,16.308581828191492,11.709026973944127,HIGH_RISK,TRANSPORT_MODE_REVIEW,350.03512708092194,ROBUST,True
33422,0.1682241512026074,0.0,11.687522598406465,LOW_RISK,NO_ACTION,0.0,ROBUST,False
33441,0.15449346061829028,0.0,9.966509298952284,LOW_RISK,NO_ACTION,0.0,ROBUST,False
33450,0.35216037041439985,0.0,11.966297807897858,WATCH,MONITOR,-10.0,ROBUST,False
33494,0.22049029922491178,0.0,10.404747571432418,LOW_RISK,NO_ACTION,0.0,ROBUST,False
33522,0.10742828750603955,0.0,12.165255859329688,LOW_RISK,NO_ACTION,0.0,ROBUST,False
33544,0.455457067745182,0.0,7.049081215072572,WATCH,MONITOR,-10.0,ROBUST,False
33615,0.19076030689752332,0.0,7.3938659899091075,LOW_RISK,NO_ACTION,0.0,ROBUST,False
33631,0.4717122606743237,0.0,7.865187954187467,WATCH,MONITOR,-10.0,ROBUST,False
33634,0.3869737803513015,0.0,12.990754524087636,WATCH,MONITOR,-10.0,ROBUST,False
33654,0.4050613959645938,0.0,6.332320020438949,WATCH,MONITOR,-10.0,ROBUST,False
33665,0.18058459831726417,0.0,12.9373656348175,LOW_RISK,NO_ACTION,0.0,ROBUST,False
33684,0.19367777024672517,0.0,12.372607749392252,LOW_RISK,NO_ACTION,0.0,ROBUST,False
33701,0.30850710152962635,0.0,3.672241812960913,WATCH,MONITOR,-10.0,ROBUST,False
33719,0.16883994105994488,0.0,4.531738907902208,LOW_RISK,NO_ACTION,0.0,ROBUST,False
33760,0.22217267707321292,0.0,11.255480281958997,LOW_RISK,NO_ACTION,0.0,ROBUST,False
33773,0.2285849911791218,0.0,6.064807941332192,LOW_RISK,NO_ACTION,0.0,ROBUST,False
33799,0.16385197330110562,0.0,9.244594928005162,LOW_RISK,NO_ACTION,0.0,ROBUST,False
33807,0.1820731333580643,0.0,8.198716460033198,LOW_RISK,NO_ACTION,0.0,ROBUST,False
33810,0.4154207368033026,0.0,11.173795700247245,WATCH,MONITOR,-10.0,ROBUST,False
33812,0.16687834181890737,0.0,2.803360380906535,LOW_RISK,NO_ACTION,0.0,ROBUST,False
33833,0.111382956737569,0.0,14.014141490888184,LOW_RISK,NO_ACTION,0.0,ROBUST,False
33848,0.3517419770515754,0.0,6.933423025730715,WATCH,MONITOR,-10.0,ROBUST,False
33861,0.49039324775698,0.0,4.094844437263752,WATCH,MONITOR,-10.0,ROBUST,False
33863,0.8400212906097478,17.990123807060076,12.654367171934572,HIGH_RISK,EXPEDITE,250.06327183585972,SENSITIVE,True
33868,0.14746228127850092,0.0,13.055586940667277,LOW_RISK,NO_ACTION,0.0,ROBUST,False
33872,0.32815493014701236,0.0,12.383787775679592,WATCH,MONITOR,-10.0,ROBUST,False
33882,0.4625416844382585,0.0,13.844098986633012,WATCH,MONITOR,-10.0,ROBUST,False
33896,0.4136247119313915,0.0,12.024008835516664,WATCH,MONITOR,-10.0,ROBUST,False
33909,0.3490063473650864,0.0,6.68586094706836,WATCH,MONITOR,-10.0,ROBUST,False
33948,0.22602259864303975,0.0,6.842427112823649,LOW_RISK,NO_ACTION,0.0,ROBUST,False
33962,0.316752069310488,0.0,6.734591659972948,WATCH,MONITOR,-10.0,ROBUST,False
33964,0.13649793652170217,0.0,11.422274016405865,LOW_RISK,NO_ACTION,0.0,ROBUST,False
33969,0.371578169712268,0.0,13.954200882884233,WATCH,MONITOR,-10.0,ROBUST,False
34010,0.3900384075590604,0.0,9.798182590890704,WATCH,MONITOR,-10.0,ROBUST,False
34028,0.4860126491639676,0.0,9.363576347875041,WATCH,MONITOR,-10.0,ROBUST,False
34058,0.20415894349802866,0.0,7.896924656268864,LOW_RISK,NO_ACTION,0.0,ROBUST,False
34062,0.10738256761720906,0.0,11.098572224176628,LOW_RISK,NO_ACTION,0.0,ROBUST,False
34103,0.31824338577086025,0.0,9.30801139914963,WATCH,MONITOR,-10.0,ROBUST,False
34113,0.3827162017587258,0.0,6.3561076606958915,WATCH,MONITOR,-10.0,ROBUST,False
34119,0.41616299035319526,0.0,3.3502549029245805,WATCH,MONITOR,-10.0,ROBUST,False
34122,0.17749557320992426,0.0,10.921450004820915,LOW_RISK,NO_ACTION,0.0,ROBUST,False
34140,0.20470114761480948,0.0,11.931642378754141,LOW_RISK,NO_ACTION,0.0,ROBUST,False
34143,0.30503637010691853,0.0,3.4660483539817717,WATCH,MONITOR,-10.0,ROBUST,False
34164,0.23224032398800076,0.0,8.881975184248867,LOW_RISK,NO_ACTION,0.0,ROBUST,False
34184,0.4442045946349781,0.0,8.914002277358914,WATCH,MONITOR,-10.0,ROBUST,False
34226,0.28950406149548813,0.0,10.239995502805316,LOW_RISK,NO_ACTION,0.0,ROBUST,False
34235,0.4198314576408012,0.0,9.611801474743,WATCH,MONITOR,-10.0,ROBUST,False
34267,0.3322479041929415,0.0,12.991983584695994,WATCH,MONITOR,-10.0,ROBUST,False
34280,0.4092360566468448,0.0,9.485013189834323,WATCH,MONITOR,-10.0,ROBUST,False
34319,0.23306919461212955,0.0,12.552017729862133,LOW_RISK,NO_ACTION,0.0,ROBUST,False
34336,0.4325666487721245,0.0,4.066630723654585,WATCH,MONITOR,-10.0,ROBUST,False
34351,0.20982892622040863,0.0,11.423449234541877,LOW_RISK,NO_ACTION,0.0,ROBUST,False
34360,0.3184395232013163,0.0,11.197680330794636,WATCH,MONITOR,-10.0,ROBUST,False
34380,0.1856028452695497,0.0,3.9583339082913964,LOW_RISK,NO_ACTION,0.0,ROBUST,False
34456,0.2902106086504773,0.0,11.568647358620048,LOW_RISK,NO_ACTION,0.0,ROBUST,False
34459,0.22727008380348127,0.0,10.991460106099893,LOW_RISK,NO_ACTION,0.0,ROBUST,False
34505,0.2066813722548857,0.0,5.081404364984463,LOW_RISK,NO_ACTION,0.0,ROBUST,False
34526,0.486794007211215,0.0,9.256078263650036,WATCH,MONITOR,-10.0,ROBUST,False
34551,0.16402964219469224,0.0,13.630163629344631,LOW_RISK,NO_ACTION,0.0,ROBUST,False
34563,0.41493033498295817,0.0,11.677702343381641,WATCH,MONITOR,-10.0,ROBUST,False
34564,0.49366598379328597,0.0,11.751004918300415,WATCH,MONITOR,-10.0,ROBUST,False
34566,0.10796059349603114,0.0,8.987321812850125,LOW_RISK,NO_ACTION,0.0,ROBUST,False
34582,0.37961096561683805,0.0,10.857478611593109,WATCH,MONITOR,-10.0,ROBUST,False
34593,0.20116472222251486,0.0,11.491916310112307,LOW_RISK,NO_ACTION,0.0,ROBUST,False
34614,0.11619512973132179,0.0,9.738671869871839,LOW_RISK,NO_ACTION,0.0,ROBUST,False
34619,0.2611558315826523,0.0,11.173711473170998,LOW_RISK,NO_ACTION,0.0,ROBUST,False
34646,0.4740871240683501,0.0,6.830442175879467,WATCH,MONITOR,-10.0,ROBUST,False
34698,0.10470603774679908,0.0,8.46611040118692,LOW_RISK,NO_ACTION,0.0,ROBUST,False
34700,0.8475148230540186,7.565917940480719,13.248777502259967,HIGH_RISK,TRANSPORT_MODE_REVIEW,350.03974633250675,ROBUST,True
34718,0.30055859143812974,0.0,9.269175157697076,WATCH,MONITOR,-10.0,ROBUST,False
34727,0.6231174837402993,3.934887166386062,12.507594751352071,HIGH_RISK,TRANSPORT_MODE_REVIEW,350.03752278425407,ROBUST,True
34760,0.13360068580825027,0.0,8.643275911429628,LOW_RISK,NO_ACTION,0.0,ROBUST,False
34769,0.37261041195466016,0.0,12.166296978418426,WATCH,MONITOR,-10.0,ROBUST,False
34772,0.37204387937331096,0.0,14.039814236071086,WATCH,MONITOR,-10.0,ROBUST,False
34781,0.36763200674491336,0.0,12.795885728082695,WATCH,MONITOR,-10.0,ROBUST,False
34837,0.4769337979740148,0.0,10.415412571745419,WATCH,MONITOR,-10.0,ROBUST,False
34885,0.42923501160275224,0.0,5.5509420471844155,WATCH,MONITOR,-10.0,ROBUST,False
34890,0.11678909049740241,0.0,8.859616258102303,LOW_RISK,NO_ACTION,0.0,ROBUST,False
34942,0.2884331402818053,0.0,10.028312844307203,LOW_RISK,NO_ACTION,0.0,ROBUST,False
34960,0.25918122248053344,0.0,12.206077645517674,LOW_RISK,NO_ACTION,0.0,ROBUST,False
34961,0.22405888843632082,0.0,9.743772922606313,LOW_RISK,NO_ACTION,0.0,ROBUST,False
34987,0.2805346900616389,0.0,12.060040586996639,LOW_RISK,NO_ACTION,0.0,ROBUST,False
34989,0.253677673970391,0.0,9.566614535613217,LOW_RISK,NO_ACTION,0.0,ROBUST,False
35031,0.2729335599514662,0.0,6.1721180468012395,LOW_RISK,NO_ACTION,0.0,ROBUST,False
35043,0.49170474624345706,0.0,12.197238741240884,WATCH,MONITOR,-10.0,ROBUST,False
35053,0.13545318989983232,0.0,7.824445930877619,LOW_RISK,NO_ACTION,0.0,ROBUST,False
35054,0.46889234793549195,0.0,12.087294740154986,WATCH,MONITOR,-10.0,ROBUST,False
35065,0.29209468538841066,0.0,9.625187992993737,LOW_RISK,NO_ACTION,0.0,ROBUST,False
35067,0.34949689819981644,0.0,12.405812453305339,WATCH,MONITOR,-10.0,ROBUST,False
35082,0.4320731866470776,0.0,8.33302993974291,WATCH,MONITOR,-10.0,ROBUST,False
35120,0.8356954854240696,0.8046225124056743,13.189818266802916,HIGH_RISK,HUMAN_REVIEW,-50.000000000000014,SENSITIVE,True
35123,0.6355008572770162,1.0796555318803196,12.516116567673057,HIGH_RISK,TRANSPORT_MODE_REVIEW,61.96184287653787,SENSITIVE,True
35146,0.26380739211148563,0.0,8.963544291996744,LOW_RISK,NO_ACTION,0.0,ROBUST,False
35231,0.24989240901430396,0.0,6.029482614295503,LOW_RISK,NO_ACTION,0.0,ROBUST,False
35232,0.47021172865875804,0.0,10.851974382626599,WATCH,MONITOR,-10.0,ROBUST,False
35250,0.4315719564772048,0.0,8.850660919017152,WATCH,MONITOR,-10.0,ROBUST,False
35252,0.14359999594519046,0.0,10.81569395488047,LOW_RISK,NO_ACTION,0.0,ROBUST,False
35258,0.14324934099083841,0.0,6.762729506931879,LOW_RISK,NO_ACTION,0.0,ROBUST,False
35267,0.2711478059411965,0.0,9.682913821403712,LOW_RISK,NO_ACTION,0.0,ROBUST,False
35279,0.13946295069312364,0.0,9.451539928089963,LOW_RISK,NO_ACTION,0.0,ROBUST,False
35298,0.3476372381084479,0.0,4.531738907902208,WATCH,MONITOR,-10.0,ROBUST,False
35299,0.15747664290469357,0.0,7.459200636815116,LOW_RISK,NO_ACTION,0.0,ROBUST,False
35300,0.3089493055867204,0.0,10.323874113321294,WATCH,MONITOR,-10.0,ROBUST,False
35310,0.1028879788014871,0.0,12.13753145773307,LOW_RISK,NO_ACTION,0.0,ROBUST,False
35323,0.2266385393650587,0.0,8.583729715216482,LOW_RISK,NO_ACTION,0.0,ROBUST,False
35352,0.37087628946906215,0.0,9.64251232291291,WATCH,MONITOR,-10.0,ROBUST,False
35372,0.2936155760911394,0.0,9.768412111339039,LOW_RISK,NO_ACTION,0.0,ROBUST,False
35375,0.49130779439959527,0.0,12.651850978757388,WATCH,MONITOR,-10.0,ROBUST,False
35444,0.44964151842648437,0.0,9.25714380199088,WATCH,MONITOR,-10.0,ROBUST,False
35487,0.8618190751453806,18.95831747288322,13.177765917266088,CRITICAL,HUMAN_REVIEW,-50.0,ROBUST,True
35488,0.11819461658890984,0.0,12.512847534598599,LOW_RISK,NO_ACTION,0.0,ROBUST,False
35493,0.4382505200460075,0.0,13.059975076219374,WATCH,MONITOR,-10.0,ROBUST,False
35519,0.46449372412586853,0.0,12.437105752292434,WATCH,MONITOR,-10.0,ROBUST,False
35539,0.42825095736761476,0.0,7.484930283289661,WATCH,MONITOR,-10.0,ROBUST,False
35559,0.15117997636790595,0.0,4.105778939847764,LOW_RISK,NO_ACTION,0.0,ROBUST,False
35566,0.4991660537649151,0.0,6.010678766031786,WATCH,MONITOR,-10.0,ROBUST,False
35609,0.6241804541271374,5.967864104854518,12.162125982647739,HIGH_RISK,EXPEDITE,250.06081062991325,SENSITIVE,True
35637,0.3896819651233481,0.0,3.0291670496402285,WATCH,MONITOR,-10.0,ROBUST,False
35640,0.4632139505342886,0.0,10.635879484421974,WATCH,MONITOR,-10.0,ROBUST,False
35643,0.1942748457322838,0.0,12.424464927418898,LOW_RISK,NO_ACTION,0.0,ROBUST,False
35652,0.4633034218708264,0.0,7.337444597314484,WATCH,MONITOR,-10.0,ROBUST,False
35660,0.2237926316779468,0.0,12.093133484348797,LOW_RISK,NO_ACTION,0.0,ROBUST,False
35678,0.4905652889536225,0.0,8.876114410588672,WATCH,MONITOR,-10.0,ROBUST,False
35699,0.21250400815218984,0.0,13.659527809256572,LOW_RISK,NO_ACTION,0.0,ROBUST,False
35700,0.4813743299031341,0.0,9.068915046946831,WATCH,MONITOR,-10.0,ROBUST,False
35717,0.12141786035706997,0.0,9.848499018098295,LOW_RISK,NO_ACTION,0.0,ROBUST,False
35749,0.7970865468801418,111.81691159116866,10.67272687833295,HIGH_RISK,SUPPLIER_ESCALATION,200.0213454537552,ROBUST,True
35788,0.3128444535348015,0.0,8.385944904806284,WATCH,MONITOR,-10.0,ROBUST,False
35790,0.29115083084909227,0.0,13.744517759384227,LOW_RISK,NO_ACTION,0.0,ROBUST,False
35808,0.6171164163453763,14.713524623113654,12.914146368898988,HIGH_RISK,HUMAN_REVIEW,-50.0,ROBUST,True
35813,0.38223831591059676,0.0,9.358001468506513,WATCH,MONITOR,-10.0,ROBUST,False
35870,0.17632379657852285,0.0,10.159748614913156,LOW_RISK,NO_ACTION,0.0,ROBUST,False
35896,0.32113671839390734,0.0,12.28661384432098,WATCH,MONITOR,-10.0,ROBUST,False
35900,0.20129814521610034,0.0,9.287394001418473,LOW_RISK,NO_ACTION,0.0,ROBUST,False
35904,0.48224855191254246,0.0,4.292375412721235,WATCH,MONITOR,-10.0,ROBUST,False
35913,0.6815849178385893,100.51857247876464,12.562132850555653,HIGH_RISK,SUPPLIER_ESCALATION,200.02512426570138,ROBUST,True
35922,0.17989131204449463,0.0,5.967965596819219,LOW_RISK,NO_ACTION,0.0,ROBUST,False
35951,0.1969242425549791,0.0,8.358666283188,LOW_RISK,NO_ACTION,0.0,ROBUST,False
35968,0.2656271303071266,0.0,10.799595985047786,LOW_RISK,NO_ACTION,0.0,ROBUST,False
35975,0.1930920967480214,0.0,10.450481157684562,LOW_RISK,NO_ACTION,0.0,ROBUST,False
35977,0.2965396361075141,0.0,6.432119820716733,LOW_RISK,NO_ACTION,0.0,ROBUST,False
35983,0.4489862093034156,0.0,10.15824604321959,WATCH,MONITOR,-10.0,ROBUST,False
36005,0.38482536856366834,0.0,11.187181474369487,WATCH,MONITOR,-10.0,ROBUST,False
36019,0.3319847922140444,0.0,9.506065016071148,WATCH,MONITOR,-10.0,ROBUST,False
36035,0.13560127119307186,0.0,13.236622897207592,LOW_RISK,NO_ACTION,0.0,ROBUST,False
36053,0.3775968433557103,0.0,10.19861124234228,WATCH,MONITOR,-10.0,ROBUST,False
36083,0.16656571372437595,0.0,10.931585276815392,LOW_RISK,NO_ACTION,0.0,ROBUST,False
36147,0.41454695438467926,0.0,9.980494888896912,WATCH,MONITOR,-10.0,ROBUST,False
36157,0.20002270340406128,0.0,6.884988061628164,LOW_RISK,NO_ACTION,0.0,ROBUST,False
36162,0.26681949132836036,0.0,10.963094771464911,LOW_RISK,NO_ACTION,0.0,ROBUST,False
36166,0.24018808092717117,0.0,7.25063551189868,LOW_RISK,NO_ACTION,0.0,ROBUST,False
36172,0.44352556586994274,0.0,7.888739519982605,WATCH,MONITOR,-10.0,ROBUST,False
36179,0.15061778348536325,0.0,9.774303837905025,LOW_RISK,NO_ACTION,0.0,ROBUST,False
36203,0.8810467386099275,1.7532759597475385,12.493673464680995,CRITICAL,TRANSPORT_MODE_REVIEW,163.01329881946532,SENSITIVE,True
36204,0.1568246437772249,0.0,5.733988316713267,LOW_RISK,NO_ACTION,0.0,ROBUST,False
36209,0.3819183344528747,0.0,5.86041578449145,WATCH,MONITOR,-10.0,ROBUST,False
36212,0.46203125111779253,0.0,9.650823142010529,WATCH,MONITOR,-10.0,ROBUST,False
36219,0.2738430615469014,0.0,13.500801182986649,LOW_RISK,NO_ACTION,0.0,ROBUST,False
36277,0.29523690410599035,0.0,10.463131911491967,LOW_RISK,NO_ACTION,0.0,ROBUST,False
36298,0.47096913459310497,0.0,8.434724209384797,WATCH,MONITOR,-10.0,ROBUST,False
36322,0.30839655545974287,0.0,12.748501291375478,WATCH,MONITOR,-10.0,ROBUST,False
36350,0.2950393752198244,0.0,11.82522941580346,LOW_RISK,NO_ACTION,0.0,ROBUST,False
36411,0.33133164108172164,0.0,5.01436167583707,WATCH,MONITOR,-10.0,ROBUST,False
36416,0.3756918945451808,0.0,11.251573687764477,WATCH,MONITOR,-10.0,ROBUST,False
36431,0.8916015988894612,57.43231677590483,11.474091908861986,CRITICAL,HUMAN_REVIEW,-50.0,ROBUST,True
36443,0.42844421109660646,0.0,8.022404945347871,WATCH,MONITOR,-10.0,ROBUST,False
36447,0.7048519116260457,10.266610531542842,11.45245067567834,HIGH_RISK,HUMAN_REVIEW,-50.0,ROBUST,True
36453,0.12893940395899423,0.0,9.849981285012987,LOW_RISK,NO_ACTION,0.0,ROBUST,False
36464,0.41447306767928527,0.0,12.087294740154986,WATCH,MONITOR,-10.0,ROBUST,False
36507,0.25077998867450885,0.0,8.161603372801721,LOW_RISK,NO_ACTION,0.0,ROBUST,False
36530,0.14014699803802158,0.0,12.508844049246601,LOW_RISK,NO_ACTION,0.0,ROBUST,False
36539,0.3535116158173003,0.0,10.531122404628684,WATCH,MONITOR,-10.0,ROBUST,False
36541,0.45205254137345674,0.0,7.594169846278651,WATCH,MONITOR,-10.0,ROBUST,False
36562,0.4551014037655946,0.0,8.94692155166008,WATCH,MONITOR,-10.0,ROBUST,False
36592,0.4830653899235893,0.0,11.357452244304588,WATCH,MONITOR,-10.0,ROBUST,False
36596,0.4470821839066752,0.0,6.087955847296743,WATCH,MONITOR,-10.0,ROBUST,False
36603,0.1008563677381901,0.0,9.720225553665117,LOW_RISK,NO_ACTION,0.0,ROBUST,False
36617,0.2520964665653561,0.0,9.10063710688422,LOW_RISK,NO_ACTION,0.0,ROBUST,False
36641,0.42741703196220127,0.0,11.695255355062795,WATCH,MONITOR,-10.0,ROBUST,False
36643,0.7630614652027938,91.53839301028248,11.037473098278957,HIGH_RISK,TRANSPORT_MODE_REVIEW,350.0331124192944,ROBUST,True
36654,0.3406194025518825,0.0,7.76744179636069,WATCH,MONITOR,-10.0,ROBUST,False
36661,0.3425267789498128,0.0,8.536666352679738,WATCH,MONITOR,-10.0,ROBUST,False
36679,0.24601012161552924,0.0,5.402271894267886,LOW_RISK,NO_ACTION,0.0,ROBUST,False
36710,0.46178957091251505,0.0,8.009363076630045,WATCH,MONITOR,-10.0,ROBUST,False
36717,0.3012913381544471,0.0,11.113074567646532,WATCH,MONITOR,-10.0,ROBUST,False
36758,0.28591368237500037,0.0,7.83241092718792,LOW_RISK,NO_ACTION,0.0,ROBUST,False
36773,0.4990054982647584,0.0,5.583308321188326,WATCH,MONITOR,-10.0,ROBUST,False
36784,0.2974001456290467,0.0,8.218865319662495,LOW_RISK,NO_ACTION,0.0,ROBUST,False
36785,0.1713593007714324,0.0,10.37726530082638,LOW_RISK,NO_ACTION,0.0,ROBUST,False
36810,0.3052277691453752,0.0,13.336429049169027,WATCH,MONITOR,-10.0,ROBUST,False
36816,0.42560669420797204,0.0,4.844187086458591,WATCH,MONITOR,-10.0,ROBUST,False
36842,0.4107441307593126,0.0,13.627267101282413,WATCH,MONITOR,-10.0,ROBUST,False
36868,0.41543270604338844,0.0,8.766861821669803,WATCH,MONITOR,-10.0,ROBUST,False
36871,0.3832095135991648,0.0,8.040395333582795,WATCH,MONITOR,-10.0,ROBUST,False
36880,0.2016871316266753,0.0,8.152661751592582,LOW_RISK,NO_ACTION,0.0,ROBUST,False
36890,0.4448336343360926,0.0,9.554363315837819,WATCH,MONITOR,-10.0,ROBUST,False
36892,0.45737738615050605,0.0,10.551725752380587,WATCH,MONITOR,-10.0,ROBUST,False
36913,0.17766107864741965,0.0,10.75877484084995,LOW_RISK,NO_ACTION,0.0,ROBUST,False
36922,0.15218225462055757,0.0,7.715168205670426,LOW_RISK,NO_ACTION,0.0,ROBUST,False
36936,0.49024198743564484,0.0,13.54652592715253,WATCH,MONITOR,-10.0,ROBUST,False
36969,0.4473295854601472,0.0,9.441531454869693,WATCH,MONITOR,-10.0,ROBUST,False
36978,0.4572944588839787,0.0,7.826363323811452,WATCH,MONITOR,-10.0,ROBUST,False
37031,0.45455055384975807,0.0,6.530148499002369,WATCH,MONITOR,-10.0,ROBUST,False
37037,0.31667472961349136,0.0,12.18379288467044,WATCH,MONITOR,-10.0,ROBUST,False
37040,0.3585606946663199,0.0,11.528228671311027,WATCH,MONITOR,-10.0,ROBUST,False
37052,0.3181451408534567,0.0,4.788824188015824,WATCH,MONITOR,-10.0,ROBUST,False
37068,0.12048253967613164,0.0,7.553653606941472,LOW_RISK,NO_ACTION,0.0,ROBUST,False
37076,0.3982012341411091,0.0,12.118033467807008,WATCH,MONITOR,-10.0,ROBUST,False
37087,0.30213281333435216,0.0,5.806940566758827,WATCH,MONITOR,-10.0,ROBUST,False
37089,0.3590836299160919,0.0,11.518320883487137,WATCH,MONITOR,-10.0,ROBUST,False
37140,0.30105592199021414,0.0,10.744592993695719,WATCH,MONITOR,-10.0,ROBUST,False
37152,0.2967245289289824,0.0,8.742350713329504,LOW_RISK,NO_ACTION,0.0,ROBUST,False
37157,0.16871564379110673,0.0,9.169622538697624,LOW_RISK,NO_ACTION,0.0,ROBUST,False
37177,0.2114854860564596,0.0,13.097229962674968,LOW_RISK,NO_ACTION,0.0,ROBUST,False
37251,0.16354107677758234,0.0,2.5416019934645457,LOW_RISK,NO_ACTION,0.0,ROBUST,False
37277,0.17826651825013698,0.0,8.030897565393524,LOW_RISK,NO_ACTION,0.0,ROBUST,False
37324,0.48919095216812203,0.0,14.71504349098379,WATCH,MONITOR,-10.0,ROBUST,False
37334,0.1612453783088794,0.0,7.8412767061179585,LOW_RISK,NO_ACTION,0.0,ROBUST,False
37362,0.20770816972208306,0.0,4.909340575944674,LOW_RISK,NO_ACTION,0.0,ROBUST,False
37379,0.33623586309543396,0.0,8.217708406845306,WATCH,MONITOR,-10.0,ROBUST,False
37410,0.3440714304946567,0.0,8.799129287317824,WATCH,MONITOR,-10.0,ROBUST,False
37416,0.16158965189753163,0.0,3.4931686602009657,LOW_RISK,NO_ACTION,0.0,ROBUST,False
37417,0.417486970314085,0.0,7.783640596221253,WATCH,MONITOR,-10.0,ROBUST,False
37452,0.41408114716513,0.0,5.5172922409900265,WATCH,MONITOR,-10.0,ROBUST,False
37470,0.19492708168155645,0.0,6.9930151229329605,LOW_RISK,NO_ACTION,0.0,ROBUST,False
37475,0.21546652107018419,0.0,8.952540674006272,LOW_RISK,NO_ACTION,0.0,ROBUST,False
37481,0.47519514618379877,0.0,12.8700510227891,WATCH,MONITOR,-10.0,ROBUST,False
37487,0.4302685783917912,0.0,3.6798387094617873,WATCH,MONITOR,-10.0,ROBUST,False
37489,0.3791188132250095,0.0,10.60601410890622,WATCH,MONITOR,-10.0,ROBUST,False
37496,0.1328932886042402,0.0,9.121836973384779,LOW_RISK,NO_ACTION,0.0,ROBUST,False
37506,0.26730563236103033,0.0,12.743629777535192,LOW_RISK,NO_ACTION,0.0,ROBUST,False
37519,0.3237207488307308,0.0,12.686262066767314,WATCH,MONITOR,-10.0,ROBUST,False
37526,0.17496451519351078,0.0,10.125422373630208,LOW_RISK,NO_ACTION,0.0,ROBUST,False
37531,0.2792906328432898,0.0,9.164610520270008,LOW_RISK,NO_ACTION,0.0,ROBUST,False
37578,0.340410350995476,0.0,11.242113619954518,WATCH,MONITOR,-10.0,ROBUST,False
37612,0.2309506720461597,0.0,12.423321255770855,LOW_RISK,NO_ACTION,0.0,ROBUST,False
37624,0.41237792758019487,0.0,11.036195262974786,WATCH,MONITOR,-10.0,ROBUST,False
37650,0.4361798326555222,0.0,10.575469317625773,WATCH,MONITOR,-10.0,ROBUST,False
37664,0.87184297642973,1.1599392024028405,12.405812453305339,CRITICAL,SUPPLIER_ESCALATION,74.00527034862833,SENSITIVE,True
37720,0.4354628617969829,0.0,7.770619917353014,WATCH,MONITOR,-10.0,ROBUST,False
37752,0.14143062644120602,0.0,7.640603826393634,LOW_RISK,NO_ACTION,0.0,ROBUST,False
37753,0.4350916394490626,0.0,10.836392107379655,WATCH,MONITOR,-10.0,ROBUST,False
37775,0.16110017266704665,0.0,10.517841494510828,LOW_RISK,NO_ACTION,0.0,ROBUST,False
37820,0.13317086100389042,0.0,7.045994323205903,LOW_RISK,NO_ACTION,0.0,ROBUST,False
37829,0.35671016177640447,0.0,12.971112349520059,WATCH,MONITOR,-10.0,ROBUST,False
37835,0.28877494630211775,0.0,13.438634364432907,LOW_RISK,NO_ACTION,0.0,ROBUST,False
37868,0.4631562401651331,0.0,11.370204549147841,WATCH,MONITOR,-10.0,ROBUST,False
37872,0.24527567843633968,0.0,11.375652223209082,LOW_RISK,NO_ACTION,0.0,ROBUST,False
37887,0.7845894075209406,76.27913909838082,13.119959891344374,HIGH_RISK,EXPEDITE,250.06559979945632,SENSITIVE,True
37924,0.30029396245767936,0.0,9.376617231601282,WATCH,MONITOR,-10.0,ROBUST,False
37925,0.28237847430746454,0.0,11.675369941696465,LOW_RISK,NO_ACTION,0.0,ROBUST,False
37960,0.23777121848687532,0.0,10.741405847723883,LOW_RISK,NO_ACTION,0.0,ROBUST,False
37963,0.3774965194793315,0.0,8.305632301345094,WATCH,MONITOR,-10.0,ROBUST,False
37979,0.40382473356556337,0.0,10.741405847723883,WATCH,MONITOR,-10.0,ROBUST,False
37987,0.4411935876120546,0.0,10.12696264888321,WATCH,MONITOR,-10.0,ROBUST,False
37994,0.48914264188413714,0.0,10.45509997020284,WATCH,MONITOR,-10.0,ROBUST,False
37997,0.2066624768530018,0.0,13.505345356880397,LOW_RISK,NO_ACTION,0.0,ROBUST,False
38021,0.3864373929959847,0.0,7.406188432298078,WATCH,MONITOR,-10.0,ROBUST,False
38045,0.25770329419829807,0.0,7.881748720984581,LOW_RISK,NO_ACTION,0.0,ROBUST,False
38095,0.37083278878044323,0.0,4.346787982581173,WATCH,MONITOR,-10.0,ROBUST,False
38099,0.2903926761396881,0.0,11.96263276006661,LOW_RISK,NO_ACTION,0.0,ROBUST,False
38111,0.49750924110717265,0.0,12.393448076626807,WATCH,MONITOR,-10.0,ROBUST,False
38120,0.39156085431629994,0.0,10.87570482869929,WATCH,MONITOR,-10.0,ROBUST,False
38157,0.48099652017372985,0.0,11.414661928297692,WATCH,MONITOR,-10.0,ROBUST,False
38183,0.43398781979247436,0.0,10.803669227477098,WATCH,MONITOR,-10.0,ROBUST,False
38192,0.46116040446534845,0.0,12.405812453305339,WATCH,MONITOR,-10.0,ROBUST,False
38237,0.42576767888586997,0.0,12.750490673190594,WATCH,MONITOR,-10.0,ROBUST,False
38243,0.2836636521503646,0.0,4.932529598092634,LOW_RISK,NO_ACTION,0.0,ROBUST,False
38247,0.20071538133875377,0.0,6.29858153219837,LOW_RISK,NO_ACTION,0.0,ROBUST,False
38253,0.24812807018020888,0.0,10.906377909975262,LOW_RISK,NO_ACTION,0.0,ROBUST,False
38266,0.10809449305598018,0.0,12.360341889756967,LOW_RISK,NO_ACTION,0.0,ROBUST,False
38273,0.8457190541584969,16.8272801528552,12.480727987359916,HIGH_RISK,SUPPLIER_ESCALATION,200.0249614559748,ROBUST,True
38293,0.30202312010816346,0.0,6.260021137948687,WATCH,MONITOR,-10.0,ROBUST,False
38294,0.3101001859321953,0.0,9.86321748900727,WATCH,MONITOR,-10.0,ROBUST,False
38299,0.48961248998882556,0.0,7.785097260717717,WATCH,MONITOR,-10.0,ROBUST,False
38308,0.4645816013819357,0.0,7.965458763806616,WATCH,MONITOR,-10.0,ROBUST,False
38312,0.16468511133204322,0.0,6.692778290334321,LOW_RISK,NO_ACTION,0.0,ROBUST,False
38318,0.24755300862235569,0.0,10.683362736605897,LOW_RISK,NO_ACTION,0.0,ROBUST,False
38368,0.7073394795976325,29.689389618973355,11.627405273195235,HIGH_RISK,HUMAN_REVIEW,-50.0,ROBUST,True
38396,0.2442131671406591,0.0,11.381642970249528,LOW_RISK,NO_ACTION,0.0,ROBUST,False
38409,0.41939838544156527,0.0,9.90353755128617,WATCH,MONITOR,-10.0,ROBUST,False
38417,0.7005624142112619,9.565126446525822,13.168630361029322,HIGH_RISK,HUMAN_REVIEW,-50.0,ROBUST,True
38418,0.32883992678865004,0.0,5.916148152798533,WATCH,MONITOR,-10.0,ROBUST,False
38431,0.44120542359517023,0.0,12.347576548072231,WATCH,MONITOR,-10.0,ROBUST,False
38480,0.42237126136614345,0.0,10.144858373274598,WATCH,MONITOR,-10.0,ROBUST,False
38504,0.15288460912811988,0.0,5.771441123130016,LOW_RISK,NO_ACTION,0.0,ROBUST,False
38510,0.38556583363345376,0.0,13.01665302278221,WATCH,MONITOR,-10.0,ROBUST,False
38538,0.2741744515608142,0.0,12.159302736769833,LOW_RISK,NO_ACTION,0.0,ROBUST,False
38567,0.2178595612250002,0.0,10.924804744277687,LOW_RISK,NO_ACTION,0.0,ROBUST,False
38571,0.12000752836087454,0.0,7.752335163302292,LOW_RISK,NO_ACTION,0.0,ROBUST,False
38573,0.2948998241381804,0.0,5.802450646452902,LOW_RISK,NO_ACTION,0.0,ROBUST,False
38590,0.24217467228981257,0.0,8.983151147953222,LOW_RISK,NO_ACTION,0.0,ROBUST,False
38596,0.20060521587056035,0.0,12.216542643313288,LOW_RISK,NO_ACTION,0.0,ROBUST,False
38600,0.377868691838783,0.0,9.102954473280844,WATCH,MONITOR,-10.0,ROBUST,False
38611,0.40779415492623483,0.0,12.540187963943378,WATCH,MONITOR,-10.0,ROBUST,False
38613,0.19791580761176994,0.0,7.02197642307216,LOW_RISK,NO_ACTION,0.0,ROBUST,False
38619,0.11977897467173891,0.0,12.218180054157962,LOW_RISK,NO_ACTION,0.0,ROBUST,False
38632,0.439501080226094,0.0,7.409863012128405,WATCH,MONITOR,-10.0,ROBUST,False
38662,0.10398389648172134,0.0,9.887408982323437,LOW_RISK,NO_ACTION,0.0,ROBUST,False
38759,0.4748449975685888,0.0,12.131354487250757,WATCH,MONITOR,-10.0,ROBUST,False
38762,0.3510479495930824,0.0,8.962007209588313,WATCH,MONITOR,-10.0,ROBUST,False
38793,0.22873865408052813,0.0,12.33920833487448,LOW_RISK,NO_ACTION,0.0,ROBUST,False
38796,0.1985911638306945,0.0,12.367515245993616,LOW_RISK,NO_ACTION,0.0,ROBUST,False
38827,0.1036022657057901,0.0,4.912654885736052,LOW_RISK,NO_ACTION,0.0,ROBUST,False
38831,0.19418856680435087,0.0,8.696343057044556,LOW_RISK,NO_ACTION,0.0,ROBUST,False
38843,0.15509132060685646,0.0,9.169622538697624,LOW_RISK,NO_ACTION,0.0,ROBUST,False
38913,0.34486648828925826,0.0,11.163211948257873,WATCH,MONITOR,-10.0,ROBUST,False
38914,0.16661823543752052,0.0,9.34979444087621,LOW_RISK,NO_ACTION,0.0,ROBUST,False
38949,0.31145193501464774,0.0,12.90122032375966,WATCH,MONITOR,-10.0,ROBUST,False
38951,0.33604656893778834,0.0,4.9305092496169705,WATCH,MONITOR,-10.0,ROBUST,False
38955,0.21921667933876582,0.0,12.898021608514071,LOW_RISK,NO_ACTION,0.0,ROBUST,False
38992,0.11402597960748749,0.0,6.2166061010848646,LOW_RISK,NO_ACTION,0.0,ROBUST,False
39014,0.11490155224567844,0.0,10.325777001034595,LOW_RISK,NO_ACTION,0.0,ROBUST,False
39017,0.11053893287756705,0.0,5.503622759732367,LOW_RISK,NO_ACTION,0.0,ROBUST,False
39025,0.39564986685461856,0.0,10.834686601143401,WATCH,MONITOR,-10.0,ROBUST,False
39029,0.7959488371593849,42.03503847907213,11.417216005464372,HIGH_RISK,TRANSPORT_MODE_REVIEW,350.0342516480159,ROBUST,True
39045,0.4185200743870655,0.0,12.166944944051172,WATCH,MONITOR,-10.0,ROBUST,False
39053,0.27269312953713964,0.0,7.905810312658931,LOW_RISK,NO_ACTION,0.0,ROBUST,False
39065,0.2811992403319855,0.0,6.174140207866394,LOW_RISK,NO_ACTION,0.0,ROBUST,False
39075,0.3051530410038295,0.0,8.272826003650401,WATCH,MONITOR,-10.0,ROBUST,False
39088,0.38521258255004154,0.0,10.396603888441282,WATCH,MONITOR,-10.0,ROBUST,False
39105,0.20940114633188284,0.0,4.772885590392684,LOW_RISK,NO_ACTION,0.0,ROBUST,False
39133,0.14863493981341078,0.0,5.484796933490655,LOW_RISK,NO_ACTION,0.0,ROBUST,False
39156,0.3224229340765846,0.0,7.13966033596492,WATCH,MONITOR,-10.0,ROBUST,False
39182,0.2307910492970957,0.0,13.666384611327912,LOW_RISK,NO_ACTION,0.0,ROBUST,False
39184,0.276996525467215,0.0,12.326877776718879,LOW_RISK,NO_ACTION,0.0,ROBUST,False
39208,0.35877868333492213,0.0,5.229449487249236,WATCH,MONITOR,-10.0,ROBUST,False
39223,0.7381074813605779,19.31519348833946,12.887048555775717,HIGH_RISK,TRANSPORT_MODE_REVIEW,350.03866114566745,ROBUST,True
39226,0.3481115268403372,0.0,5.522500377436909,WATCH,MONITOR,-10.0,ROBUST,False
39242,0.3176800008454511,0.0,5.484796933490655,WATCH,MONITOR,-10.0,ROBUST,False
39263,0.39591854877443966,0.0,9.995469016489775,WATCH,MONITOR,-10.0,ROBUST,False
39291,0.38237464708464797,0.0,7.74608446938658,WATCH,MONITOR,-10.0,ROBUST,False
39343,0.3136759567234477,0.0,12.316025102071368,WATCH,MONITOR,-10.0,ROBUST,False
39353,0.37156120834388273,0.0,13.611533402181967,WATCH,MONITOR,-10.0,ROBUST,False
39391,0.4494238409090451,0.0,12.087294740154986,WATCH,MONITOR,-10.0,ROBUST,False
39393,0.2729085151152675,0.0,13.20550159672653,LOW_RISK,NO_ACTION,0.0,ROBUST,False
39427,0.2651052290995175,0.0,10.819798284210286,LOW_RISK,NO_ACTION,0.0,ROBUST,False
39441,0.40569824834095203,0.0,12.614868865984631,WATCH,MONITOR,-10.0,ROBUST,False
39452,0.33302153481679764,0.0,4.104624871629657,WATCH,MONITOR,-10.0,ROBUST,False
39453,0.12840271208903542,0.0,7.756623334538858,LOW_RISK,NO_ACTION,0.0,ROBUST,False
39489,0.45684480627643254,0.0,11.349194035986073,WATCH,MONITOR,-10.0,ROBUST,False
39495,0.11231324089505607,0.0,11.947552727086139,LOW_RISK,NO_ACTION,0.0,ROBUST,False
39509,0.39935854248389724,0.0,5.384770254278235,WATCH,MONITOR,-10.0,ROBUST,False
39547,0.40351765708172516,0.0,12.359227115018937,WATCH,MONITOR,-10.0,ROBUST,False
39556,0.4812444341127722,0.0,10.085850775128717,WATCH,MONITOR,-10.0,ROBUST,False
39575,0.12165376336092831,0.0,9.372686236499078,LOW_RISK,NO_ACTION,0.0,ROBUST,False
39589,0.33874274431379636,0.0,10.607093350591281,WATCH,MONITOR,-10.0,ROBUST,False
39606,0.2711362282508212,0.0,11.232166042257138,LOW_RISK,NO_ACTION,0.0,ROBUST,False
39615,0.23225318194381683,0.0,9.002824076547672,LOW_RISK,NO_ACTION,0.0,ROBUST,False
39631,0.13612742411962922,0.0,9.065107642095445,LOW_RISK,NO_ACTION,0.0,ROBUST,False
39647,0.32506164786852365,0.0,12.296831574998258,WATCH,MONITOR,-10.0,ROBUST,False
39658,0.2916162902698455,0.0,5.030372559779288,LOW_RISK,NO_ACTION,0.0,ROBUST,False
39659,0.14182178326040973,0.0,11.676412425774474,LOW_RISK,NO_ACTION,0.0,ROBUST,False
39661,0.34499580283883335,0.0,13.089015465545286,WATCH,MONITOR,-10.0,ROBUST,False
39708,0.3951812481011754,0.0,9.350884616968491,WATCH,MONITOR,-10.0,ROBUST,False
39724,0.6037212108831944,26.350447365409075,11.247294470545855,HIGH_RISK,SUPPLIER_ESCALATION,200.0224945889413,ROBUST,True
39769,0.46214927530497096,0.0,2.833213344056216,WATCH,MONITOR,-10.0,ROBUST,False
39794,0.26378829675551085,0.0,9.210440366976517,LOW_RISK,NO_ACTION,0.0,ROBUST,False
39799,0.48122910744885483,0.0,12.91164481522143,WATCH,MONITOR,-10.0,ROBUST,False
39823,0.4461717620330744,0.0,8.693731390121124,WATCH,MONITOR,-10.0,ROBUST,False
39833,0.21860062840957561,0.0,8.93075873555827,LOW_RISK,NO_ACTION,0.0,ROBUST,False
39850,0.1637132149397834,0.0,9.213076625019063,LOW_RISK,NO_ACTION,0.0,ROBUST,False
39873,0.2741557584512054,0.0,12.6643357487291,LOW_RISK,NO_ACTION,0.0,ROBUST,False
39895,0.2607594831823866,0.0,11.496226815347176,LOW_RISK,NO_ACTION,0.0,ROBUST,False
39920,0.3302877221324817,0.0,10.555838779903407,WATCH,MONITOR,-10.0,ROBUST,False
39933,0.3333544929310992,0.0,11.59940586768463,WATCH,MONITOR,-10.0,ROBUST,False
39966,0.3999947937519901,0.0,10.709985739582528,WATCH,MONITOR,-10.0,ROBUST,False
39967,0.30395597928224405,0.0,8.011686729127847,WATCH,MONITOR,-10.0,ROBUST,False
39971,0.14192905637630623,0.0,7.366975980862403,LOW_RISK,NO_ACTION,0.0,ROBUST,False
40033,0.4433165342212425,0.0,10.439132610118632,WATCH,MONITOR,-10.0,ROBUST,False
40044,0.22390583327407484,0.0,7.329651323548048,LOW_RISK,NO_ACTION,0.0,ROBUST,False
40070,0.48851898412263683,0.0,7.343691394505391,WATCH,MONITOR,-10.0,ROBUST,False
40100,0.14714404347190807,0.0,6.4421738573469876,LOW_RISK,NO_ACTION,0.0,ROBUST,False
40136,0.48330046889300127,0.0,4.922532412541283,WATCH,MONITOR,-10.0,ROBUST,False
40152,0.1364047227530068,0.0,4.960674444942484,LOW_RISK,NO_ACTION,0.0,ROBUST,False
40205,0.1924144551788238,0.0,7.02197642307216,LOW_RISK,NO_ACTION,0.0,ROBUST,False
40209,0.11863197683461664,0.0,13.240364167128352,LOW_RISK,NO_ACTION,0.0,ROBUST,False
40214,0.382045258655598,0.0,13.26625763953862,WATCH,MONITOR,-10.0,ROBUST,False
40255,0.4401194946287167,0.0,9.13830716907635,WATCH,MONITOR,-10.0,ROBUST,False
40274,0.27362843272639215,0.0,10.239995502805316,LOW_RISK,NO_ACTION,0.0,ROBUST,False
40286,0.47140883001697187,0.0,7.9966538754626075,WATCH,MONITOR,-10.0,ROBUST,False
40351,0.3361196287022399,0.0,5.760477818332746,WATCH,MONITOR,-10.0,ROBUST,False
40364,0.8728880458309778,53.58325756270124,12.375174539691788,CRITICAL,TRANSPORT_MODE_REVIEW,350.03712552361867,ROBUST,True
40365,0.438167680680308,0.0,9.387733135533384,WATCH,MONITOR,-10.0,ROBUST,False
40373,0.21872008202073556,0.0,6.8679744089702925,LOW_RISK,NO_ACTION,0.0,ROBUST,False
40379,0.24170628853105033,0.0,4.311201728893603,LOW_RISK,NO_ACTION,0.0,ROBUST,False
40443,0.46238076767785774,0.0,7.9991012316582015,WATCH,MONITOR,-10.0,ROBUST,False
40479,0.4603853984155055,0.0,9.145298257390047,WATCH,MONITOR,-10.0,ROBUST,False
40484,0.49059311048034837,0.0,13.543843556909177,WATCH,MONITOR,-10.0,ROBUST,False
40490,0.4607353265766685,0.0,9.575052927597383,WATCH,MONITOR,-10.0,ROBUST,False
40496,0.15094881441334437,0.0,7.1355042092403345,LOW_RISK,NO_ACTION,0.0,ROBUST,False
40498,0.429489714454795,0.0,11.008109082824143,WATCH,MONITOR,-10.0,ROBUST,False
40555,0.26393539124383764,0.0,11.544790344035563,LOW_RISK,NO_ACTION,0.0,ROBUST,False
40580,0.4963205423783752,0.0,12.899222326086994,WATCH,MONITOR,-10.0,ROBUST,False
40584,0.7330140043137563,30.88887702599272,10.916930403166676,HIGH_RISK,SUPPLIER_ESCALATION,200.0218338608065,ROBUST,True
40598,0.32153443300088824,0.0,9.317650984957623,WATCH,MONITOR,-10.0,ROBUST,False
40608,0.3119099661027194,0.0,9.287394001418473,WATCH,MONITOR,-10.0,ROBUST,False
40620,0.7775091486918977,10.472700117565463,12.212659405122476,HIGH_RISK,TRANSPORT_MODE_REVIEW,350.03663797821537,ROBUST,True
40627,0.13000883555716727,0.0,12.972704925727596,LOW_RISK,NO_ACTION,0.0,ROBUST,False
40657,0.4582604921607675,0.0,8.237743803890933,WATCH,MONITOR,-10.0,ROBUST,False
40665,0.4210703250105148,0.0,13.32546584099293,WATCH,MONITOR,-10.0,ROBUST,False
40680,0.15581071222386772,0.0,9.076923258535832,LOW_RISK,NO_ACTION,0.0,ROBUST,False
40702,0.4107073085400291,0.0,5.420534999272286,WATCH,MONITOR,-10.0,ROBUST,False
40762,0.7463001205863793,4.93017732582909,12.514716599553761,HIGH_RISK,HUMAN_REVIEW,-50.0,ROBUST,True
40779,0.26365751516704894,0.0,13.47560985084895,LOW_RISK,NO_ACTION,0.0,ROBUST,False
40790,0.2016084596382251,0.0,7.376570702591063,LOW_RISK,NO_ACTION,0.0,ROBUST,False
40791,0.44389151340089306,0.0,10.912999921089634,WATCH,MONITOR,-10.0,ROBUST,False
40798,0.3800753037176212,0.0,12.131354487250757,WATCH,MONITOR,-10.0,ROBUST,False
40812,0.31909596378765476,0.0,12.69942090607686,WATCH,MONITOR,-10.0,ROBUST,False
40821,0.3438274135593856,0.0,10.967525649563905,WATCH,MONITOR,-10.0,ROBUST,False
40836,0.1364264728328724,0.0,10.74944594480775,LOW_RISK,NO_ACTION,0.0,ROBUST,False
40840,0.28956790436447677,0.0,7.954723334497908,LOW_RISK,NO_ACTION,0.0,ROBUST,False
40841,0.1774801171142808,0.0,8.727604834876402,LOW_RISK,NO_ACTION,0.0,ROBUST,False
40851,0.18335347160353016,0.0,10.389026137075234,LOW_RISK,NO_ACTION,0.0,ROBUST,False
40894,0.6136946236507151,0.827200113459031,12.371591321286905,HIGH_RISK,HUMAN_REVIEW,-50.0,SENSITIVE,True
40901,0.6420072292659953,13.94940631286843,13.490753697547209,HIGH_RISK,HUMAN_REVIEW,-50.0,ROBUST,True
40923,0.6830442923373917,24.559697411109735,13.24876676857951,HIGH_RISK,EXPEDITE,250.0662438338427,SENSITIVE,True
40933,0.18309970920487617,0.0,7.207437560049352,LOW_RISK,NO_ACTION,0.0,ROBUST,False
40934,0.35949877489466175,0.0,7.410020365684012,WATCH,MONITOR,-10.0,ROBUST,False
40935,0.44847481854012716,0.0,11.342979019643657,WATCH,MONITOR,-10.0,ROBUST,False
40936,0.39932752044899633,0.0,8.510671974425971,WATCH,MONITOR,-10.0,ROBUST,False
40942,0.4475028922146349,0.0,8.024141995749412,WATCH,MONITOR,-10.0,ROBUST,False
40950,0.3146218684043197,0.0,6.594194557543465,WATCH,MONITOR,-10.0,ROBUST,False
40963,0.40075049774767635,0.0,13.216092307692323,WATCH,MONITOR,-10.0,ROBUST,False
41011,0.1560258237435746,0.0,8.260355825468203,LOW_RISK,NO_ACTION,0.0,ROBUST,False
41022,0.23930984614527662,0.0,13.235025286894308,LOW_RISK,NO_ACTION,0.0,ROBUST,False
41032,0.25581966579260895,0.0,6.680101572190042,LOW_RISK,NO_ACTION,0.0,ROBUST,False
41042,0.30451829849841383,0.0,6.957497370876951,WATCH,MONITOR,-10.0,ROBUST,False
41045,0.47163054410272953,0.0,11.576895074308167,WATCH,MONITOR,-10.0,ROBUST,False
41056,0.44971862408886976,0.0,3.8556642717587617,WATCH,MONITOR,-10.0,ROBUST,False
41062,0.15381019691567382,0.0,7.499290464947829,LOW_RISK,NO_ACTION,0.0,ROBUST,False
41092,0.1691158607529853,0.0,10.411804031028316,LOW_RISK,NO_ACTION,0.0,ROBUST,False
41096,0.7716145930107903,7.832002232375844,6.423246963533519,HIGH_RISK,TRANSPORT_MODE_REVIEW,350.01926974089054,ROBUST,True
41099,0.7538003177869249,42.866486443834084,13.386145344149183,HIGH_RISK,TRANSPORT_MODE_REVIEW,350.04015843603247,ROBUST,True
41132,0.3459083812625049,0.0,2.998229153752578,WATCH,MONITOR,-10.0,ROBUST,False
41146,0.46111041910581796,0.0,10.596659732783579,WATCH,MONITOR,-10.0,ROBUST,False
41162,0.48491661666903474,0.0,10.526614548389263,WATCH,MONITOR,-10.0,ROBUST,False
41184,0.6261278300387314,12.666859352633866,12.929741053401559,HIGH_RISK,HUMAN_REVIEW,-50.0,ROBUST,True
41201,0.43526368056043474,0.0,6.156449184248659,WATCH,MONITOR,-10.0,ROBUST,False
41214,0.3100808800923188,0.0,14.791232616431822,WATCH,MONITOR,-10.0,ROBUST,False
41222,0.1833307787440159,0.0,13.20468226185169,LOW_RISK,NO_ACTION,0.0,ROBUST,False
41232,0.309875364837391,0.0,9.994698432589512,WATCH,MONITOR,-10.0,ROBUST,False
41238,0.32203304057506044,0.0,6.68586094706836,WATCH,MONITOR,-10.0,ROBUST,False
41260,0.39698302568542265,0.0,12.287876570580238,WATCH,MONITOR,-10.0,ROBUST,False
41279,0.18795319588293966,0.0,3.885679030088544,LOW_RISK,NO_ACTION,0.0,ROBUST,False
41282,0.2473241528346927,0.0,10.564911840900125,LOW_RISK,NO_ACTION,0.0,ROBUST,False
41288,0.24561098768582654,0.0,12.1131401368243,LOW_RISK,NO_ACTION,0.0,ROBUST,False
41298,0.483775838296466,0.0,6.71295620067707,WATCH,MONITOR,-10.0,ROBUST,False
41301,0.27757798413068757,0.0,3.9548909056553216,LOW_RISK,NO_ACTION,0.0,ROBUST,False
41302,0.4020375869192586,0.0,13.551546314212295,WATCH,MONITOR,-10.0,ROBUST,False
41304,0.4003245525497756,0.0,11.681297511509191,WATCH,MONITOR,-10.0,ROBUST,False
41368,0.20621767392129656,0.0,7.500529485395295,LOW_RISK,NO_ACTION,0.0,ROBUST,False
41381,0.32874787574869285,0.0,8.561305766034558,WATCH,MONITOR,-10.0,ROBUST,False
41399,0.4577211573274592,0.0,7.218323455220619,WATCH,MONITOR,-10.0,ROBUST,False
41414,0.2900790877827798,0.0,8.366277274098909,LOW_RISK,NO_ACTION,0.0,ROBUST,False
41418,0.4780470029370184,0.0,9.418833934323784,WATCH,MONITOR,-10.0,ROBUST,False
41431,0.18578329172966465,0.0,8.602636673233706,LOW_RISK,NO_ACTION,0.0,ROBUST,False
41444,0.1296636423096123,0.0,10.64133320436225,LOW_RISK,NO_ACTION,0.0,ROBUST,False
41474,0.45658154925789973,0.0,7.675893969832434,WATCH,MONITOR,-10.0,ROBUST,False
41500,0.4390724791848867,0.0,8.623281442210603,WATCH,MONITOR,-10.0,ROBUST,False
41568,0.49703595037353787,0.0,5.755742213586912,WATCH,MONITOR,-10.0,ROBUST,False
41578,0.3717573952449704,0.0,10.741405847723883,WATCH,MONITOR,-10.0,ROBUST,False
41584,0.6178574101043315,6.948370709776569,12.388398368982115,HIGH_RISK,HUMAN_REVIEW,-50.0,ROBUST,True
41603,0.4307796100336444,0.0,6.1583551568713935,WATCH,MONITOR,-10.0,ROBUST,False
41623,0.4377705332480347,0.0,13.029542203453374,WATCH,MONITOR,-10.0,ROBUST,False
41640,0.3276566281817073,0.0,9.575052927597383,WATCH,MONITOR,-10.0,ROBUST,False
41694,0.25294583916668434,0.0,13.017005083966255,LOW_RISK,NO_ACTION,0.0,ROBUST,False
41697,0.4738232290173128,0.0,9.612173559304178,WATCH,MONITOR,-10.0,ROBUST,False
41723,0.2728468702463578,0.0,8.689632748355741,LOW_RISK,NO_ACTION,0.0,ROBUST,False
41780,0.3155277468998676,0.0,13.589865129563993,WATCH,MONITOR,-10.0,ROBUST,False
41791,0.2784457228500751,0.0,12.55692245627587,LOW_RISK,NO_ACTION,0.0,ROBUST,False
41798,0.8253534143425254,0.9109359671755758,10.6046477926107,HIGH_RISK,SUPPLIER_ESCALATION,36.65005523142989,SENSITIVE,True
41838,0.2882020315969309,0.0,11.873529878421381,LOW_RISK,NO_ACTION,0.0,ROBUST,False
41841,0.11918702343179036,0.0,8.138491720577289,LOW_RISK,NO_ACTION,0.0,ROBUST,False
41852,0.45281927440307945,0.0,3.6157709822932977,WATCH,MONITOR,-10.0,ROBUST,False
41875,0.2777575275663079,0.0,6.229752835748645,LOW_RISK,NO_ACTION,0.0,ROBUST,False
41878,0.3355774594029395,0.0,13.379186162350061,WATCH,MONITOR,-10.0,ROBUST,False
41892,0.1556751211031948,0.0,7.958139745336991,LOW_RISK,NO_ACTION,0.0,ROBUST,False
41902,0.10135513919305567,0.0,10.763014263375503,LOW_RISK,NO_ACTION,0.0,ROBUST,False
41905,0.1981160374574572,0.0,9.840249518731541,LOW_RISK,NO_ACTION,0.0,ROBUST,False
41910,0.3818344128533401,0.0,10.896757843893464,WATCH,MONITOR,-10.0,ROBUST,False
41916,0.13967781204515145,0.0,12.303138828113315,LOW_RISK,NO_ACTION,0.0,ROBUST,False
41934,0.4635549761545872,0.0,11.410239148230769,WATCH,MONITOR,-10.0,ROBUST,False
41943,0.18600902774247385,0.0,11.472113887062386,LOW_RISK,NO_ACTION,0.0,ROBUST,False
41953,0.18183744571671034,0.0,10.968215530759236,LOW_RISK,NO_ACTION,0.0,ROBUST,False
41957,0.1726031846485982,0.0,3.9548909056553216,LOW_RISK,NO_ACTION,0.0,ROBUST,False
41992,0.6361675249211071,6.064905592388834,12.943318047911918,HIGH_RISK,TRANSPORT_MODE_REVIEW,350.0388299541437,ROBUST,True
42000,0.40872218739129385,0.0,13.304686600863562,WATCH,MONITOR,-10.0,ROBUST,False
42030,0.45001381249810346,0.0,6.3578422665081,WATCH,MONITOR,-10.0,ROBUST,False
42038,0.7601902417643291,2.672949732567505,13.355126115640696,HIGH_RISK,HUMAN_REVIEW,-50.0,SENSITIVE,True
42061,0.17527999267194494,0.0,8.458408750428028,LOW_RISK,NO_ACTION,0.0,ROBUST,False
42073,0.2141111987763519,0.0,5.638354669333745,LOW_RISK,NO_ACTION,0.0,ROBUST,False
42094,0.29037067894598534,0.0,8.245158720856974,LOW_RISK,NO_ACTION,0.0,ROBUST,False
42116,0.4817383806493204,0.0,7.656076962286738,WATCH,MONITOR,-10.0,ROBUST,False
42125,0.19894054872709713,0.0,10.48039722125224,LOW_RISK,NO_ACTION,0.0,ROBUST,False
42138,0.3926583615679552,0.0,10.855971341913222,WATCH,MONITOR,-10.0,ROBUST,False
42140,0.2757792893171681,0.0,7.130098510125578,LOW_RISK,NO_ACTION,0.0,ROBUST,False
42156,0.21913893934400874,0.0,11.343586389885523,LOW_RISK,NO_ACTION,0.0,ROBUST,False
42159,0.2823663748088455,0.0,11.186516424119828,LOW_RISK,NO_ACTION,0.0,ROBUST,False
42179,0.128482687016493,0.0,6.0748861552470546,LOW_RISK,NO_ACTION,0.0,ROBUST,False
42186,0.41947494837214505,0.0,3.111735949310297,WATCH,MONITOR,-10.0,ROBUST,False
42187,0.7956874945775819,1.7082899694082063,11.68682767835143,HIGH_RISK,SUPPLIER_ESCALATION,156.26345990172808,SENSITIVE,True
42190,0.3901648492771882,0.0,9.163353580751846,WATCH,MONITOR,-10.0,ROBUST,False
42215,0.8077478480007676,5.510684030868268,5.5254529391317835,HIGH_RISK,HUMAN_REVIEW,-50.0,ROBUST,True
42221,0.4820394224662744,0.0,8.237743803890933,WATCH,MONITOR,-10.0,ROBUST,False
42243,0.17720599416227945,0.0,5.285586674069219,LOW_RISK,NO_ACTION,0.0,ROBUST,False
42274,0.6826143522766256,78.11107710131479,13.134382952033773,HIGH_RISK,HUMAN_REVIEW,-50.0,ROBUST,True
42275,0.42378928384617376,0.0,10.505204516490187,WATCH,MONITOR,-10.0,ROBUST,False
42295,0.48714396963256645,0.0,10.923074671219148,WATCH,MONITOR,-10.0,ROBUST,False
42300,0.2911562643782999,0.0,5.461201229449516,LOW_RISK,NO_ACTION,0.0,ROBUST,False
42334,0.39095891753838063,0.0,7.0909098220799835,WATCH,MONITOR,-10.0,ROBUST,False
42359,0.24828426281511362,0.0,9.827529408330712,LOW_RISK,NO_ACTION,0.0,ROBUST,False
42361,0.17374729520787752,0.0,5.66393223005624,LOW_RISK,NO_ACTION,0.0,ROBUST,False
42394,0.2772303731733795,0.0,10.138599199626192,LOW_RISK,NO_ACTION,0.0,ROBUST,False
42465,0.16629960615538197,0.0,11.109297717880045,LOW_RISK,NO_ACTION,0.0,ROBUST,False
42499,0.4928178491145536,0.0,10.569487046776961,WATCH,MONITOR,-10.0,ROBUST,False
42505,0.13849859645628657,0.0,7.514298272366699,LOW_RISK,NO_ACTION,0.0,ROBUST,False
42506,0.3356846893810482,0.0,12.678384234386984,WATCH,MONITOR,-10.0,ROBUST,False
42571,0.3505855421016224,0.0,12.79030020655161,WATCH,MONITOR,-10.0,ROBUST,False
42579,0.3152318171496217,0.0,8.623504454970016,WATCH,MONITOR,-10.0,ROBUST,False
42655,0.8065215055476411,1.0473361269119765,13.1822931696473,HIGH_RISK,TRANSPORT_MODE_REVIEW,57.114225328668596,SENSITIVE,True
42659,0.7123658661060364,5.962840044027957,11.922527470971,HIGH_RISK,TRANSPORT_MODE_REVIEW,350.035767582413,ROBUST,True
42667,0.32200740968211644,0.0,8.229623112692925,WATCH,MONITOR,-10.0,ROBUST,False
42752,0.21488502845094462,0.0,13.353476685668044,LOW_RISK,NO_ACTION,0.0,ROBUST,False
42757,0.47607042532042265,0.0,10.22182855002774,WATCH,MONITOR,-10.0,ROBUST,False
42778,0.40482866137589035,0.0,4.330733340286331,WATCH,MONITOR,-10.0,ROBUST,False
42780,0.4890057928638971,0.0,12.382201399777724,WATCH,MONITOR,-10.0,ROBUST,False
42797,0.11502242789607582,0.0,13.676042722335486,LOW_RISK,NO_ACTION,0.0,ROBUST,False
42811,0.21405327007228347,0.0,7.68937110752969,LOW_RISK,NO_ACTION,0.0,ROBUST,False
42848,0.17816903465533962,0.0,8.046725454489192,LOW_RISK,NO_ACTION,0.0,ROBUST,False
42851,0.10446183492473221,0.0,2.1972245773362196,LOW_RISK,NO_ACTION,0.0,ROBUST,False
42858,0.19693029209852858,0.0,12.413379048632832,LOW_RISK,NO_ACTION,0.0,ROBUST,False
42870,0.3715103934081716,0.0,9.379323364330956,WATCH,MONITOR,-10.0,ROBUST,False
42882,0.19243556885382743,0.0,10.536708226915202,LOW_RISK,NO_ACTION,0.0,ROBUST,False
42912,0.30360137819304733,0.0,11.561725152903833,WATCH,MONITOR,-10.0,ROBUST,False
42917,0.4551272459859995,0.0,9.824479517737288,WATCH,MONITOR,-10.0,ROBUST,False
42980,0.37750316813963014,0.0,10.027429361730306,WATCH,MONITOR,-10.0,ROBUST,False
42983,0.2578516279624128,0.0,9.958378118975254,LOW_RISK,NO_ACTION,0.0,ROBUST,False
42998,0.24898757556484333,0.0,11.191010751555998,LOW_RISK,NO_ACTION,0.0,ROBUST,False
43045,0.2822943256033939,0.0,11.126983533350797,LOW_RISK,NO_ACTION,0.0,ROBUST,False
43059,0.17081657642396256,0.0,11.641475219816284,LOW_RISK,NO_ACTION,0.0,ROBUST,False
43060,0.8064822707340711,46.24917911793246,12.069341854570402,HIGH_RISK,HUMAN_REVIEW,-50.0,ROBUST,True
43079,0.24566112764184223,0.0,10.361695320860235,LOW_RISK,NO_ACTION,0.0,ROBUST,False
43085,0.44094613970481744,0.0,12.033628149578472,WATCH,MONITOR,-10.0,ROBUST,False
43116,0.4026210640231266,0.0,5.7450523688544175,WATCH,MONITOR,-10.0,ROBUST,False
43136,0.34420526563686404,0.0,12.388398368982115,WATCH,MONITOR,-10.0,ROBUST,False
43140,0.24568088905980645,0.0,12.25351428179682,LOW_RISK,NO_ACTION,0.0,ROBUST,False
43210,0.18397273266939376,0.0,11.607799185903872,LOW_RISK,NO_ACTION,0.0,ROBUST,False
43229,0.4104607456422492,0.0,8.689632748355741,WATCH,MONITOR,-10.0,ROBUST,False
43244,0.2945636395964346,0.0,12.125621521132548,LOW_RISK,NO_ACTION,0.0,ROBUST,False
43250,0.18990001527094302,0.0,6.68586094706836,LOW_RISK,NO_ACTION,0.0,ROBUST,False
43272,0.1780698460160025,0.0,6.596381426273513,LOW_RISK,NO_ACTION,0.0,ROBUST,False
43286,0.1661603618005436,0.0,12.983655179645252,LOW_RISK,NO_ACTION,0.0,ROBUST,False
43344,0.41086447848223806,0.0,7.145590379039336,WATCH,MONITOR,-10.0,ROBUST,False
43347,0.1915948741201247,0.0,10.231027154561334,LOW_RISK,NO_ACTION,0.0,ROBUST,False
43383,0.310656905410079,0.0,6.660575149839686,WATCH,MONITOR,-10.0,ROBUST,False
43390,0.2806185443892226,0.0,13.30668460019956,LOW_RISK,NO_ACTION,0.0,ROBUST,False
43425,0.6348416880601576,2.458231141892032,13.251285915556824,HIGH_RISK,TRANSPORT_MODE_REVIEW,268.7672460075125,ROBUST,True
43430,0.4508619601484777,0.0,13.494135215592937,WATCH,MONITOR,-10.0,ROBUST,False
43443,0.44709895603269223,0.0,5.484796933490655,WATCH,MONITOR,-10.0,ROBUST,False
43450,0.28043042872994384,0.0,6.492573112810591,LOW_RISK,NO_ACTION,0.0,ROBUST,False
43480,0.10614650029388933,0.0,11.00475797190916,LOW_RISK,NO_ACTION,0.0,ROBUST,False
43486,0.2705775222857213,0.0,8.445267451844648,LOW_RISK,NO_ACTION,0.0,ROBUST,False
43507,0.34247741496965617,0.0,5.443456132214275,WATCH,MONITOR,-10.0,ROBUST,False
43526,0.32310590363922476,0.0,12.676079399771027,WATCH,MONITOR,-10.0,ROBUST,False
43534,0.36053444232008225,0.0,12.994532278619134,WATCH,MONITOR,-10.0,ROBUST,False
43537,0.1616302929892334,0.0,7.313100379889725,LOW_RISK,NO_ACTION,0.0,ROBUST,False
43600,0.3586140395122931,0.0,10.685706174195778,WATCH,MONITOR,-10.0,ROBUST,False
43628,0.17306064749750888,0.0,6.144185634125646,LOW_RISK,NO_ACTION,0.0,ROBUST,False
43634,0.40020959227869957,0.0,7.417580402414544,WATCH,MONITOR,-10.0,ROBUST,False
43635,0.235635045305072,0.0,11.951593536353565,LOW_RISK,NO_ACTION,0.0,ROBUST,False
43643,0.3839581733525814,0.0,8.03752056773853,WATCH,MONITOR,-10.0,ROBUST,False
43693,0.11914623956244284,0.0,12.45293662970407,LOW_RISK,NO_ACTION,0.0,ROBUST,False
43714,0.828570543781461,29.07420177396853,13.49428824786538,HIGH_RISK,TRANSPORT_MODE_REVIEW,350.04048286474335,ROBUST,True
43749,0.3820138089053331,0.0,7.640603826393634,WATCH,MONITOR,-10.0,ROBUST,False
43762,0.19074820653259766,0.0,6.054509766325031,LOW_RISK,NO_ACTION,0.0,ROBUST,False
43786,0.41811481791888905,0.0,9.522593098362169,WATCH,MONITOR,-10.0,ROBUST,False
43805,0.35231189324197276,0.0,11.0184892973119,WATCH,MONITOR,-10.0,ROBUST,False
43807,0.3350247088599193,0.0,10.084298802724353,WATCH,MONITOR,-10.0,ROBUST,False
43812,0.24141954168173485,0.0,12.232157459290315,LOW_RISK,NO_ACTION,0.0,ROBUST,False
43827,0.29298058815244704,0.0,5.262690188904886,LOW_RISK,NO_ACTION,0.0,ROBUST,False
43834,0.3389397203911413,0.0,12.631931709333386,WATCH,MONITOR,-10.0,ROBUST,False
43875,0.28898484556595616,0.0,6.01415515702768,LOW_RISK,NO_ACTION,0.0,ROBUST,False
43892,0.3793253295762241,0.0,5.347536010335536,WATCH,MONITOR,-10.0,ROBUST,False
43897,0.2734787732427838,0.0,11.954998902567947,LOW_RISK,NO_ACTION,0.0,ROBUST,False
43905,0.18090927269681215,0.0,13.561909087824318,LOW_RISK,NO_ACTION,0.0,ROBUST,False
43906,0.18557351312041892,0.0,5.974216653698429,LOW_RISK,NO_ACTION,0.0,ROBUST,False
43912,0.10232150753717645,0.0,9.016766545173967,LOW_RISK,NO_ACTION,0.0,ROBUST,False
43918,0.220383086223469,0.0,4.27332721775054,LOW_RISK,NO_ACTION,0.0,ROBUST,False
43928,0.39956705619140787,0.0,7.703391356045449,WATCH,MONITOR,-10.0,ROBUST,False
43929,0.41766508353504384,0.0,9.422476361765776,WATCH,MONITOR,-10.0,ROBUST,False
43932,0.1809870168383,0.0,7.504022548353847,LOW_RISK,NO_ACTION,0.0,ROBUST,False
43970,0.48361759874856314,0.0,13.871575246126515,WATCH,MONITOR,-10.0,ROBUST,False
43972,0.30096111739205067,0.0,6.842363060215085,WATCH,MONITOR,-10.0,ROBUST,False
43989,0.4667914996074011,0.0,11.17059007360057,WATCH,MONITOR,-10.0,ROBUST,False
43998,0.3827061127446525,0.0,11.611567179952333,WATCH,MONITOR,-10.0,ROBUST,False
44031,0.3889733692089653,0.0,4.909340575944674,WATCH,MONITOR,-10.0,ROBUST,False
44045,0.13401744852242847,0.0,7.09102638481168,LOW_RISK,NO_ACTION,0.0,ROBUST,False
44068,0.18799645075877228,0.0,12.287876570580238,LOW_RISK,NO_ACTION,0.0,ROBUST,False
44082,0.10352593331778906,0.0,13.799185018585394,LOW_RISK,NO_ACTION,0.0,ROBUST,False
44092,0.386451056190695,0.0,4.61512051684126,WATCH,MONITOR,-10.0,ROBUST,False
44099,0.237775315371404,0.0,8.198716460033198,LOW_RISK,NO_ACTION,0.0,ROBUST,False
44105,0.4146610064305387,0.0,7.782598820942119,WATCH,MONITOR,-10.0,ROBUST,False
44121,0.2355744879748105,0.0,8.764209507142004,LOW_RISK,NO_ACTION,0.0,ROBUST,False
44131,0.42773350091954443,0.0,8.51938279248923,WATCH,MONITOR,-10.0,ROBUST,False
44180,0.15227930149932523,0.0,10.685475165510196,LOW_RISK,NO_ACTION,0.0,ROBUST,False
44183,0.16934926270300327,0.0,7.191722961621201,LOW_RISK,NO_ACTION,0.0,ROBUST,False
44204,0.2363506158335746,0.0,9.996171103952205,LOW_RISK,NO_ACTION,0.0,ROBUST,False
44209,0.26339495555290937,0.0,12.050576294026111,LOW_RISK,NO_ACTION,0.0,ROBUST,False
44247,0.23948112433719138,0.0,5.287256419188612,LOW_RISK,NO_ACTION,0.0,ROBUST,False
44263,0.405458813009288,0.0,11.377804237799664,WATCH,MONITOR,-10.0,ROBUST,False
44265,0.1387805570506859,0.0,8.730515875496502,LOW_RISK,NO_ACTION,0.0,ROBUST,False
44304,0.24048680785539522,0.0,12.956221422079235,LOW_RISK,NO_ACTION,0.0,ROBUST,False
44307,0.8832126281476194,27.55620067489142,12.488200697927239,CRITICAL,HUMAN_REVIEW,-50.0,ROBUST,True
44315,0.1267188309048688,0.0,9.105090961257085,LOW_RISK,NO_ACTION,0.0,ROBUST,False
44330,0.47693740306854304,0.0,4.726945242914012,WATCH,MONITOR,-10.0,ROBUST,False
44340,0.4945267369088052,0.0,6.146928649732054,WATCH,MONITOR,-10.0,ROBUST,False
44363,0.13542726953003204,0.0,10.54641980443157,LOW_RISK,NO_ACTION,0.0,ROBUST,False
44373,0.2165090089022948,0.0,10.305647203635566,LOW_RISK,NO_ACTION,0.0,ROBUST,False
44393,0.24896026641414248,0.0,13.00141759553478,LOW_RISK,NO_ACTION,0.0,ROBUST,False
44448,0.4105565474610905,0.0,12.558878333543396,WATCH,MONITOR,-10.0,ROBUST,False
44463,0.3383707248466935,0.0,8.688334144214611,WATCH,MONITOR,-10.0,ROBUST,False
44486,0.3577462801970269,0.0,6.296796195409122,WATCH,MONITOR,-10.0,ROBUST,False
44501,0.40300392912740246,0.0,8.703533329551975,WATCH,MONITOR,-10.0,ROBUST,False
44516,0.1471915997748103,0.0,12.033628149578472,LOW_RISK,NO_ACTION,0.0,ROBUST,False
44567,0.43328378276410495,0.0,11.778463533742148,WATCH,MONITOR,-10.0,ROBUST,False
44577,0.3822479216720577,0.0,10.359667320988784,WATCH,MONITOR,-10.0,ROBUST,False
44597,0.3309366900785481,0.0,7.130098510125578,WATCH,MONITOR,-10.0,ROBUST,False
44612,0.45589413391322264,0.0,12.077261523450677,WATCH,MONITOR,-10.0,ROBUST,False
44615,0.3801225415535229,0.0,9.236105579862208,WATCH,MONITOR,-10.0,ROBUST,False
44630,0.18067998505241017,0.0,12.761669253084396,LOW_RISK,NO_ACTION,0.0,ROBUST,False
44643,0.2718981524302667,0.0,9.994287576862567,LOW_RISK,NO_ACTION,0.0,ROBUST,False
44694,0.2976171467742933,0.0,5.5254529391317835,LOW_RISK,NO_ACTION,0.0,ROBUST,False
44702,0.12208705070016226,0.0,11.532433931358272,LOW_RISK,NO_ACTION,0.0,ROBUST,False
44724,0.48185500534402237,0.0,9.200391041122515,WATCH,MONITOR,-10.0,ROBUST,False
44737,0.1514309043187514,0.0,11.509960072536922,LOW_RISK,NO_ACTION,0.0,ROBUST,False
44778,0.37898450689069074,0.0,10.962111526853857,WATCH,MONITOR,-10.0,ROBUST,False
44783,0.3024924144363521,0.0,10.968767093246287,WATCH,MONITOR,-10.0,ROBUST,False
44808,0.11025289995376904,0.0,11.616934067204772,LOW_RISK,NO_ACTION,0.0,ROBUST,False
44816,0.46989899034574467,0.0,13.214145522826005,WATCH,MONITOR,-10.0,ROBUST,False
44855,0.44073472352757326,0.0,7.130634795442212,WATCH,MONITOR,-10.0,ROBUST,False
44860,0.30970317116153423,0.0,9.945732534129874,WATCH,MONITOR,-10.0,ROBUST,False
44908,0.19157693445577811,0.0,10.911175363467128,LOW_RISK,NO_ACTION,0.0,ROBUST,False
44920,0.1486491562720377,0.0,9.55604132129673,LOW_RISK,NO_ACTION,0.0,ROBUST,False
44922,0.7531297467012696,7.603594979324601,11.988777583413121,HIGH_RISK,HUMAN_REVIEW,-50.0,ROBUST,True
44930,0.20217131241843622,0.0,12.513174919221434,LOW_RISK,NO_ACTION,0.0,ROBUST,False
44942,0.3026764804025195,0.0,9.256582530830638,WATCH,MONITOR,-10.0,ROBUST,False
44962,0.48656371844937163,0.0,7.349230824613334,WATCH,MONITOR,-10.0,ROBUST,False
44964,0.3299813972918566,0.0,11.361522872356675,WATCH,MONITOR,-10.0,ROBUST,False
45020,0.4559724223560392,0.0,7.378277523723606,WATCH,MONITOR,-10.0,ROBUST,False
45034,0.36035153499831096,0.0,6.070552953426946,WATCH,MONITOR,-10.0,ROBUST,False
45048,0.2900986106348802,0.0,7.383734767162463,LOW_RISK,NO_ACTION,0.0,ROBUST,False
45057,0.4418430250933485,0.0,9.757585674273523,WATCH,MONITOR,-10.0,ROBUST,False
45143,0.288547244069199,0.0,5.913475978246006,LOW_RISK,NO_ACTION,0.0,ROBUST,False
45147,0.4474512682041444,0.0,11.73067047032264,WATCH,MONITOR,-10.0,ROBUST,False
45149,0.21663070783030614,0.0,8.268988209506656,LOW_RISK,NO_ACTION,0.0,ROBUST,False
45150,0.15152522950519526,0.0,6.364750756851911,LOW_RISK,NO_ACTION,0.0,ROBUST,False
45158,0.44212578574517536,0.0,11.326872956825019,WATCH,MONITOR,-10.0,ROBUST,False
45160,0.33496606551706676,0.0,8.636397438894713,WATCH,MONITOR,-10.0,ROBUST,False
45168,0.45563695929958403,0.0,10.157303848534356,WATCH,MONITOR,-10.0,ROBUST,False
45178,0.47513088279695326,0.0,10.597908920973804,WATCH,MONITOR,-10.0,ROBUST,False
45197,0.12145135614857967,0.0,6.432795387736153,LOW_RISK,NO_ACTION,0.0,ROBUST,False
45248,0.30038772074354736,0.0,12.10921476866039,WATCH,MONITOR,-10.0,ROBUST,False
45267,0.2499858196298117,0.0,8.483222671845084,LOW_RISK,NO_ACTION,0.0,ROBUST,False
45278,0.3503433588280469,0.0,6.385986665173161,WATCH,MONITOR,-10.0,ROBUST,False
45287,0.4174364788809294,0.0,12.227104908671096,WATCH,MONITOR,-10.0,ROBUST,False
45292,0.21223608638974759,0.0,9.38813503114641,LOW_RISK,NO_ACTION,0.0,ROBUST,False
45320,0.32271935374926863,0.0,6.479584333338335,WATCH,MONITOR,-10.0,ROBUST,False
45327,0.3834914319619599,0.0,12.129304985694676,WATCH,MONITOR,-10.0,ROBUST,False
45343,0.15377243313429362,0.0,9.921739468296513,LOW_RISK,NO_ACTION,0.0,ROBUST,False
45347,0.4256267623805068,0.0,8.257992318146604,WATCH,MONITOR,-10.0,ROBUST,False
45348,0.3424438399411892,0.0,7.536641233288065,WATCH,MONITOR,-10.0,ROBUST,False
45361,0.47981497484546076,0.0,11.935224943245661,WATCH,MONITOR,-10.0,ROBUST,False
45377,0.23581156765227732,0.0,8.786658338681457,LOW_RISK,NO_ACTION,0.0,ROBUST,False
45400,0.14325837693487947,0.0,8.029367691879308,LOW_RISK,NO_ACTION,0.0,ROBUST,False
45440,0.30260048041477017,0.0,9.239968103880859,WATCH,MONITOR,-10.0,ROBUST,False
45442,0.13432430868377554,0.0,13.723302611255095,LOW_RISK,NO_ACTION,0.0,ROBUST,False
45460,0.48781060932960274,0.0,4.177919485808005,WATCH,MONITOR,-10.0,ROBUST,False
45505,0.11547398330287661,0.0,7.316548177182976,LOW_RISK,NO_ACTION,0.0,ROBUST,False
45540,0.4014015604429232,0.0,11.49283499625168,WATCH,MONITOR,-10.0,ROBUST,False
45608,0.3100409592568976,0.0,9.680406499268875,WATCH,MONITOR,-10.0,ROBUST,False
45609,0.2474482609993155,0.0,10.12667110305036,LOW_RISK,NO_ACTION,0.0,ROBUST,False
45640,0.12633686580346187,0.0,3.8691155044168695,LOW_RISK,NO_ACTION,0.0,ROBUST,False
45644,0.3488667696694431,0.0,9.62648162008158,WATCH,MONITOR,-10.0,ROBUST,False
45648,0.3340881317563821,0.0,7.9658927350845286,WATCH,MONITOR,-10.0,ROBUST,False
45695,0.2123533092270399,0.0,8.28206814783644,LOW_RISK,NO_ACTION,0.0,ROBUST,False
45705,0.8865345621875105,60.872689602671514,12.166461116018127,CRITICAL,TRANSPORT_MODE_REVIEW,350.0364993833482,ROBUST,True
45723,0.22164400293713477,0.0,6.825460036255307,LOW_RISK,NO_ACTION,0.0,ROBUST,False
45729,0.27989016423684243,0.0,13.427014802511788,LOW_RISK,NO_ACTION,0.0,ROBUST,False
45741,0.3175049823674623,0.0,7.02197642307216,WATCH,MONITOR,-10.0,ROBUST,False
45793,0.14009275127051446,0.0,12.084882556202341,LOW_RISK,NO_ACTION,0.0,ROBUST,False
45801,0.472864687685453,0.0,7.885434576087753,WATCH,MONITOR,-10.0,ROBUST,False
45848,0.24981446098041646,0.0,6.425517112068059,LOW_RISK,NO_ACTION,0.0,ROBUST,False
45929,0.13231168554973746,0.0,13.548938754204904,LOW_RISK,NO_ACTION,0.0,ROBUST,False
45968,0.254916469470132,0.0,10.177514314164908,LOW_RISK,NO_ACTION,0.0,ROBUST,False
45977,0.3400810188370323,0.0,11.603999046689454,WATCH,MONITOR,-10.0,ROBUST,False
46005,0.30546106872853185,0.0,9.833748867284934,WATCH,MONITOR,-10.0,ROBUST,False
46010,0.3778167896149096,0.0,12.025698551199602,WATCH,MONITOR,-10.0,ROBUST,False
46067,0.12219357682716425,0.0,12.979467981888513,LOW_RISK,NO_ACTION,0.0,ROBUST,False
46082,0.21381624410882247,0.0,7.227662498728654,LOW_RISK,NO_ACTION,0.0,ROBUST,False
46095,0.4276922307360409,0.0,8.871252718131148,WATCH,MONITOR,-10.0,ROBUST,False
46099,0.7215308083582699,0.9687877522434967,11.625867647023043,HIGH_RISK,HUMAN_REVIEW,-50.0,SENSITIVE,True
46106,0.442194381878383,0.0,9.857705359881,WATCH,MONITOR,-10.0,ROBUST,False
46114,0.13675843683084252,0.0,10.333677793031093,LOW_RISK,NO_ACTION,0.0,ROBUST,False
46127,0.43378168595667854,0.0,13.263391908621427,WATCH,MONITOR,-10.0,ROBUST,False
46129,0.24431536043149069,0.0,8.463940083110499,LOW_RISK,NO_ACTION,0.0,ROBUST,False
46130,0.3448836253028863,0.0,13.02279262423358,WATCH,MONITOR,-10.0,ROBUST,False
46156,0.1611548462591993,0.0,12.363422488288572,LOW_RISK,NO_ACTION,0.0,ROBUST,False
46170,0.12646748869007235,0.0,12.025869563183791,LOW_RISK,NO_ACTION,0.0,ROBUST,False
46177,0.18637528160805406,0.0,7.619287415750641,LOW_RISK,NO_ACTION,0.0,ROBUST,False
46198,0.15114152716347823,0.0,11.669048826352586,LOW_RISK,NO_ACTION,0.0,ROBUST,False
46206,0.22496235907185272,0.0,9.725903953871065,LOW_RISK,NO_ACTION,0.0,ROBUST,False
46209,0.3057532986044081,0.0,12.78235168429069,WATCH,MONITOR,-10.0,ROBUST,False
46227,0.3355037854260038,0.0,8.117831419998527,WATCH,MONITOR,-10.0,ROBUST,False
46228,0.4159472429518972,0.0,11.469743709235566,WATCH,MONITOR,-10.0,ROBUST,False
46250,0.3624959572993435,0.0,8.829999003022172,WATCH,MONITOR,-10.0,ROBUST,False
46310,0.3435033300518212,0.0,9.45727857185611,WATCH,MONITOR,-10.0,ROBUST,False
46323,0.2647128109943099,0.0,8.146958152113946,LOW_RISK,NO_ACTION,0.0,ROBUST,False
46348,0.2895233739840555,0.0,10.871117577739867,LOW_RISK,NO_ACTION,0.0,ROBUST,False
46353,0.26580833175607244,0.0,12.172231436861402,LOW_RISK,NO_ACTION,0.0,ROBUST,False
46355,0.43686641202455323,0.0,5.4510384535657,WATCH,MONITOR,-10.0,ROBUST,False
46372,0.19200018101935995,0.0,7.548745634524518,LOW_RISK,NO_ACTION,0.0,ROBUST,False
46395,0.10228837261678586,0.0,4.537961436294641,LOW_RISK,NO_ACTION,0.0,ROBUST,False
46409,0.3605279588904957,0.0,10.69559732562212,WATCH,MONITOR,-10.0,ROBUST,False
46411,0.18098487345553257,0.0,12.77138929548529,LOW_RISK,NO_ACTION,0.0,ROBUST,False
46429,0.45604605452392377,0.0,6.2166061010848646,WATCH,MONITOR,-10.0,ROBUST,False
46432,0.4436185318826624,0.0,10.422400386484737,WATCH,MONITOR,-10.0,ROBUST,False
46447,0.13069094877128237,0.0,10.933314091123309,LOW_RISK,NO_ACTION,0.0,ROBUST,False
46460,0.14255536216563094,0.0,9.436949909813567,LOW_RISK,NO_ACTION,0.0,ROBUST,False
46464,0.29806863689866653,0.0,12.299931773067184,LOW_RISK,NO_ACTION,0.0,ROBUST,False
46468,0.3436890651077419,0.0,14.039814236071086,WATCH,MONITOR,-10.0,ROBUST,False
46502,0.20996333499289632,0.0,12.047311353145233,LOW_RISK,NO_ACTION,0.0,ROBUST,False
46512,0.3867190866797483,0.0,10.584587455185398,WATCH,MONITOR,-10.0,ROBUST,False
46513,0.33796640836754865,0.0,5.485377677689165,WATCH,MONITOR,-10.0,ROBUST,False
46556,0.2299296438994219,0.0,2.428336298299606,LOW_RISK,NO_ACTION,0.0,ROBUST,False
46574,0.11014859521692624,0.0,7.810855395948351,LOW_RISK,NO_ACTION,0.0,ROBUST,False
46582,0.4000601125194071,0.0,10.275947259030309,WATCH,MONITOR,-10.0,ROBUST,False
46587,0.1859014663300331,0.0,11.794487875429349,LOW_RISK,NO_ACTION,0.0,ROBUST,False
46590,0.43378949738505135,0.0,12.516169005452252,WATCH,MONITOR,-10.0,ROBUST,False
46625,0.26811610402170205,0.0,6.175867270105761,LOW_RISK,NO_ACTION,0.0,ROBUST,False
46653,0.33083097705270614,0.0,7.6213323410535905,WATCH,MONITOR,-10.0,ROBUST,False
46669,0.44917949216360076,0.0,10.890255387214118,WATCH,MONITOR,-10.0,ROBUST,False
46673,0.4454492003679814,0.0,8.730743676050833,WATCH,MONITOR,-10.0,ROBUST,False
46688,0.24860783009742932,0.0,7.452327042347978,LOW_RISK,NO_ACTION,0.0,ROBUST,False
46726,0.18355555708593727,0.0,8.826559942523353,LOW_RISK,NO_ACTION,0.0,ROBUST,False
46727,0.4100584310914379,0.0,12.106920595183126,WATCH,MONITOR,-10.0,ROBUST,False
46742,0.2732320814408525,0.0,10.30078943197234,LOW_RISK,NO_ACTION,0.0,ROBUST,False
46844,0.17681679742360165,0.0,11.31841796019235,LOW_RISK,NO_ACTION,0.0,ROBUST,False
46848,0.4617701369268601,0.0,7.183992103749176,WATCH,MONITOR,-10.0,ROBUST,False
46858,0.17924167769643495,0.0,6.98100574072173,LOW_RISK,NO_ACTION,0.0,ROBUST,False
46860,0.11032286727649243,0.0,12.483708170000067,LOW_RISK,NO_ACTION,0.0,ROBUST,False
46867,0.10811198950696799,0.0,13.101019202534,LOW_RISK,NO_ACTION,0.0,ROBUST,False
46869,0.34892614258170573,0.0,10.264687244346277,WATCH,MONITOR,-10.0,ROBUST,False
46875,0.3646700242870121,0.0,13.463056692724761,WATCH,MONITOR,-10.0,ROBUST,False
46895,0.22441668202279358,0.0,11.62254191129355,LOW_RISK,NO_ACTION,0.0,ROBUST,False
46897,0.22800439569882536,0.0,10.71577573518742,LOW_RISK,NO_ACTION,0.0,ROBUST,False
46942,0.2357975660239771,0.0,12.059895922372384,LOW_RISK,NO_ACTION,0.0,ROBUST,False
46956,0.37206341870355153,0.0,9.363576347875041,WATCH,MONITOR,-10.0,ROBUST,False
46987,0.12325351641073144,0.0,12.145053258304127,LOW_RISK,NO_ACTION,0.0,ROBUST,False
47025,0.47164654107653026,0.0,11.97657444614045,WATCH,MONITOR,-10.0,ROBUST,False
47035,0.1890084176709786,0.0,6.693819208418841,LOW_RISK,NO_ACTION,0.0,ROBUST,False
47048,0.4998692820968369,0.0,11.597577226923311,WATCH,MONITOR,-10.0,ROBUST,False
47050,0.1686090775148748,0.0,13.287048489034591,LOW_RISK,NO_ACTION,0.0,ROBUST,False
47077,0.408618582924951,0.0,12.021133666272705,WATCH,MONITOR,-10.0,ROBUST,False
47084,0.18936501797185,0.0,6.101596162944665,LOW_RISK,NO_ACTION,0.0,ROBUST,False
47200,0.1323387206573016,0.0,12.185300133047377,LOW_RISK,NO_ACTION,0.0,ROBUST,False
47212,0.4499733297402596,0.0,7.810595963131887,WATCH,MONITOR,-10.0,ROBUST,False
47221,0.44350050367635674,0.0,5.771441123130016,WATCH,MONITOR,-10.0,ROBUST,False
47233,0.26142815697984056,0.0,5.918786321609996,LOW_RISK,NO_ACTION,0.0,ROBUST,False
47236,0.3809584570161707,0.0,5.303304908059076,WATCH,MONITOR,-10.0,ROBUST,False
47253,0.3228263730735669,0.0,10.982764104897495,WATCH,MONITOR,-10.0,ROBUST,False
47301,0.4411824454694996,0.0,0.009950330853168083,WATCH,MONITOR,-10.0,ROBUST,False
47302,0.22602238772746178,0.0,6.911548077220833,LOW_RISK,NO_ACTION,0.0,ROBUST,False
47311,0.3094689599995941,0.0,10.788924359859784,WATCH,MONITOR,-10.0,ROBUST,False
47312,0.29414894848182016,0.0,6.657908344833378,LOW_RISK,NO_ACTION,0.0,ROBUST,False
47356,0.6144558037179888,1.0396788364084433,10.53842282334766,HIGH_RISK,TRANSPORT_MODE_REVIEW,55.96278203644505,SENSITIVE,True
47388,0.4565820258225489,0.0,12.57159384570941,WATCH,MONITOR,-10.0,ROBUST,False
47400,0.1663511698650142,0.0,9.888170848424235,LOW_RISK,NO_ACTION,0.0,ROBUST,False
47406,0.15980345580827848,0.0,12.247986843379165,LOW_RISK,NO_ACTION,0.0,ROBUST,False
47411,0.33076381412910055,0.0,6.814542897259958,WATCH,MONITOR,-10.0,ROBUST,False
47413,0.3629976919939768,0.0,11.51293546492023,WATCH,MONITOR,-10.0,ROBUST,False
47432,0.17784770172982609,0.0,10.264687244346277,LOW_RISK,NO_ACTION,0.0,ROBUST,False
47443,0.25628697690184965,0.0,8.375675708981973,LOW_RISK,NO_ACTION,0.0,ROBUST,False
47473,0.4786255371914975,0.0,11.839336831771924,WATCH,MONITOR,-10.0,ROBUST,False
47495,0.1986469690762696,0.0,13.364884367595717,LOW_RISK,NO_ACTION,0.0,ROBUST,False
47536,0.3673442808469577,0.0,6.68586094706836,WATCH,MONITOR,-10.0,ROBUST,False
47541,0.3960597574790363,0.0,11.37261227068365,WATCH,MONITOR,-10.0,ROBUST,False
47546,0.2792514797860638,0.0,10.368459795559659,LOW_RISK,NO_ACTION,0.0,ROBUST,False
47559,0.4750103947038332,0.0,12.367345048436391,WATCH,MONITOR,-10.0,ROBUST,False
47576,0.6635982164095974,54.95000228251749,11.581863668296236,HIGH_RISK,SUPPLIER_ESCALATION,200.0231637273364,ROBUST,True
47581,0.2831698319443592,0.0,11.798111925972618,LOW_RISK,NO_ACTION,0.0,ROBUST,False
47587,0.32773408071043764,0.0,11.010415172807951,WATCH,MONITOR,-10.0,ROBUST,False
47616,0.3770453773700403,0.0,8.501470230951002,WATCH,MONITOR,-10.0,ROBUST,False
47625,0.6647222037529362,54.143424584256174,12.957989882203368,HIGH_RISK,EXPEDITE,250.06478994941062,SENSITIVE,True
47638,0.4514790335304304,0.0,6.077642243349034,WATCH,MONITOR,-10.0,ROBUST,False
47642,0.2427554649121605,0.0,9.950418847220561,LOW_RISK,NO_ACTION,0.0,ROBUST,False
47653,0.21995429602232197,0.0,6.740010956159411,LOW_RISK,NO_ACTION,0.0,ROBUST,False
47666,0.18553555579810574,0.0,4.813646700258897,LOW_RISK,NO_ACTION,0.0,ROBUST,False
47676,0.11511318722583806,0.0,7.2312001698774395,LOW_RISK,NO_ACTION,0.0,ROBUST,False
47677,0.11720558575202214,0.0,8.378073642662107,LOW_RISK,NO_ACTION,0.0,ROBUST,False
47722,0.4480220772437131,0.0,5.461201229449516,WATCH,MONITOR,-10.0,ROBUST,False
47759,0.3713572585623629,0.0,10.84644046831617,WATCH,MONITOR,-10.0,ROBUST,False
47817,0.3642129661745944,0.0,8.653296274408579,WATCH,MONITOR,-10.0,ROBUST,False
47831,0.3458571275739544,0.0,11.859241944780736,WATCH,MONITOR,-10.0,ROBUST,False
47837,0.43968765787764197,0.0,10.265975567789152,WATCH,MONITOR,-10.0,ROBUST,False
47853,0.292106770266251,0.0,11.86133333059104,LOW_RISK,NO_ACTION,0.0,ROBUST,False
47857,0.44816433142332013,0.0,9.19634286233233,WATCH,MONITOR,-10.0,ROBUST,False
47862,0.24377801047289568,0.0,7.901377353792616,LOW_RISK,NO_ACTION,0.0,ROBUST,False
47864,0.47068300173563626,0.0,11.896335811630868,WATCH,MONITOR,-10.0,ROBUST,False
47870,0.3794627920324961,0.0,7.130098510125578,WATCH,MONITOR,-10.0,ROBUST,False
47923,0.20287085440977093,0.0,11.184435286790631,LOW_RISK,NO_ACTION,0.0,ROBUST,False
47937,0.32563396867545,0.0,12.445156472894878,WATCH,MONITOR,-10.0,ROBUST,False
47949,0.8506440677226583,37.15226980257369,12.884594749117833,CRITICAL,HUMAN_REVIEW,-50.0,ROBUST,True
47953,0.1551595286921336,0.0,8.452355959002228,LOW_RISK,NO_ACTION,0.0,ROBUST,False
47975,0.3364971623002456,0.0,11.771173577387353,WATCH,MONITOR,-10.0,ROBUST,False
47977,0.22591424948678318,0.0,11.472113887062386,LOW_RISK,NO_ACTION,0.0,ROBUST,False
47979,0.12093950672384098,0.0,8.850660919017152,LOW_RISK,NO_ACTION,0.0,ROBUST,False
48043,0.47946246308262597,0.0,13.497840644580345,WATCH,MONITOR,-10.0,ROBUST,False
48044,0.3565961476257151,0.0,9.806811440270668,WATCH,MONITOR,-10.0,ROBUST,False
48065,0.4507675727483388,0.0,10.463246187411299,WATCH,MONITOR,-10.0,ROBUST,False
48099,0.3704224020053013,0.0,7.180069874302796,WATCH,MONITOR,-10.0,ROBUST,False
48102,0.2427934768560452,0.0,6.816626345571035,LOW_RISK,NO_ACTION,0.0,ROBUST,False
48120,0.3050752289315246,0.0,8.637816633739977,WATCH,MONITOR,-10.0,ROBUST,False
48151,0.3702987041388709,0.0,12.324286255142953,WATCH,MONITOR,-10.0,ROBUST,False
48155,0.4841009300805751,0.0,8.854607840969708,WATCH,MONITOR,-10.0,ROBUST,False
48182,0.2014677836486786,0.0,7.530587285627057,LOW_RISK,NO_ACTION,0.0,ROBUST,False
48184,0.44999082344964714,0.0,9.457253573496626,WATCH,MONITOR,-10.0,ROBUST,False
48214,0.46963112211770774,0.0,5.49986949161877,WATCH,MONITOR,-10.0,ROBUST,False
48216,0.3681662058635826,0.0,11.820417517632333,WATCH,MONITOR,-10.0,ROBUST,False
48228,0.4725066509605351,0.0,11.498836682527127,WATCH,MONITOR,-10.0,ROBUST,False
48236,0.2591514349909474,0.0,6.895824388114172,LOW_RISK,NO_ACTION,0.0,ROBUST,False
48261,0.48120647041617715,0.0,9.28618968425962,WATCH,MONITOR,-10.0,ROBUST,False
48301,0.38111315086638997,0.0,13.128744971647793,WATCH,MONITOR,-10.0,ROBUST,False
48319,0.11680230696752476,0.0,8.51228516674365,LOW_RISK,NO_ACTION,0.0,ROBUST,False
48419,0.4627491327276211,0.0,10.289540117255491,WATCH,MONITOR,-10.0,ROBUST,False
48438,0.293789123613277,0.0,9.923559751337782,LOW_RISK,NO_ACTION,0.0,ROBUST,False
48497,0.28413079391113316,0.0,13.037474938114254,LOW_RISK,NO_ACTION,0.0,ROBUST,False
48500,0.32658664239185375,0.0,12.96670088870304,WATCH,MONITOR,-10.0,ROBUST,False
48516,0.15975381870849117,0.0,6.293419278846481,LOW_RISK,NO_ACTION,0.0,ROBUST,False
48517,0.2876664194269595,0.0,11.796908203315406,LOW_RISK,NO_ACTION,0.0,ROBUST,False
48519,0.4324508866870983,0.0,7.186144304522325,WATCH,MONITOR,-10.0,ROBUST,False
48523,0.10619298365500614,0.0,12.299203178902868,LOW_RISK,NO_ACTION,0.0,ROBUST,False
48559,0.20916686412974853,0.0,5.5509420471844155,LOW_RISK,NO_ACTION,0.0,ROBUST,False
48595,0.10098183457753769,0.0,9.13830716907635,LOW_RISK,NO_ACTION,0.0,ROBUST,False
48623,0.2662845236599394,0.0,10.464702061835247,LOW_RISK,NO_ACTION,0.0,ROBUST,False
48624,0.39132620419749387,0.0,12.015382973519475,WATCH,MONITOR,-10.0,ROBUST,False
48640,0.41950873164585145,0.0,9.70475608666335,WATCH,MONITOR,-10.0,ROBUST,False
48655,0.4780759044508026,0.0,4.20960590255719,WATCH,MONITOR,-10.0,ROBUST,False
48665,0.3434018451883146,0.0,9.565928725789625,WATCH,MONITOR,-10.0,ROBUST,False
48690,0.2018507466611582,0.0,7.990414321968981,LOW_RISK,NO_ACTION,0.0,ROBUST,False
48706,0.4696591796546796,0.0,11.966594470188777,WATCH,MONITOR,-10.0,ROBUST,False
48729,0.41012630155215046,0.0,3.2805352052549286,WATCH,MONITOR,-10.0,ROBUST,False
48741,0.3297713932012578,0.0,8.88405606174246,WATCH,MONITOR,-10.0,ROBUST,False
48746,0.37825608628757446,0.0,11.303907920168797,WATCH,MONITOR,-10.0,ROBUST,False
48755,0.4697265420029717,0.0,6.068518176550273,WATCH,MONITOR,-10.0,ROBUST,False
48765,0.7194015878863509,3.27652355322443,4.394449154672439,HIGH_RISK,TRANSPORT_MODE_REVIEW,350.01318334746395,ROBUST,True
48773,0.24734980303389362,0.0,13.692456655664076,LOW_RISK,NO_ACTION,0.0,ROBUST,False
48821,0.3852112809156387,0.0,7.50999258418224,WATCH,MONITOR,-10.0,ROBUST,False
48825,0.11611126509415515,0.0,11.177536641245258,LOW_RISK,NO_ACTION,0.0,ROBUST,False
48826,0.2545662247322325,0.0,8.105609402299896,LOW_RISK,NO_ACTION,0.0,ROBUST,False
48839,0.2625292127382317,0.0,12.847929163278053,LOW_RISK,NO_ACTION,0.0,ROBUST,False
48842,0.16673529376833388,0.0,4.551874888929868,LOW_RISK,NO_ACTION,0.0,ROBUST,False
48857,0.742142948519384,138.57799942250358,10.459812216373336,HIGH_RISK,TRANSPORT_MODE_REVIEW,350.0313794366484,ROBUST,True
48870,0.15335249465509715,0.0,7.104472716059824,LOW_RISK,NO_ACTION,0.0,ROBUST,False
48872,0.3618485983188221,0.0,12.570632422312334,WATCH,MONITOR,-10.0,ROBUST,False
48879,0.42091552654547504,0.0,11.41321208529403,WATCH,MONITOR,-10.0,ROBUST,False
48906,0.49528139709078967,0.0,5.651787179537821,WATCH,MONITOR,-10.0,ROBUST,False
48923,0.23854540124339774,0.0,5.90805576388667,LOW_RISK,NO_ACTION,0.0,ROBUST,False
48945,0.33975168890444074,0.0,13.885048476885881,WATCH,MONITOR,-10.0,ROBUST,False
48958,0.47485798672604884,0.0,6.8679744089702925,WATCH,MONITOR,-10.0,ROBUST,False
48994,0.16681671253526104,0.0,11.995357787034976,LOW_RISK,NO_ACTION,0.0,ROBUST,False
49003,0.3870582345370971,0.0,13.420986873572868,WATCH,MONITOR,-10.0,ROBUST,False
49014,0.4019914932596653,0.0,13.509752766251927,WATCH,MONITOR,-10.0,ROBUST,False
49025,0.13559021434773535,0.0,13.45883704259595,LOW_RISK,NO_ACTION,0.0,ROBUST,False
49063,0.44449975407322606,0.0,12.519049588203176,WATCH,MONITOR,-10.0,ROBUST,False
49071,0.42524201884433754,0.0,3.885679030088544,WATCH,MONITOR,-10.0,ROBUST,False
49076,0.11336120263097378,0.0,12.677826149102403,LOW_RISK,NO_ACTION,0.0,ROBUST,False
49085,0.1364337659520206,0.0,3.4965075614664802,LOW_RISK,NO_ACTION,0.0,ROBUST,False
49116,0.11965075755674093,0.0,9.019271871967621,LOW_RISK,NO_ACTION,0.0,ROBUST,False
49150,0.2338974127197449,0.0,7.152268856032539,LOW_RISK,NO_ACTION,0.0,ROBUST,False
49169,0.3037155962719705,0.0,11.040297595415952,WATCH,MONITOR,-10.0,ROBUST,False
49211,0.31293909118185154,0.0,11.967542576537998,WATCH,MONITOR,-10.0,ROBUST,False
49214,0.20706670390777707,0.0,12.135263840519244,LOW_RISK,NO_ACTION,0.0,ROBUST,False
49225,0.46463875462410964,0.0,10.028171168770866,WATCH,MONITOR,-10.0,ROBUST,False
49301,0.24730511594876528,0.0,5.8888779583328805,LOW_RISK,NO_ACTION,0.0,ROBUST,False
49320,0.11822006238614101,0.0,7.98604580562695,LOW_RISK,NO_ACTION,0.0,ROBUST,False
49359,0.22009084461655457,0.0,12.132307153185085,LOW_RISK,NO_ACTION,0.0,ROBUST,False
49363,0.31244376901766224,0.0,5.420534999272286,WATCH,MONITOR,-10.0,ROBUST,False
49366,0.8670423412188044,33.22304897577582,12.108647119958743,CRITICAL,EXPEDITE,250.06054323559965,SENSITIVE,True
49378,0.20953700763970368,0.0,12.07824495582233,LOW_RISK,NO_ACTION,0.0,ROBUST,False
49380,0.15252929990572697,0.0,9.873620437771162,LOW_RISK,NO_ACTION,0.0,ROBUST,False
49386,0.42766580003849197,0.0,12.764066433019515,WATCH,MONITOR,-10.0,ROBUST,False
49387,0.4984580968496768,0.0,10.08451660774299,WATCH,MONITOR,-10.0,ROBUST,False
49405,0.23181685340955283,0.0,12.34340991162172,LOW_RISK,NO_ACTION,0.0,ROBUST,False
49406,0.2526484176706416,0.0,10.604627704024997,LOW_RISK,NO_ACTION,0.0,ROBUST,False
49429,0.3472150098707828,0.0,12.403943516046976,WATCH,MONITOR,-10.0,ROBUST,False
49435,0.3873765898942165,0.0,10.848968086540825,WATCH,MONITOR,-10.0,ROBUST,False
49494,0.2568118139214365,0.0,10.389272253058634,LOW_RISK,NO_ACTION,0.0,ROBUST,False
49498,0.4619718067927261,0.0,9.982575958855092,WATCH,MONITOR,-10.0,ROBUST,False
49529,0.3240015956915674,0.0,13.169828969477242,WATCH,MONITOR,-10.0,ROBUST,False
49535,0.28015603056237237,0.0,6.672070919423591,LOW_RISK,NO_ACTION,0.0,ROBUST,False
49540,0.3586691012639621,0.0,6.662174382548992,WATCH,MONITOR,-10.0,ROBUST,False
49585,0.4811215392996693,0.0,14.522314558189832,WATCH,MONITOR,-10.0,ROBUST,False
49587,0.41782091776868224,0.0,8.257992318146604,WATCH,MONITOR,-10.0,ROBUST,False
49607,0.11600525221404974,0.0,4.8077844460498085,LOW_RISK,NO_ACTION,0.0,ROBUST,False
49653,0.23292396429598386,0.0,9.858239109062959,LOW_RISK,NO_ACTION,0.0,ROBUST,False
49656,0.2882178739804891,0.0,6.674321464044161,LOW_RISK,NO_ACTION,0.0,ROBUST,False
49660,0.22580702888364212,0.0,5.771441123130016,LOW_RISK,NO_ACTION,0.0,ROBUST,False
49694,0.38007502433218265,0.0,13.148656464649154,WATCH,MONITOR,-10.0,ROBUST,False
49749,0.4305076599450325,0.0,6.3561076606958915,WATCH,MONITOR,-10.0,ROBUST,False
49760,0.3925380380741087,0.0,4.5269924049240675,WATCH,MONITOR,-10.0,ROBUST,False
49765,0.4957333147313101,0.0,5.666426688112432,WATCH,MONITOR,-10.0,ROBUST,False
49796,0.20901905915721164,0.0,8.330072939278685,LOW_RISK,NO_ACTION,0.0,ROBUST,False
49829,0.44999579800976863,0.0,12.317976208689979,WATCH,MONITOR,-10.0,ROBUST,False
49832,0.40664906606979445,0.0,10.010142230404668,WATCH,MONITOR,-10.0,ROBUST,False
49837,0.24487150302325844,0.0,6.626055278207904,LOW_RISK,NO_ACTION,0.0,ROBUST,False
49859,0.3936498174627875,0.0,12.767928779158886,WATCH,MONITOR,-10.0,ROBUST,False
49875,0.1416303825672988,0.0,13.051943059028227,LOW_RISK,NO_ACTION,0.0,ROBUST,False
49881,0.6590777113360285,6.87967078534663,13.62516787779912,HIGH_RISK,SUPPLIER_ESCALATION,200.02725033575564,ROBUST,True
49907,0.3129322410348411,0.0,13.44357838360055,WATCH,MONITOR,-10.0,ROBUST,False
49919,0.21691606908370129,0.0,10.945547126244623,LOW_RISK,NO_ACTION,0.0,ROBUST,False
49926,0.3623109207136721,0.0,11.313266479778829,WATCH,MONITOR,-10.0,ROBUST,False
49957,0.35664799948576364,0.0,9.836272385709789,WATCH,MONITOR,-10.0,ROBUST,False
50031,0.1837944890878399,0.0,7.088383736625618,LOW_RISK,NO_ACTION,0.0,ROBUST,False
50078,0.11215896592461046,0.0,6.741783335865274,LOW_RISK,NO_ACTION,0.0,ROBUST,False
50109,0.27344903476066956,0.0,4.921366826338073,LOW_RISK,NO_ACTION,0.0,ROBUST,False
50220,0.32780474773776846,0.0,7.714677473800927,WATCH,MONITOR,-10.0,ROBUST,False
50231,0.4506421113482394,0.0,7.783386503134342,WATCH,MONITOR,-10.0,ROBUST,False
50235,0.4712867182590378,0.0,10.389026137075234,WATCH,MONITOR,-10.0,ROBUST,False
50255,0.3115220872627066,0.0,9.622728129823038,WATCH,MONITOR,-10.0,ROBUST,False
50261,0.401521393507418,0.0,11.3350062038375,WATCH,MONITOR,-10.0,ROBUST,False
50287,0.2757213089311988,0.0,10.597659208142261,LOW_RISK,NO_ACTION,0.0,ROBUST,False
50294,0.3984328626291572,0.0,12.043794863424617,WATCH,MONITOR,-10.0,ROBUST,False
50301,0.18192060997566678,0.0,5.809102989514006,LOW_RISK,NO_ACTION,0.0,ROBUST,False
50309,0.24842589392141257,0.0,5.820082930352362,LOW_RISK,NO_ACTION,0.0,ROBUST,False
50314,0.3536911995254459,0.0,13.246262780999547,WATCH,MONITOR,-10.0,ROBUST,False
50316,0.10726318624283154,0.0,12.861935836276862,LOW_RISK,NO_ACTION,0.0,ROBUST,False
50345,0.3889845241355816,0.0,12.513561021741964,WATCH,MONITOR,-10.0,ROBUST,False
50380,0.4342142005072668,0.0,6.974675337008158,WATCH,MONITOR,-10.0,ROBUST,False
50383,0.2596566644375806,0.0,9.952325334619427,LOW_RISK,NO_ACTION,0.0,ROBUST,False
50438,0.27917696687086574,0.0,4.457829598089382,LOW_RISK,NO_ACTION,0.0,ROBUST,False
50483,0.44051288488661244,0.0,1.252762968495368,WATCH,MONITOR,-10.0,ROBUST,False
50498,0.4102618541304134,0.0,5.433765670723085,WATCH,MONITOR,-10.0,ROBUST,False
50514,0.21525979561335,0.0,13.017005083966255,LOW_RISK,NO_ACTION,0.0,ROBUST,False
50524,0.2295904426246156,0.0,8.483880431885677,LOW_RISK,NO_ACTION,0.0,ROBUST,False
50581,0.7695255937358269,2.9280397836048064,12.33182825999709,HIGH_RISK,HUMAN_REVIEW,-50.0,SENSITIVE,True
50607,0.32527923697926453,0.0,10.231027154561334,WATCH,MONITOR,-10.0,ROBUST,False
50613,0.1648918284385988,0.0,9.441531454869693,LOW_RISK,NO_ACTION,0.0,ROBUST,False
50626,0.22397196369166658,0.0,4.890574666695814,LOW_RISK,NO_ACTION,0.0,ROBUST,False
50636,0.45999331075146166,0.0,5.168607235025291,WATCH,MONITOR,-10.0,ROBUST,False
50662,0.37526977468890543,0.0,12.319405795112926,WATCH,MONITOR,-10.0,ROBUST,False
50665,0.4943897270742078,0.0,12.852784711612925,WATCH,MONITOR,-10.0,ROBUST,False
50723,0.4068050119923078,0.0,9.719624808723344,WATCH,MONITOR,-10.0,ROBUST,False
50730,0.47678977285743607,0.0,6.734591659972948,WATCH,MONITOR,-10.0,ROBUST,False
50739,0.6666227612079961,34.38437590046097,6.295634937064565,HIGH_RISK,HUMAN_REVIEW,-50.0,ROBUST,True
50752,0.40859394992677034,0.0,9.392745258631441,WATCH,MONITOR,-10.0,ROBUST,False
50754,0.10808700805911897,0.0,13.498730069943406,LOW_RISK,NO_ACTION,0.0,ROBUST,False
50755,0.36830400868461355,0.0,10.12025079288605,WATCH,MONITOR,-10.0,ROBUST,False
50758,0.28771291124809656,0.0,12.56988555348162,LOW_RISK,NO_ACTION,0.0,ROBUST,False
50798,0.23870402876802746,0.0,7.766628739986341,LOW_RISK,NO_ACTION,0.0,ROBUST,False
50802,0.4449617409172356,0.0,11.042057462261363,WATCH,MONITOR,-10.0,ROBUST,False
50876,0.44170707706301227,0.0,12.536709676117123,WATCH,MONITOR,-10.0,ROBUST,False
50893,0.10892068195945744,0.0,12.678077396196194,LOW_RISK,NO_ACTION,0.0,ROBUST,False
50901,0.3438020489797724,0.0,13.081543466215237,WATCH,MONITOR,-10.0,ROBUST,False
50907,0.24713288972838257,0.0,11.991895029819986,LOW_RISK,NO_ACTION,0.0,ROBUST,False
50910,0.26626440060017964,0.0,12.255998640589882,LOW_RISK,NO_ACTION,0.0,ROBUST,False
50918,0.43281629568751046,0.0,13.125827869116366,WATCH,MONITOR,-10.0,ROBUST,False
50968,0.22393590861107132,0.0,8.843161887048911,LOW_RISK,NO_ACTION,0.0,ROBUST,False
50971,0.4772195242550481,0.0,6.654410218934806,WATCH,MONITOR,-10.0,ROBUST,False
50976,0.17185353054885633,0.0,11.425908124326453,LOW_RISK,NO_ACTION,0.0,ROBUST,False
50985,0.3650889693472711,0.0,6.825460036255307,WATCH,MONITOR,-10.0,ROBUST,False
51016,0.36884202680550593,0.0,13.246421792724346,WATCH,MONITOR,-10.0,ROBUST,False
51034,0.2008780645711673,0.0,11.288818950155457,LOW_RISK,NO_ACTION,0.0,ROBUST,False
51046,0.2299002435868808,0.0,10.48785866886528,LOW_RISK,NO_ACTION,0.0,ROBUST,False
51063,0.8852785783507646,95.14139407661858,10.672917766659227,CRITICAL,EXPEDITE,250.05336458883357,SENSITIVE,True
51073,0.404722101981981,0.0,9.329233014013868,WATCH,MONITOR,-10.0,ROBUST,False
51098,0.23163835212590383,0.0,8.999742789830492,LOW_RISK,NO_ACTION,0.0,ROBUST,False
51134,0.31358261877397353,0.0,11.87757552297847,WATCH,MONITOR,-10.0,ROBUST,False
51148,0.12467211850123819,0.0,12.524530013005734,LOW_RISK,NO_ACTION,0.0,ROBUST,False
51155,0.18349835295945172,0.0,10.463131911491967,LOW_RISK,NO_ACTION,0.0,ROBUST,False
51165,0.29432822354415966,0.0,12.724869415131389,LOW_RISK,NO_ACTION,0.0,ROBUST,False
51175,0.13438949411168466,0.0,12.277467297099491,LOW_RISK,NO_ACTION,0.0,ROBUST,False
51217,0.43733294195677497,0.0,10.559888276444068,WATCH,MONITOR,-10.0,ROBUST,False
51225,0.3872024840430591,0.0,4.4916654851912705,WATCH,MONITOR,-10.0,ROBUST,False
51233,0.47745346825939794,0.0,9.736310733068626,WATCH,MONITOR,-10.0,ROBUST,False
51267,0.630541104884861,93.44796849118453,12.456613441301272,HIGH_RISK,HUMAN_REVIEW,-50.0,ROBUST,True
51268,0.7517873723204795,7.407308210600994,12.405812453305339,HIGH_RISK,HUMAN_REVIEW,-50.0,ROBUST,True
51275,0.321805022276386,0.0,6.897805948128469,WATCH,MONITOR,-10.0,ROBUST,False
51340,0.3400874444247878,0.0,9.703877405604631,WATCH,MONITOR,-10.0,ROBUST,False
51346,0.4907884218505044,0.0,6.880291580477227,WATCH,MONITOR,-10.0,ROBUST,False
51380,0.3568516587457041,0.0,10.201775681400134,WATCH,MONITOR,-10.0,ROBUST,False
51396,0.11231462754429865,0.0,10.113659333041166,LOW_RISK,NO_ACTION,0.0,ROBUST,False
51408,0.3895211106522093,0.0,12.457997998269835,WATCH,MONITOR,-10.0,ROBUST,False
51410,0.4621874768549663,0.0,11.779352235504788,WATCH,MONITOR,-10.0,ROBUST,False
51432,0.4182320999177307,0.0,6.504946639335182,WATCH,MONITOR,-10.0,ROBUST,False
51435,0.3335333090501691,0.0,5.5254529391317835,WATCH,MONITOR,-10.0,ROBUST,False
51440,0.3685214052374065,0.0,11.982935344196433,WATCH,MONITOR,-10.0,ROBUST,False
51452,0.4960767157006687,0.0,7.3783837129967145,WATCH,MONITOR,-10.0,ROBUST,False
51467,0.13626483540373535,0.0,6.192362489474872,LOW_RISK,NO_ACTION,0.0,ROBUST,False
51496,0.36689793145329586,0.0,5.303304908059076,WATCH,MONITOR,-10.0,ROBUST,False
51504,0.21335907782823754,0.0,10.314669620973522,LOW_RISK,NO_ACTION,0.0,ROBUST,False
51525,0.356036158634468,0.0,6.867859938318881,WATCH,MONITOR,-10.0,ROBUST,False
51531,0.3430494303535755,0.0,4.0578534536396855,WATCH,MONITOR,-10.0,ROBUST,False
51535,0.16138273284326485,0.0,10.830156246588418,LOW_RISK,NO_ACTION,0.0,ROBUST,False
51578,0.18269865829609566,0.0,4.921366826338073,LOW_RISK,NO_ACTION,0.0,ROBUST,False
51579,0.3486518312172854,0.0,9.513181956185786,WATCH,MONITOR,-10.0,ROBUST,False
51587,0.15129197892150967,0.0,11.087164379888943,LOW_RISK,NO_ACTION,0.0,ROBUST,False
51608,0.20607235005212915,0.0,9.076923258535832,LOW_RISK,NO_ACTION,0.0,ROBUST,False
51641,0.43409821909520097,0.0,4.9786629148529835,WATCH,MONITOR,-10.0,ROBUST,False
51668,0.23083660240065546,0.0,9.093918908958932,LOW_RISK,NO_ACTION,0.0,ROBUST,False
51690,0.29522406250786515,0.0,10.579081573848484,LOW_RISK,NO_ACTION,0.0,ROBUST,False
51717,0.4764561340583361,0.0,8.29221796360639,WATCH,MONITOR,-10.0,ROBUST,False
51755,0.19085963553477853,0.0,11.837332349943532,LOW_RISK,NO_ACTION,0.0,ROBUST,False
51775,0.25585040694320416,0.0,12.966005242940865,LOW_RISK,NO_ACTION,0.0,ROBUST,False
51803,0.3425831102174183,0.0,11.287686093959415,WATCH,MONITOR,-10.0,ROBUST,False
51817,0.6207022777838449,48.269825829873604,12.543159514654697,HIGH_RISK,HUMAN_REVIEW,-50.0,ROBUST,True
51818,0.46066135468508207,0.0,7.409136443920128,WATCH,MONITOR,-10.0,ROBUST,False
51820,0.46618919502940603,0.0,9.862717639992917,WATCH,MONITOR,-10.0,ROBUST,False
51821,0.41065602974904925,0.0,7.400846575044931,WATCH,MONITOR,-10.0,ROBUST,False
51833,0.1913323346373242,0.0,6.204497154671463,LOW_RISK,NO_ACTION,0.0,ROBUST,False
51871,0.8507477783731547,2.7497604289168045,12.624292662833929,CRITICAL,SUPPLIER_ESCALATION,200.0252485853256,ROBUST,True
51883,0.6996573099346813,9.36049541884974,12.405812453305339,HIGH_RISK,SUPPLIER_ESCALATION,200.02481162490676,ROBUST,True
51888,0.15661954039512935,0.0,5.523618588416046,LOW_RISK,NO_ACTION,0.0,ROBUST,False
51895,0.3841550589753192,0.0,10.892303576214507,WATCH,MONITOR,-10.0,ROBUST,False
51911,0.36445223473028676,0.0,11.922787558819492,WATCH,MONITOR,-10.0,ROBUST,False
51928,0.11758865664858194,0.0,11.775297421715827,LOW_RISK,NO_ACTION,0.0,ROBUST,False
51969,0.4346375116523805,0.0,7.186991787850388,WATCH,MONITOR,-10.0,ROBUST,False
51990,0.1994973065164729,0.0,13.562813522894377,LOW_RISK,NO_ACTION,0.0,ROBUST,False
51999,0.2728908301964169,0.0,11.424105180165641,LOW_RISK,NO_ACTION,0.0,ROBUST,False
52034,0.36717349418229694,0.0,9.056722883310583,WATCH,MONITOR,-10.0,ROBUST,False
52049,0.27176751474090133,0.0,13.698977865303197,LOW_RISK,NO_ACTION,0.0,ROBUST,False
52068,0.27651512111997734,0.0,9.221046852519668,LOW_RISK,NO_ACTION,0.0,ROBUST,False
52081,0.12625119813429617,0.0,12.250094315624496,LOW_RISK,NO_ACTION,0.0,ROBUST,False
52093,0.2605774197040015,0.0,12.1533098509032,LOW_RISK,NO_ACTION,0.0,ROBUST,False
52144,0.7249697485446877,72.00787025483702,12.454185844227805,HIGH_RISK,TRANSPORT_MODE_REVIEW,350.0373625575339,ROBUST,True
52175,0.7567530543256765,5.051254963880771,8.359785881186616,HIGH_RISK,EXPEDITE,250.04179892940596,SENSITIVE,True
52206,0.26539885482534875,0.0,7.905810312658931,LOW_RISK,NO_ACTION,0.0,ROBUST,False
52228,0.2694343307516316,0.0,7.496097345175956,LOW_RISK,NO_ACTION,0.0,ROBUST,False
52241,0.38105084252946086,0.0,11.002116507732017,WATCH,MONITOR,-10.0,ROBUST,False
52244,0.4771088004421107,0.0,8.382728792247871,WATCH,MONITOR,-10.0,ROBUST,False
52258,0.2068243760957441,0.0,10.819798284210286,LOW_RISK,NO_ACTION,0.0,ROBUST,False
52280,0.2760576826151747,0.0,10.373522431293592,LOW_RISK,NO_ACTION,0.0,ROBUST,False
52286,0.41838929742092046,0.0,11.815257205114566,WATCH,MONITOR,-10.0,ROBUST,False
52341,0.3438774277496154,0.0,9.486835098787386,WATCH,MONITOR,-10.0,ROBUST,False
52353,0.1442345375855819,0.0,10.944647266456153,LOW_RISK,NO_ACTION,0.0,ROBUST,False
52354,0.3510930942249063,0.0,11.600212637258172,WATCH,MONITOR,-10.0,ROBUST,False
52364,0.17469851383893076,0.0,8.366733026586695,LOW_RISK,NO_ACTION,0.0,ROBUST,False
52367,0.3040863736313617,0.0,13.190050137632538,WATCH,MONITOR,-10.0,ROBUST,False
52380,0.31164130706417537,0.0,11.988465987293358,WATCH,MONITOR,-10.0,ROBUST,False
52383,0.4504813448899939,0.0,10.916923143796645,WATCH,MONITOR,-10.0,ROBUST,False
52388,0.2849977096049753,0.0,6.283555635548224,LOW_RISK,NO_ACTION,0.0,ROBUST,False
52398,0.2117769688943577,0.0,12.33534990213609,LOW_RISK,NO_ACTION,0.0,ROBUST,False
52436,0.19238653928641264,0.0,4.174387269895637,LOW_RISK,NO_ACTION,0.0,ROBUST,False
52460,0.4497007506737345,0.0,9.283260853627777,WATCH,MONITOR,-10.0,ROBUST,False
52465,0.16840434176729135,0.0,13.105202569428489,LOW_RISK,NO_ACTION,0.0,ROBUST,False
52488,0.7112823024473296,18.0336000485777,12.545066699694896,HIGH_RISK,HUMAN_REVIEW,-50.0,ROBUST,True
52520,0.1748692459707788,0.0,9.14673794589822,LOW_RISK,NO_ACTION,0.0,ROBUST,False
52524,0.4093216160457501,0.0,6.22245721336559,WATCH,MONITOR,-10.0,ROBUST,False
52540,0.28974905598984757,0.0,9.958259788383108,LOW_RISK,NO_ACTION,0.0,ROBUST,False
52541,0.24045747622272484,0.0,11.302216779257382,LOW_RISK,NO_ACTION,0.0,ROBUST,False
52617,0.24443985625058673,0.0,9.614538010517382,LOW_RISK,NO_ACTION,0.0,ROBUST,False
52629,0.4408856826891918,0.0,9.969673153991884,WATCH,MONITOR,-10.0,ROBUST,False
52631,0.3215095817177752,0.0,7.244941546337007,WATCH,MONITOR,-10.0,ROBUST,False
52636,0.3871471404525054,0.0,8.033139318147674,WATCH,MONITOR,-10.0,ROBUST,False
52646,0.45881540650027386,0.0,8.341219444578417,WATCH,MONITOR,-10.0,ROBUST,False
52670,0.46069667041625684,0.0,6.838726692571701,WATCH,MONITOR,-10.0,ROBUST,False
52677,0.23140362173514528,0.0,8.66477836540133,LOW_RISK,NO_ACTION,0.0,ROBUST,False
52687,0.8341895152276672,8.880456844945083,13.2432721893945,HIGH_RISK,TRANSPORT_MODE_REVIEW,350.0397298165682,ROBUST,True
52704,0.10995035280584219,0.0,9.21229446149904,LOW_RISK,NO_ACTION,0.0,ROBUST,False
52706,0.2507342244064663,0.0,13.300891414559327,LOW_RISK,NO_ACTION,0.0,ROBUST,False
52725,0.4583195430035366,0.0,8.348774539791274,WATCH,MONITOR,-10.0,ROBUST,False
52736,0.20985475192679318,0.0,11.933049536873208,LOW_RISK,NO_ACTION,0.0,ROBUST,False
52756,0.20923258012852736,0.0,6.335940383589716,LOW_RISK,NO_ACTION,0.0,ROBUST,False
52793,0.2210489140327555,0.0,9.99582878391701,LOW_RISK,NO_ACTION,0.0,ROBUST,False
52795,0.3449253539387689,0.0,13.507627138738266,WATCH,MONITOR,-10.0,ROBUST,False
52799,0.27533311024574153,0.0,11.429554725537322,LOW_RISK,NO_ACTION,0.0,ROBUST,False
52803,0.39069393454133705,0.0,3.075928815548268,WATCH,MONITOR,-10.0,ROBUST,False
52837,0.4579642570258663,0.0,12.934765525414003,WATCH,MONITOR,-10.0,ROBUST,False
52853,0.36967974997714426,0.0,4.970507503005476,WATCH,MONITOR,-10.0,ROBUST,False
52856,0.1817866880790302,0.0,10.482580984994561,LOW_RISK,NO_ACTION,0.0,ROBUST,False
52871,0.8798774587709017,31.35813723985816,11.353810500111496,CRITICAL,SUPPLIER_ESCALATION,200.02270762100034,ROBUST,True
52945,0.2057971493389914,0.0,12.417504522135438,LOW_RISK,NO_ACTION,0.0,ROBUST,False
52963,0.15995771813126325,0.0,11.923589700827034,LOW_RISK,NO_ACTION,0.0,ROBUST,False
52973,0.13598691154438436,0.0,4.845917871250658,LOW_RISK,NO_ACTION,0.0,ROBUST,False
52999,0.32535349626646626,0.0,10.307334685761914,WATCH,MONITOR,-10.0,ROBUST,False
53002,0.14550498499226072,0.0,10.286741134279072,LOW_RISK,NO_ACTION,0.0,ROBUST,False
53064,0.1555103536450523,0.0,4.499809670330265,LOW_RISK,NO_ACTION,0.0,ROBUST,False
53106,0.22001219223819868,0.0,8.765427324900907,LOW_RISK,NO_ACTION,0.0,ROBUST,False
53108,0.21266120387378554,0.0,7.471135401483017,LOW_RISK,NO_ACTION,0.0,ROBUST,False
53226,0.34169580413285694,0.0,12.206077645517674,WATCH,MONITOR,-10.0,ROBUST,False
53233,0.4266981117890726,0.0,5.109696007605554,WATCH,MONITOR,-10.0,ROBUST,False
53234,0.40453986248115703,0.0,12.369894975232734,WATCH,MONITOR,-10.0,ROBUST,False
53254,0.2049937818865907,0.0,8.20280020430538,LOW_RISK,NO_ACTION,0.0,ROBUST,False
53272,0.19812419919439198,0.0,13.834278336263399,LOW_RISK,NO_ACTION,0.0,ROBUST,False
53281,0.4863166120427871,0.0,9.575052927597383,WATCH,MONITOR,-10.0,ROBUST,False
53292,0.10329449663678406,0.0,12.44336364804644,LOW_RISK,NO_ACTION,0.0,ROBUST,False
53327,0.45188821322408634,0.0,10.448163726677256,WATCH,MONITOR,-10.0,ROBUST,False
53338,0.179891407648962,0.0,13.245393405709624,LOW_RISK,NO_ACTION,0.0,ROBUST,False
53349,0.47891372923590714,0.0,10.308985993422082,WATCH,MONITOR,-10.0,ROBUST,False
53371,0.2369229139310079,0.0,12.358626336563663,LOW_RISK,NO_ACTION,0.0,ROBUST,False
53421,0.27614070955730097,0.0,7.102293573286012,LOW_RISK,NO_ACTION,0.0,ROBUST,False
53532,0.38284824557775243,0.0,12.299203178902868,WATCH,MONITOR,-10.0,ROBUST,False
53556,0.33506762058930417,0.0,12.285812230343542,WATCH,MONITOR,-10.0,ROBUST,False
53560,0.8358616956783174,0.8211915173210388,12.507594751352071,HIGH_RISK,TRANSPORT_MODE_REVIEW,23.188998728867716,SENSITIVE,True
53591,0.32153236634712945,0.0,8.571870752706934,WATCH,MONITOR,-10.0,ROBUST,False
53616,0.39228275374515453,0.0,7.924347350437385,WATCH,MONITOR,-10.0,ROBUST,False
53618,0.11693397836099684,0.0,11.428403532195974,LOW_RISK,NO_ACTION,0.0,ROBUST,False
53625,0.10447972210228165,0.0,9.958803993206836,LOW_RISK,NO_ACTION,0.0,ROBUST,False
53650,0.28322677562915655,0.0,6.488657669142676,LOW_RISK,NO_ACTION,0.0,ROBUST,False
53659,0.8111099338887153,1.0423411873535584,12.35793929036284,HIGH_RISK,TRANSPORT_MODE_REVIEW,56.36405929214692,SENSITIVE,True
53665,0.36573771658588583,0.0,9.825147561084876,WATCH,MONITOR,-10.0,ROBUST,False
53675,0.1856209824909737,0.0,9.92908707083634,LOW_RISK,NO_ACTION,0.0,ROBUST,False
53683,0.27314044271826843,0.0,8.293544512546582,LOW_RISK,NO_ACTION,0.0,ROBUST,False
53691,0.1790683747497076,0.0,11.67505281781187,LOW_RISK,NO_ACTION,0.0,ROBUST,False
53738,0.31939343429964984,0.0,6.765108178538294,WATCH,MONITOR,-10.0,ROBUST,False
53759,0.14642138375382757,0.0,9.218407743053941,LOW_RISK,NO_ACTION,0.0,ROBUST,False
53775,0.1092427411149921,0.0,12.348964467327303,LOW_RISK,NO_ACTION,0.0,ROBUST,False
53822,0.12045265524267888,0.0,10.895868576183826,LOW_RISK,NO_ACTION,0.0,ROBUST,False
53877,0.48170337660612395,0.0,13.039898304839204,WATCH,MONITOR,-10.0,ROBUST,False
53878,0.15691448744437433,0.0,7.155396301896734,LOW_RISK,NO_ACTION,0.0,ROBUST,False
53922,0.8587921413447537,5.348420320775295,4.330733340286331,CRITICAL,SUPPLIER_ESCALATION,200.00866146668056,ROBUST,True
53945,0.1271704816891305,0.0,9.289773355344089,LOW_RISK,NO_ACTION,0.0,ROBUST,False
53958,0.14326414089407288,0.0,5.485377677689165,LOW_RISK,NO_ACTION,0.0,ROBUST,False
53971,0.3035505005637339,0.0,11.289794413577894,WATCH,MONITOR,-10.0,ROBUST,False
53989,0.2859483720617375,0.0,10.346601626429049,LOW_RISK,NO_ACTION,0.0,ROBUST,False
53997,0.4806321237759479,0.0,13.65693501954025,WATCH,MONITOR,-10.0,ROBUST,False
54019,0.477934181208295,0.0,13.728118963246498,WATCH,MONITOR,-10.0,ROBUST,False
54035,0.4118434570169861,0.0,6.8679744089702925,WATCH,MONITOR,-10.0,ROBUST,False
54045,0.3408407320509399,0.0,8.722351982112949,WATCH,MONITOR,-10.0,ROBUST,False
54064,0.28198412695720443,0.0,8.711367558629957,LOW_RISK,NO_ACTION,0.0,ROBUST,False
54100,0.24247141373136843,0.0,13.212571472774188,LOW_RISK,NO_ACTION,0.0,ROBUST,False
54150,0.8018108982626694,2.8866302657495324,12.43790236264088,HIGH_RISK,TRANSPORT_MODE_REVIEW,333.0304434878323,ROBUST,True
54180,0.3411635245698742,0.0,11.653391507234959,WATCH,MONITOR,-10.0,ROBUST,False
54208,0.3316290110743978,0.0,7.650168700845001,WATCH,MONITOR,-10.0,ROBUST,False
54243,0.19276044870756595,0.0,12.84265212010087,LOW_RISK,NO_ACTION,0.0,ROBUST,False
54248,0.7715237949431246,36.44293215147588,11.697253341092207,HIGH_RISK,SUPPLIER_ESCALATION,200.02339450668205,ROBUST,True
54251,0.47807543190381774,0.0,10.038761176593697,WATCH,MONITOR,-10.0,ROBUST,False
54265,0.2254941035378616,0.0,9.813247696885917,LOW_RISK,NO_ACTION,0.0,ROBUST,False
54271,0.2770356093297835,0.0,12.405746935654452,LOW_RISK,NO_ACTION,0.0,ROBUST,False
54280,0.14585597743428275,0.0,13.038983942375959,LOW_RISK,NO_ACTION,0.0,ROBUST,False
54296,0.4347697319637168,0.0,11.882385638429108,WATCH,MONITOR,-10.0,ROBUST,False
54304,0.11105273314237225,0.0,6.602587892189336,LOW_RISK,NO_ACTION,0.0,ROBUST,False
54312,0.4335963048396386,0.0,6.159370192167576,WATCH,MONITOR,-10.0,ROBUST,False
54348,0.15611400511518672,0.0,11.739590807491235,LOW_RISK,NO_ACTION,0.0,ROBUST,False
54385,0.45462564505246084,0.0,6.755466198636152,WATCH,MONITOR,-10.0,ROBUST,False
54440,0.39190905493446293,0.0,13.248827837983036,WATCH,MONITOR,-10.0,ROBUST,False
54461,0.16586810500292204,0.0,9.190443740261726,LOW_RISK,NO_ACTION,0.0,ROBUST,False
54465,0.3263271971437872,0.0,12.364105778871654,WATCH,MONITOR,-10.0,ROBUST,False
54471,0.2250625257420878,0.0,12.235247879073018,LOW_RISK,NO_ACTION,0.0,ROBUST,False
54487,0.6205059600929875,27.42589640949207,12.919416983392237,HIGH_RISK,HUMAN_REVIEW,-50.0,ROBUST,True
54501,0.44367287976444336,0.0,10.239995502805316,WATCH,MONITOR,-10.0,ROBUST,False
54513,0.26140910660289174,0.0,9.857432619209881,LOW_RISK,NO_ACTION,0.0,ROBUST,False
54529,0.259417485746153,0.0,7.383635358025439,LOW_RISK,NO_ACTION,0.0,ROBUST,False
54536,0.16795466992264801,0.0,6.969132558657041,LOW_RISK,NO_ACTION,0.0,ROBUST,False
54542,0.25322627043431145,0.0,9.605822482030945,LOW_RISK,NO_ACTION,0.0,ROBUST,False
54545,0.44864673853154013,0.0,11.627405273195235,WATCH,MONITOR,-10.0,ROBUST,False
54562,0.24525148419585438,0.0,10.788927247593167,LOW_RISK,NO_ACTION,0.0,ROBUST,False
54635,0.48064142499991525,0.0,10.97234485305283,WATCH,MONITOR,-10.0,ROBUST,False
54661,0.478523559683355,0.0,9.942756341456828,WATCH,MONITOR,-10.0,ROBUST,False
54666,0.15795946372293843,0.0,11.615674724263764,LOW_RISK,NO_ACTION,0.0,ROBUST,False
54676,0.17092450140905796,0.0,12.042462532673026,LOW_RISK,NO_ACTION,0.0,ROBUST,False
54679,0.44506962813275563,0.0,13.402591739849875,WATCH,MONITOR,-10.0,ROBUST,False
54729,0.2571043675698877,0.0,13.185315641100528,LOW_RISK,NO_ACTION,0.0,ROBUST,False
54744,0.10174959291320373,0.0,9.105090961257085,LOW_RISK,NO_ACTION,0.0,ROBUST,False
54755,0.2095487278821484,0.0,10.677517472459558,LOW_RISK,NO_ACTION,0.0,ROBUST,False
54770,0.339051597278224,0.0,8.031596621696023,WATCH,MONITOR,-10.0,ROBUST,False
54780,0.4197063863839873,0.0,11.156264806643742,WATCH,MONITOR,-10.0,ROBUST,False
54781,0.15335544683730384,0.0,9.75077916543782,LOW_RISK,NO_ACTION,0.0,ROBUST,False
54792,0.14421654576669415,0.0,11.517181395635726,LOW_RISK,NO_ACTION,0.0,ROBUST,False
54827,0.46883706142893267,0.0,2.0135687975291283,WATCH,MONITOR,-10.0,ROBUST,False
54828,0.4004593471290331,0.0,13.435047419468711,WATCH,MONITOR,-10.0,ROBUST,False
54829,0.3359118403112314,0.0,9.183585634667363,WATCH,MONITOR,-10.0,ROBUST,False
54840,0.40767471599837124,0.0,12.405812453305339,WATCH,MONITOR,-10.0,ROBUST,False
54934,0.2715417445226554,0.0,4.277082698901271,LOW_RISK,NO_ACTION,0.0,ROBUST,False
54952,0.40338229892365063,0.0,10.571342565808699,WATCH,MONITOR,-10.0,ROBUST,False
54955,0.2487211965098143,0.0,5.741559838990231,LOW_RISK,NO_ACTION,0.0,ROBUST,False
54956,0.19763782899704097,0.0,9.23461240833189,LOW_RISK,NO_ACTION,0.0,ROBUST,False
54957,0.3916053685171875,0.0,7.752335163302292,WATCH,MONITOR,-10.0,ROBUST,False
54960,0.26786891686290737,0.0,4.8038570968683105,LOW_RISK,NO_ACTION,0.0,ROBUST,False
54965,0.4925508417304779,0.0,4.499809670330265,WATCH,MONITOR,-10.0,ROBUST,False
54973,0.2397940729232404,0.0,13.004537490829858,LOW_RISK,NO_ACTION,0.0,ROBUST,False
54984,0.4686909682124264,0.0,9.69602294171829,WATCH,MONITOR,-10.0,ROBUST,False
54986,0.4731850194268318,0.0,10.538210812958356,WATCH,MONITOR,-10.0,ROBUST,False
55009,0.19674117882589848,0.0,4.549340301027421,LOW_RISK,NO_ACTION,0.0,ROBUST,False
55017,0.4192884726352054,0.0,14.532117498781437,WATCH,MONITOR,-10.0,ROBUST,False
55018,0.2732298020578261,0.0,9.941755889245979,LOW_RISK,NO_ACTION,0.0,ROBUST,False
55030,0.4670098908921393,0.0,11.520903555205116,WATCH,MONITOR,-10.0,ROBUST,False
55049,0.28004970905409554,0.0,12.127587723877703,LOW_RISK,NO_ACTION,0.0,ROBUST,False
55050,0.39772148693494647,0.0,9.112509217182994,WATCH,MONITOR,-10.0,ROBUST,False
55053,0.28678696366551915,0.0,2.6390573296152584,LOW_RISK,NO_ACTION,0.0,ROBUST,False
55064,0.19112030228514248,0.0,8.601718146485926,LOW_RISK,NO_ACTION,0.0,ROBUST,False
55072,0.17974005157787454,0.0,12.512520042759968,LOW_RISK,NO_ACTION,0.0,ROBUST,False
55083,0.27017247770253827,0.0,4.007514986887367,LOW_RISK,NO_ACTION,0.0,ROBUST,False
55085,0.40219786280568603,0.0,9.526682784921174,WATCH,MONITOR,-10.0,ROBUST,False
55087,0.34202859407230674,0.0,10.855936620963561,WATCH,MONITOR,-10.0,ROBUST,False
55093,0.3754517159602173,0.0,5.796999556367335,WATCH,MONITOR,-10.0,ROBUST,False
55138,0.212930540292777,0.0,9.575052927597383,LOW_RISK,NO_ACTION,0.0,ROBUST,False
55159,0.29257413838304225,0.0,11.78326553031541,LOW_RISK,NO_ACTION,0.0,ROBUST,False
55160,0.1177581059877308,0.0,10.6402833688991,LOW_RISK,NO_ACTION,0.0,ROBUST,False
55180,0.42701296638324826,0.0,8.193400231952097,WATCH,MONITOR,-10.0,ROBUST,False
55188,0.4959568648959499,0.0,9.575052927597383,WATCH,MONITOR,-10.0,ROBUST,False
55206,0.2627516250498684,0.0,12.79030020655161,LOW_RISK,NO_ACTION,0.0,ROBUST,False
55220,0.10438546125261734,0.0,5.5509420471844155,LOW_RISK,NO_ACTION,0.0,ROBUST,False
55225,0.6938722182640944,66.13500579697029,11.904606676827559,HIGH_RISK,HUMAN_REVIEW,-50.0,ROBUST,True
55238,0.36101075110016756,0.0,8.473241303887054,WATCH,MONITOR,-10.0,ROBUST,False
55253,0.34483172728154365,0.0,11.252715877518089,WATCH,MONITOR,-10.0,ROBUST,False
55297,0.4151458878342176,0.0,7.362010551259734,WATCH,MONITOR,-10.0,ROBUST,False
55304,0.20155360438442727,0.0,11.885860494296775,LOW_RISK,NO_ACTION,0.0,ROBUST,False
55322,0.6317717413211272,42.114705358529015,11.904606676827559,HIGH_RISK,HUMAN_REVIEW,-50.0,ROBUST,True
55331,0.6464485837793159,5.668019569519386,12.436345602130647,HIGH_RISK,TRANSPORT_MODE_REVIEW,350.0373090368064,ROBUST,True
55376,0.22912579908553732,0.0,8.220989580234848,LOW_RISK,NO_ACTION,0.0,ROBUST,False
55401,0.3181952592227848,0.0,9.004235828756508,WATCH,MONITOR,-10.0,ROBUST,False
55453,0.1589095233993307,0.0,9.376617231601282,LOW_RISK,NO_ACTION,0.0,ROBUST,False
55474,0.28102580137423305,0.0,12.499223486968058,LOW_RISK,NO_ACTION,0.0,ROBUST,False
55504,0.4524789358222564,0.0,6.762729506931879,WATCH,MONITOR,-10.0,ROBUST,False
55518,0.2684765519301563,0.0,12.34409829881876,LOW_RISK,NO_ACTION,0.0,ROBUST,False
55520,0.43582668259016877,0.0,8.363692300430476,WATCH,MONITOR,-10.0,ROBUST,False
55522,0.33610134610387776,0.0,10.98817331575629,WATCH,MONITOR,-10.0,ROBUST,False
55568,0.17675068524094273,0.0,5.065186608700759,LOW_RISK,NO_ACTION,0.0,ROBUST,False
55643,0.3324424978791586,0.0,11.080618310893968,WATCH,MONITOR,-10.0,ROBUST,False
55679,0.3023933316628254,0.0,12.299203178902868,WATCH,MONITOR,-10.0,ROBUST,False
55706,0.2594565340785536,0.0,7.023117609316332,LOW_RISK,NO_ACTION,0.0,ROBUST,False
55712,0.14785217580642815,0.0,11.90324309374818,LOW_RISK,NO_ACTION,0.0,ROBUST,False
55715,0.26668346553889194,0.0,10.851296331126829,LOW_RISK,NO_ACTION,0.0,ROBUST,False
55716,0.12910495049585086,0.0,4.457945466231566,LOW_RISK,NO_ACTION,0.0,ROBUST,False
55730,0.1395076205595005,0.0,7.7057128238944275,LOW_RISK,NO_ACTION,0.0,ROBUST,False
55737,0.2663666131730864,0.0,11.222091764686068,LOW_RISK,NO_ACTION,0.0,ROBUST,False
55764,0.2221525927873855,0.0,11.06665398721974,LOW_RISK,NO_ACTION,0.0,ROBUST,False
55765,0.47021773034488945,0.0,3.284288963416433,WATCH,MONITOR,-10.0,ROBUST,False
55783,0.2502823221521082,0.0,12.096202532461161,LOW_RISK,NO_ACTION,0.0,ROBUST,False
55814,0.4031432488288401,0.0,9.348535870727583,WATCH,MONITOR,-10.0,ROBUST,False
55862,0.31209901054649714,0.0,9.356568321121898,WATCH,MONITOR,-10.0,ROBUST,False
55894,0.3816342674569342,0.0,12.003105426185657,WATCH,MONITOR,-10.0,ROBUST,False
55904,0.2040463932061597,0.0,12.145053258304127,LOW_RISK,NO_ACTION,0.0,ROBUST,False
55914,0.7302062918126276,5.696873207366935,12.518724121530466,HIGH_RISK,SUPPLIER_ESCALATION,200.02503744824298,ROBUST,True
55922,0.3120353987657696,0.0,4.970160461530537,WATCH,MONITOR,-10.0,ROBUST,False
56005,0.43252962851409993,0.0,8.754185997545097,WATCH,MONITOR,-10.0,ROBUST,False
56016,0.2460182773904454,0.0,5.8888779583328805,LOW_RISK,NO_ACTION,0.0,ROBUST,False
56022,0.14008453962020984,0.0,4.834454842059064,LOW_RISK,NO_ACTION,0.0,ROBUST,False
56029,0.7768361968454092,56.81366512158713,11.548640038794222,HIGH_RISK,EXPEDITE,250.05774320019373,SENSITIVE,True
56057,0.1031038593349698,0.0,13.25081463798144,LOW_RISK,NO_ACTION,0.0,ROBUST,False
56084,0.29011719062620334,0.0,12.364447249160655,LOW_RISK,NO_ACTION,0.0,ROBUST,False
56106,0.1771207610665837,0.0,12.29664891074834,LOW_RISK,NO_ACTION,0.0,ROBUST,False
56107,0.35095020177414493,0.0,11.562112217154903,WATCH,MONITOR,-10.0,ROBUST,False
56118,0.4917679492551409,0.0,9.921620158671939,WATCH,MONITOR,-10.0,ROBUST,False
56125,0.2857611625282584,0.0,12.949705694597107,LOW_RISK,NO_ACTION,0.0,ROBUST,False
56165,0.42699930261026664,0.0,11.51293546492023,WATCH,MONITOR,-10.0,ROBUST,False
56167,0.3031136747804484,0.0,8.291421188748336,WATCH,MONITOR,-10.0,ROBUST,False
56194,0.2983360124416097,0.0,11.68244450144965,LOW_RISK,NO_ACTION,0.0,ROBUST,False
56234,0.4721693972715112,0.0,13.263864675787632,WATCH,MONITOR,-10.0,ROBUST,False
56301,0.4559863474986726,0.0,6.311734809152915,WATCH,MONITOR,-10.0,ROBUST,False
56310,0.41432018607518983,0.0,3.3243163373261977,WATCH,MONITOR,-10.0,ROBUST,False
56320,0.21850230132671367,0.0,12.191939237797508,LOW_RISK,NO_ACTION,0.0,ROBUST,False
56331,0.31800336628957626,0.0,10.896757843893464,WATCH,MONITOR,-10.0,ROBUST,False
56332,0.18955889332227402,0.0,9.115699967822062,LOW_RISK,NO_ACTION,0.0,ROBUST,False
56335,0.2775666792186159,0.0,9.680406499268875,LOW_RISK,NO_ACTION,0.0,ROBUST,False
56367,0.29368522630391625,0.0,6.68586094706836,LOW_RISK,NO_ACTION,0.0,ROBUST,False
56395,0.4326560160677324,0.0,5.485377677689165,WATCH,MONITOR,-10.0,ROBUST,False
56416,0.45841134612999723,0.0,11.157660954473878,WATCH,MONITOR,-10.0,ROBUST,False
56464,0.26584802495859117,0.0,4.813646700258897,LOW_RISK,NO_ACTION,0.0,ROBUST,False
56465,0.10708177802929489,0.0,6.061969607993336,LOW_RISK,NO_ACTION,0.0,ROBUST,False
56468,0.4447095359157419,0.0,12.899222326086994,WATCH,MONITOR,-10.0,ROBUST,False
56487,0.8468951415125303,3.7845428217771206,12.324393314413687,HIGH_RISK,TRANSPORT_MODE_REVIEW,350.0369731799433,ROBUST,True
56495,0.3487527855561574,0.0,12.129801566315567,WATCH,MONITOR,-10.0,ROBUST,False
56496,0.10998836017365249,0.0,4.875197323201151,LOW_RISK,NO_ACTION,0.0,ROBUST,False
56505,0.2598025901042257,0.0,12.769620008969794,LOW_RISK,NO_ACTION,0.0,ROBUST,False
56520,0.4943841208461399,0.0,6.398594934535208,WATCH,MONITOR,-10.0,ROBUST,False
56524,0.14027744044152124,0.0,12.961257566630872,LOW_RISK,NO_ACTION,0.0,ROBUST,False
56550,0.2694772607998569,0.0,10.116305982772086,LOW_RISK,NO_ACTION,0.0,ROBUST,False
56637,0.22285998007598087,0.0,10.968215530759236,LOW_RISK,NO_ACTION,0.0,ROBUST,False
56668,0.4620352493553057,0.0,11.121511180084724,WATCH,MONITOR,-10.0,ROBUST,False
56679,0.44773604316294213,0.0,3.8691155044168695,WATCH,MONITOR,-10.0,ROBUST,False
56716,0.19507950412249153,0.0,11.129627832757077,LOW_RISK,NO_ACTION,0.0,ROBUST,False
56734,0.1324751148201725,0.0,12.782705251222085,LOW_RISK,NO_ACTION,0.0,ROBUST,False
56748,0.350855357624447,0.0,4.727387818712341,WATCH,MONITOR,-10.0,ROBUST,False
56772,0.23454748475348391,0.0,12.130379016887408,LOW_RISK,NO_ACTION,0.0,ROBUST,False
56836,0.3688337562424252,0.0,9.469700127423375,WATCH,MONITOR,-10.0,ROBUST,False
56837,0.11284790242712579,0.0,10.571342565808699,LOW_RISK,NO_ACTION,0.0,ROBUST,False
56844,0.15335969407099578,0.0,12.003227921913771,LOW_RISK,NO_ACTION,0.0,ROBUST,False
56861,0.37454889310905737,0.0,8.72029728739272,WATCH,MONITOR,-10.0,ROBUST,False
56864,0.18494826212099913,0.0,6.576636686002628,LOW_RISK,NO_ACTION,0.0,ROBUST,False
56870,0.4430350703049607,0.0,3.99341864363214,WATCH,MONITOR,-10.0,ROBUST,False
56880,0.6745150826229622,8.356578583129245,12.405812453305339,HIGH_RISK,TRANSPORT_MODE_REVIEW,350.0372174373599,ROBUST,True
56898,0.18619279311422987,0.0,9.242323417829233,LOW_RISK,NO_ACTION,0.0,ROBUST,False
56899,0.49942409939402743,0.0,0.0,WATCH,MONITOR,-10.0,ROBUST,False
56902,0.27323044103471705,0.0,4.126973081713828,LOW_RISK,NO_ACTION,0.0,ROBUST,False
56906,0.3811862654178574,0.0,11.566712647033185,WATCH,MONITOR,-10.0,ROBUST,False
56919,0.17306521954280546,0.0,5.707376010166331,LOW_RISK,NO_ACTION,0.0,ROBUST,False
56927,0.6192019039825862,47.17988350188229,12.031725210748633,HIGH_RISK,EXPEDITE,250.06015862605364,SENSITIVE,True
56932,0.39044242734776746,0.0,8.1162378987859,WATCH,MONITOR,-10.0,ROBUST,False
56940,0.22579065434660422,0.0,11.250190931961802,LOW_RISK,NO_ACTION,0.0,ROBUST,False
56950,0.4315588447903511,0.0,11.17001422237289,WATCH,MONITOR,-10.0,ROBUST,False
56957,0.34136703138891333,0.0,8.773198821007465,WATCH,MONITOR,-10.0,ROBUST,False
56962,0.2556492038460121,0.0,12.374975404956045,LOW_RISK,NO_ACTION,0.0,ROBUST,False
56996,0.7507893727890391,9.115691042593141,12.080515091473,HIGH_RISK,EXPEDITE,250.06040257545737,SENSITIVE,True
57016,0.3307043389743697,0.0,7.496097345175956,WATCH,MONITOR,-10.0,ROBUST,False
57055,0.1662141170775464,0.0,13.775753621068736,LOW_RISK,NO_ACTION,0.0,ROBUST,False
57087,0.2610929479467865,0.0,11.03973275601109,LOW_RISK,NO_ACTION,0.0,ROBUST,False
57117,0.23737223520779727,0.0,12.257245682687113,LOW_RISK,NO_ACTION,0.0,ROBUST,False
57173,0.26036108903165045,0.0,12.409017571151187,LOW_RISK,NO_ACTION,0.0,ROBUST,False
57218,0.40444423539410324,0.0,11.78224578756318,WATCH,MONITOR,-10.0,ROBUST,False
57257,0.7965521143573014,60.51415130415267,12.622069466611281,HIGH_RISK,HUMAN_REVIEW,-50.0,ROBUST,True
57266,0.4761264612957058,0.0,13.081543466215237,WATCH,MONITOR,-10.0,ROBUST,False
57339,0.6478476787624075,34.25805554657472,13.028045884723065,HIGH_RISK,EXPEDITE,250.06514022942338,SENSITIVE,True
57344,0.26628143131397164,0.0,7.0066680525547795,LOW_RISK,NO_ACTION,0.0,ROBUST,False
57346,0.41478272419161655,0.0,7.710922104580632,WATCH,MONITOR,-10.0,ROBUST,False
57377,0.3184098373283001,0.0,5.801211619987747,WATCH,MONITOR,-10.0,ROBUST,False
57379,0.3188112585697791,0.0,12.152090898384659,WATCH,MONITOR,-10.0,ROBUST,False
57392,0.1213360652020734,0.0,11.468068256580983,LOW_RISK,NO_ACTION,0.0,ROBUST,False
57394,0.25943986508738237,0.0,7.266128779556451,LOW_RISK,NO_ACTION,0.0,ROBUST,False
57449,0.208293492968693,0.0,12.497282238957654,LOW_RISK,NO_ACTION,0.0,ROBUST,False
57493,0.4997340491324461,0.0,9.852246888342531,WATCH,MONITOR,-10.0,ROBUST,False
57513,0.22334202825292412,0.0,9.680406499268875,LOW_RISK,NO_ACTION,0.0,ROBUST,False
57537,0.4537986139175454,0.0,8.130468381826915,WATCH,MONITOR,-10.0,ROBUST,False
57538,0.370493494016191,0.0,11.786389437584397,WATCH,MONITOR,-10.0,ROBUST,False
57540,0.23636656367683617,0.0,6.716594773520978,LOW_RISK,NO_ACTION,0.0,ROBUST,False
57541,0.31741375134964944,0.0,10.773197028805024,WATCH,MONITOR,-10.0,ROBUST,False
57582,0.4362143519796775,0.0,10.861701112790545,WATCH,MONITOR,-10.0,ROBUST,False
57590,0.4533473192123648,0.0,12.122696471358964,WATCH,MONITOR,-10.0,ROBUST,False
57596,0.16415755000245807,0.0,14.131729794458115,LOW_RISK,NO_ACTION,0.0,ROBUST,False
57637,0.23582925648326786,0.0,10.616461869895815,LOW_RISK,NO_ACTION,0.0,ROBUST,False
57661,0.23408927208542868,0.0,5.983936280687191,LOW_RISK,NO_ACTION,0.0,ROBUST,False
57701,0.11681791843037788,0.0,11.031124520244854,LOW_RISK,NO_ACTION,0.0,ROBUST,False
57727,0.3392951039407586,0.0,6.329720905522696,WATCH,MONITOR,-10.0,ROBUST,False
57733,0.44192802119687524,0.0,6.7305884139079515,WATCH,MONITOR,-10.0,ROBUST,False
57738,0.25262975513020713,0.0,13.112593911194166,LOW_RISK,NO_ACTION,0.0,ROBUST,False
57747,0.3960143779936708,0.0,8.192777975908236,WATCH,MONITOR,-10.0,ROBUST,False
57754,0.35108016544029597,0.0,8.040955772414616,WATCH,MONITOR,-10.0,ROBUST,False
57779,0.25025949419720034,0.0,13.093965960493682,LOW_RISK,NO_ACTION,0.0,ROBUST,False
57780,0.15642391979691883,0.0,11.407775593791962,LOW_RISK,NO_ACTION,0.0,ROBUST,False
57812,0.38372954111038693,0.0,9.344958673700944,WATCH,MONITOR,-10.0,ROBUST,False
57819,0.44182606757649623,0.0,10.702142737876844,WATCH,MONITOR,-10.0,ROBUST,False
57826,0.3743417969605968,0.0,10.239995502805316,WATCH,MONITOR,-10.0,ROBUST,False
57849,0.10715139361392723,0.0,11.685205103383671,LOW_RISK,NO_ACTION,0.0,ROBUST,False
57852,0.18649315775639652,0.0,8.809644871185364,LOW_RISK,NO_ACTION,0.0,ROBUST,False
57862,0.12779199395341279,0.0,6.990265708554618,LOW_RISK,NO_ACTION,0.0,ROBUST,False
57866,0.32815443983049075,0.0,10.281615721568997,WATCH,MONITOR,-10.0,ROBUST,False
57876,0.402591071536165,0.0,11.27796132496046,WATCH,MONITOR,-10.0,ROBUST,False
57886,0.1442316748274638,0.0,8.60900635468869,LOW_RISK,NO_ACTION,0.0,ROBUST,False
57902,0.4353351282373541,0.0,8.207401833376355,WATCH,MONITOR,-10.0,ROBUST,False
57905,0.3222035913581933,0.0,4.457945466231566,WATCH,MONITOR,-10.0,ROBUST,False
57909,0.37598760485669,0.0,3.866816412590067,WATCH,MONITOR,-10.0,ROBUST,False
57928,0.48856073944345846,0.0,11.926365356462313,WATCH,MONITOR,-10.0,ROBUST,False
57959,0.13347239529907895,0.0,13.235693848424024,LOW_RISK,NO_ACTION,0.0,ROBUST,False
57977,0.4604896091911157,0.0,8.436254248910885,WATCH,MONITOR,-10.0,ROBUST,False
57997,0.15044107839496373,0.0,10.795506083434564,LOW_RISK,NO_ACTION,0.0,ROBUST,False
58025,0.2571835226546729,0.0,11.027005764375623,LOW_RISK,NO_ACTION,0.0,ROBUST,False
58039,0.4405754785324457,0.0,8.447081837518116,WATCH,MONITOR,-10.0,ROBUST,False
58064,0.46250169469514735,0.0,11.67808390788551,WATCH,MONITOR,-10.0,ROBUST,False
58111,0.30254866941805814,0.0,10.029646082281232,WATCH,MONITOR,-10.0,ROBUST,False
58134,0.8197203147175137,4.548043282060176,12.511536923246503,HIGH_RISK,TRANSPORT_MODE_REVIEW,350.0375346107698,ROBUST,True
58173,0.3832589338394229,0.0,6.344530486416938,WATCH,MONITOR,-10.0,ROBUST,False
58192,0.43310346738108574,0.0,13.11204908752611,WATCH,MONITOR,-10.0,ROBUST,False
58197,0.625066301253207,4.3738305044201065,12.477861588630038,HIGH_RISK,TRANSPORT_MODE_REVIEW,350.03743358476584,ROBUST,True
58202,0.424027723291691,0.0,12.287876570580238,WATCH,MONITOR,-10.0,ROBUST,False
58211,0.2925104602046467,0.0,12.409017571151187,LOW_RISK,NO_ACTION,0.0,ROBUST,False
58252,0.2802493700432676,0.0,7.866722285136729,LOW_RISK,NO_ACTION,0.0,ROBUST,False
58264,0.2695599007987993,0.0,9.942275479743389,LOW_RISK,NO_ACTION,0.0,ROBUST,False
58277,0.30368463409841706,0.0,10.461530675911229,WATCH,MONITOR,-10.0,ROBUST,False
58305,0.4780202213578414,0.0,9.413852481341165,WATCH,MONITOR,-10.0,ROBUST,False
58309,0.31928150911686065,0.0,9.607598561937015,WATCH,MONITOR,-10.0,ROBUST,False
58311,0.48127101530525573,0.0,9.682055036565703,WATCH,MONITOR,-10.0,ROBUST,False
58372,0.17211605224625626,0.0,9.076923258535832,LOW_RISK,NO_ACTION,0.0,ROBUST,False
58393,0.38965439153305326,0.0,7.601402334583733,WATCH,MONITOR,-10.0,ROBUST,False
58398,0.42489581544349886,0.0,11.982935344196433,WATCH,MONITOR,-10.0,ROBUST,False
58425,0.3716515325339448,0.0,3.0430928449138284,WATCH,MONITOR,-10.0,ROBUST,False
58426,0.34276891209061616,0.0,12.676079399771027,WATCH,MONITOR,-10.0,ROBUST,False
58440,0.3259251124344729,0.0,2.301584592660462,WATCH,MONITOR,-10.0,ROBUST,False
58450,0.44437219303147846,0.0,5.980176071338126,WATCH,MONITOR,-10.0,ROBUST,False
58482,0.4286586388658,0.0,5.359929735675559,WATCH,MONITOR,-10.0,ROBUST,False
58484,0.14891548847223982,0.0,12.94273778323513,LOW_RISK,NO_ACTION,0.0,ROBUST,False
58485,0.43943506281235123,0.0,5.08969290133303,WATCH,MONITOR,-10.0,ROBUST,False
58491,0.265627447776177,0.0,9.862613473326157,LOW_RISK,NO_ACTION,0.0,ROBUST,False
58494,0.20147873199832433,0.0,10.396307034359374,LOW_RISK,NO_ACTION,0.0,ROBUST,False
58504,0.4479074272055704,0.0,4.277915338416487,WATCH,MONITOR,-10.0,ROBUST,False
58508,0.2728099198534967,0.0,11.406987004556724,LOW_RISK,NO_ACTION,0.0,ROBUST,False
58555,0.4233458760707267,0.0,10.574306042987999,WATCH,MONITOR,-10.0,ROBUST,False
58556,0.2053614447823378,0.0,12.68034297196398,LOW_RISK,NO_ACTION,0.0,ROBUST,False
58642,0.10157172856888713,0.0,7.526717561352706,LOW_RISK,NO_ACTION,0.0,ROBUST,False
58652,0.2981836771611778,0.0,8.078514570741257,LOW_RISK,NO_ACTION,0.0,ROBUST,False
58677,0.14009130265715372,0.0,5.41610040220442,LOW_RISK,NO_ACTION,0.0,ROBUST,False
58713,0.40175038220996384,0.0,4.709980550340436,WATCH,MONITOR,-10.0,ROBUST,False
58716,0.21043005442776416,0.0,9.352082960272222,LOW_RISK,NO_ACTION,0.0,ROBUST,False
58731,0.2774582586413915,0.0,5.745340198461279,LOW_RISK,NO_ACTION,0.0,ROBUST,False
58744,0.13481342603662172,0.0,12.036001742114703,LOW_RISK,NO_ACTION,0.0,ROBUST,False
58754,0.21466369937890106,0.0,10.467550579684536,LOW_RISK,NO_ACTION,0.0,ROBUST,False
58761,0.41259609730342883,0.0,8.39826550089236,WATCH,MONITOR,-10.0,ROBUST,False
58774,0.1606351647609278,0.0,10.461828242164835,LOW_RISK,NO_ACTION,0.0,ROBUST,False
58800,0.358863824450783,0.0,4.6240900708406025,WATCH,MONITOR,-10.0,ROBUST,False
58801,0.46697034112180047,0.0,11.451911392327665,WATCH,MONITOR,-10.0,ROBUST,False
58806,0.37193470390308814,0.0,10.21943377885418,WATCH,MONITOR,-10.0,ROBUST,False
58808,0.4244086757168908,0.0,6.882847643275952,WATCH,MONITOR,-10.0,ROBUST,False
58850,0.14358865172156632,0.0,6.7666063752205545,LOW_RISK,NO_ACTION,0.0,ROBUST,False
58852,0.2002927304008218,0.0,7.121260530756345,LOW_RISK,NO_ACTION,0.0,ROBUST,False
58918,0.45781554089623644,0.0,9.888551563920146,WATCH,MONITOR,-10.0,ROBUST,False
58947,0.38604224544723575,0.0,12.176586366658746,WATCH,MONITOR,-10.0,ROBUST,False
58958,0.35582153055092447,0.0,7.648148575138947,WATCH,MONITOR,-10.0,ROBUST,False
59017,0.36550669444868,0.0,6.641182169740591,WATCH,MONITOR,-10.0,ROBUST,False
59043,0.26568022172185735,0.0,6.175867270105761,LOW_RISK,NO_ACTION,0.0,ROBUST,False
59046,0.1178226526470613,0.0,11.465844339561734,LOW_RISK,NO_ACTION,0.0,ROBUST,False
59047,0.4137766168282916,0.0,13.786340210264493,WATCH,MONITOR,-10.0,ROBUST,False
59074,0.37148529448614154,0.0,7.185409742594883,WATCH,MONITOR,-10.0,ROBUST,False
59080,0.2891217856450899,0.0,11.38563739929954,LOW_RISK,NO_ACTION,0.0,ROBUST,False
59151,0.45990384614730295,0.0,12.688226720728643,WATCH,MONITOR,-10.0,ROBUST,False
59153,0.23446386599403957,0.0,12.561068680890301,LOW_RISK,NO_ACTION,0.0,ROBUST,False
59157,0.21772869769249437,0.0,11.438212694578302,LOW_RISK,NO_ACTION,0.0,ROBUST,False
59189,0.44911853003177715,0.0,9.695595848230635,WATCH,MONITOR,-10.0,ROBUST,False
59244,0.41879506190359417,0.0,6.2166061010848646,WATCH,MONITOR,-10.0,ROBUST,False
59258,0.3059919242593379,0.0,13.271727764040175,WATCH,MONITOR,-10.0,ROBUST,False
59267,0.15229389578314,0.0,12.340713890790349,LOW_RISK,NO_ACTION,0.0,ROBUST,False
59314,0.186028588586021,0.0,4.206184043977636,LOW_RISK,NO_ACTION,0.0,ROBUST,False
59334,0.7353882339087765,98.7779510228882,9.654329796963868,HIGH_RISK,EXPEDITE,250.04827164898416,SENSITIVE,True
59404,0.25401649513616464,0.0,9.980494888896912,LOW_RISK,NO_ACTION,0.0,ROBUST,False
59429,0.43458927666638847,0.0,13.463056692724761,WATCH,MONITOR,-10.0,ROBUST,False
59442,0.4799820037328817,0.0,12.453377936839514,WATCH,MONITOR,-10.0,ROBUST,False
59448,0.42225477010996737,0.0,10.544972949772182,WATCH,MONITOR,-10.0,ROBUST,False
59466,0.25101816919822284,0.0,7.536742533395049,LOW_RISK,NO_ACTION,0.0,ROBUST,False
59482,0.4154745716925696,0.0,10.098272780745283,WATCH,MONITOR,-10.0,ROBUST,False
59500,0.24057666938827338,0.0,3.2561716096118976,LOW_RISK,NO_ACTION,0.0,ROBUST,False
59502,0.8705322085638687,2.362256049426865,12.930009666409767,CRITICAL,HUMAN_REVIEW,-50.0,SENSITIVE,True
59530,0.11335728194634297,0.0,5.608738925969307,LOW_RISK,NO_ACTION,0.0,ROBUST,False
59566,0.254286685104408,0.0,3.1271990362962967,LOW_RISK,NO_ACTION,0.0,ROBUST,False
59572,0.46142372147891275,0.0,10.874311355050626,WATCH,MONITOR,-10.0,ROBUST,False
59624,0.1955946351022706,0.0,4.443827035579329,LOW_RISK,NO_ACTION,0.0,ROBUST,False
59633,0.18260526597191362,0.0,11.988777583413121,LOW_RISK,NO_ACTION,0.0,ROBUST,False
59673,0.4879283140964161,0.0,8.853808274977197,WATCH,MONITOR,-10.0,ROBUST,False
59698,0.11000164514023686,0.0,7.687414962114561,LOW_RISK,NO_ACTION,0.0,ROBUST,False
59704,0.4143128601575018,0.0,9.380235033762009,WATCH,MONITOR,-10.0,ROBUST,False
59715,0.22854798229634815,0.0,7.5230490203372185,LOW_RISK,NO_ACTION,0.0,ROBUST,False
59743,0.11499518274786374,0.0,8.971194463184467,LOW_RISK,NO_ACTION,0.0,ROBUST,False
59750,0.4671210160838335,0.0,8.698681067461614,WATCH,MONITOR,-10.0,ROBUST,False
59776,0.15585693208383344,0.0,12.34409829881876,LOW_RISK,NO_ACTION,0.0,ROBUST,False
59805,0.32071171349027816,0.0,10.295867421095638,WATCH,MONITOR,-10.0,ROBUST,False
59847,0.20962168297181913,0.0,4.890499492856275,LOW_RISK,NO_ACTION,0.0,ROBUST,False
59849,0.12607712087387643,0.0,12.911150867308073,LOW_RISK,NO_ACTION,0.0,ROBUST,False
59867,0.11996899426535164,0.0,10.94908225406046,LOW_RISK,NO_ACTION,0.0,ROBUST,False
59873,0.14622267953453552,0.0,9.474748699768247,LOW_RISK,NO_ACTION,0.0,ROBUST,False
59894,0.12854680555575204,0.0,4.170996913743183,LOW_RISK,NO_ACTION,0.0,ROBUST,False
59896,0.40422324620796923,0.0,13.371931036527448,WATCH,MONITOR,-10.0,ROBUST,False
59917,0.29422648091337167,0.0,3.9913885608088866,LOW_RISK,NO_ACTION,0.0,ROBUST,False
59919,0.23715683653959188,0.0,5.105642397674591,LOW_RISK,NO_ACTION,0.0,ROBUST,False
59928,0.2673475640528029,0.0,12.02338702247214,LOW_RISK,NO_ACTION,0.0,ROBUST,False
59970,0.4715786942290493,0.0,12.239468977937424,WATCH,MONITOR,-10.0,ROBUST,False
59973,0.4643007250952589,0.0,9.38437770918244,WATCH,MONITOR,-10.0,ROBUST,False
59991,0.3862705920490308,0.0,13.507627138738266,WATCH,MONITOR,-10.0,ROBUST,False
59994,0.4538729509686751,0.0,9.815309677270035,WATCH,MONITOR,-10.0,ROBUST,False
60000,0.2278592110350499,0.0,12.54624260855527,LOW_RISK,NO_ACTION,0.0,ROBUST,False
60004,0.25244373040331314,0.0,13.054447190370306,LOW_RISK,NO_ACTION,0.0,ROBUST,False
60005,0.34548487274169126,0.0,12.500493933371342,WATCH,MONITOR,-10.0,ROBUST,False
60023,0.3494503789189057,0.0,8.586308722046915,WATCH,MONITOR,-10.0,ROBUST,False
60026,0.2926799352049364,0.0,8.025931604394462,LOW_RISK,NO_ACTION,0.0,ROBUST,False
60074,0.2602631393751813,0.0,12.082691280932579,LOW_RISK,NO_ACTION,0.0,ROBUST,False
60084,0.4944721246434781,0.0,12.147919030759663,WATCH,MONITOR,-10.0,ROBUST,False
60104,0.4284494504470898,0.0,12.426072861738842,WATCH,MONITOR,-10.0,ROBUST,False
60105,0.27399207915521806,0.0,4.197051560414364,LOW_RISK,NO_ACTION,0.0,ROBUST,False
60109,0.39091699089582743,0.0,11.669348532396574,WATCH,MONITOR,-10.0,ROBUST,False
60112,0.2078246773009838,0.0,10.621010222237388,LOW_RISK,NO_ACTION,0.0,ROBUST,False
60160,0.14006773049493196,0.0,6.831090194046651,LOW_RISK,NO_ACTION,0.0,ROBUST,False
60168,0.7554024199213875,1.6690546187889317,13.135299780157338,HIGH_RISK,SUPPLIER_ESCALATION,150.38011635110698,SENSITIVE,True
60261,0.2611891200493577,0.0,9.575052927597383,LOW_RISK,NO_ACTION,0.0,ROBUST,False
60273,0.10661484982426833,0.0,10.029811785869622,LOW_RISK,NO_ACTION,0.0,ROBUST,False
60286,0.42591680065435844,0.0,7.496097345175956,WATCH,MONITOR,-10.0,ROBUST,False
60299,0.2436773609556726,0.0,2.6411978941143697,LOW_RISK,NO_ACTION,0.0,ROBUST,False
60316,0.33216726631205884,0.0,7.4299955075633815,WATCH,MONITOR,-10.0,ROBUST,False
60321,0.1295852749083824,0.0,7.316548177182976,LOW_RISK,NO_ACTION,0.0,ROBUST,False
60357,0.1699987315002336,0.0,6.957497370876951,LOW_RISK,NO_ACTION,0.0,ROBUST,False
60359,0.45587749013102397,0.0,9.377023618656674,WATCH,MONITOR,-10.0,ROBUST,False
60375,0.3434750111531203,0.0,6.993951323678709,WATCH,MONITOR,-10.0,ROBUST,False
60391,0.48011362006819425,0.0,11.664665470025962,WATCH,MONITOR,-10.0,ROBUST,False
60401,0.49950001375652675,0.0,12.206077645517674,WATCH,MONITOR,-10.0,ROBUST,False
60439,0.24874404613323775,0.0,9.908940657297567,LOW_RISK,NO_ACTION,0.0,ROBUST,False
60450,0.866738377182003,2.5080095285351263,11.695255355062795,CRITICAL,TRANSPORT_MODE_REVIEW,276.23076109213804,ROBUST,True
60489,0.4433424220636387,0.0,10.091169715572178,WATCH,MONITOR,-10.0,ROBUST,False
60502,0.4994445708149817,0.0,13.174981443893689,WATCH,MONITOR,-10.0,ROBUST,False
60545,0.351856493692983,0.0,12.721674325759249,WATCH,MONITOR,-10.0,ROBUST,False
60547,0.418056289004609,0.0,6.645090969505644,WATCH,MONITOR,-10.0,ROBUST,False
60573,0.4126983435261098,0.0,3.9900945408483017,WATCH,MONITOR,-10.0,ROBUST,False
60626,0.2421358832878188,0.0,9.433563920090563,LOW_RISK,NO_ACTION,0.0,ROBUST,False
60690,0.3297081521028349,0.0,8.939318740417509,WATCH,MONITOR,-10.0,ROBUST,False
60702,0.4332227765056854,0.0,11.217224661591072,WATCH,MONITOR,-10.0,ROBUST,False
60778,0.3752455505044222,0.0,12.318512543125225,WATCH,MONITOR,-10.0,ROBUST,False
60779,0.1084655255928153,0.0,12.203167981073886,LOW_RISK,NO_ACTION,0.0,ROBUST,False
60811,0.23468226755901342,0.0,6.356801864125367,LOW_RISK,NO_ACTION,0.0,ROBUST,False
60812,0.15779027863784215,0.0,8.088660050373269,LOW_RISK,NO_ACTION,0.0,ROBUST,False
60816,0.19318888483121566,0.0,4.958569771792903,LOW_RISK,NO_ACTION,0.0,ROBUST,False
60818,0.4621957909965303,0.0,9.595211539782598,WATCH,MONITOR,-10.0,ROBUST,False
60840,0.11475731556430727,0.0,13.432236399309627,LOW_RISK,NO_ACTION,0.0,ROBUST,False
60841,0.18792028478476952,0.0,9.229456489168413,LOW_RISK,NO_ACTION,0.0,ROBUST,False
60866,0.2238277408952926,0.0,6.207039528922239,LOW_RISK,NO_ACTION,0.0,ROBUST,False
60937,0.3467536287865579,0.0,12.447295771910849,WATCH,MONITOR,-10.0,ROBUST,False
60964,0.3136406760343462,0.0,6.440260499938161,WATCH,MONITOR,-10.0,ROBUST,False
60966,0.18730779314135446,0.0,10.925956465688445,LOW_RISK,NO_ACTION,0.0,ROBUST,False
60978,0.16569642688926178,0.0,13.141166976426137,LOW_RISK,NO_ACTION,0.0,ROBUST,False
60994,0.19471921383844754,0.0,2.1972245773362196,LOW_RISK,NO_ACTION,0.0,ROBUST,False
61009,0.6792185954081156,35.82599672781887,10.460843646427818,HIGH_RISK,HUMAN_REVIEW,-50.0,ROBUST,True
61090,0.2084711142844814,0.0,11.67129067972678,LOW_RISK,NO_ACTION,0.0,ROBUST,False
61105,0.47904100064308885,0.0,8.594339400592892,WATCH,MONITOR,-10.0,ROBUST,False
61111,0.28554608857153907,0.0,9.802174390835638,LOW_RISK,NO_ACTION,0.0,ROBUST,False
61186,0.12351840661785483,0.0,5.461201229449516,LOW_RISK,NO_ACTION,0.0,ROBUST,False
61190,0.3917065623346534,0.0,11.339081471871795,WATCH,MONITOR,-10.0,ROBUST,False
61191,0.23153811528359586,0.0,9.7538848483049,LOW_RISK,NO_ACTION,0.0,ROBUST,False
61271,0.6656146838993782,2.1676541731184487,9.571351899330041,HIGH_RISK,HUMAN_REVIEW,-50.0,SENSITIVE,True
61274,0.2118377482092928,0.0,4.009149716158869,LOW_RISK,NO_ACTION,0.0,ROBUST,False
61281,0.328297496693328,0.0,14.29633604411459,WATCH,MONITOR,-10.0,ROBUST,False
61282,0.4088610019229859,0.0,12.930649256256547,WATCH,MONITOR,-10.0,ROBUST,False
61286,0.8444819185621618,5.126177717502478,12.520025353132231,HIGH_RISK,HUMAN_REVIEW,-50.0,ROBUST,True
61306,0.20445085777323083,0.0,11.626263078808801,LOW_RISK,NO_ACTION,0.0,ROBUST,False
61354,0.2339427803995925,0.0,6.337515758509518,LOW_RISK,NO_ACTION,0.0,ROBUST,False
61364,0.2857065681143759,0.0,12.741691364642852,LOW_RISK,NO_ACTION,0.0,ROBUST,False
61396,0.47086993509439556,0.0,12.469117447610174,WATCH,MONITOR,-10.0,ROBUST,False
61403,0.4605547427242629,0.0,10.273152756513104,WATCH,MONITOR,-10.0,ROBUST,False
61416,0.7105041641383054,14.554800457877345,13.134790164060451,HIGH_RISK,HUMAN_REVIEW,-50.0,ROBUST,True
61417,0.15277193030152436,0.0,4.206184043977636,LOW_RISK,NO_ACTION,0.0,ROBUST,False
61418,0.2982036709322553,0.0,8.362233851378095,LOW_RISK,NO_ACTION,0.0,ROBUST,False
61436,0.1426477091221694,0.0,12.178273042489925,LOW_RISK,NO_ACTION,0.0,ROBUST,False
61473,0.238232349339479,0.0,5.683681802949198,LOW_RISK,NO_ACTION,0.0,ROBUST,False
61493,0.15935415128699107,0.0,0.0,LOW_RISK,NO_ACTION,0.0,ROBUST,False
61501,0.6730190049655591,71.87494515776781,13.790558324175235,HIGH_RISK,HUMAN_REVIEW,-50.0,ROBUST,True
61518,0.4797981726956647,0.0,7.640603826393634,WATCH,MONITOR,-10.0,ROBUST,False
61520,0.4986935081177526,0.0,8.886304087362083,WATCH,MONITOR,-10.0,ROBUST,False
61521,0.25009645299876593,0.0,11.918397239722838,LOW_RISK,NO_ACTION,0.0,ROBUST,False
61546,0.3396050548458449,0.0,13.219812177819398,WATCH,MONITOR,-10.0,ROBUST,False
61550,0.4425070614096326,0.0,11.957077554078417,WATCH,MONITOR,-10.0,ROBUST,False
61563,0.1469848291185536,0.0,9.751866670071417,LOW_RISK,NO_ACTION,0.0,ROBUST,False
61595,0.37582576442078597,0.0,11.263194068746921,WATCH,MONITOR,-10.0,ROBUST,False
61612,0.2635374646900273,0.0,9.798182590890704,LOW_RISK,NO_ACTION,0.0,ROBUST,False
61614,0.8988473020496337,6.679844331373031,12.482894925819194,CRITICAL,EXPEDITE,250.062414474629,SENSITIVE,True
61623,0.2611014474989768,0.0,7.961108661244632,LOW_RISK,NO_ACTION,0.0,ROBUST,False
61658,0.13038411478596676,0.0,3.9983841710761894,LOW_RISK,NO_ACTION,0.0,ROBUST,False
61659,0.37816285943572236,0.0,12.75665259005558,WATCH,MONITOR,-10.0,ROBUST,False
61664,0.20109706749938125,0.0,13.47358206300145,LOW_RISK,NO_ACTION,0.0,ROBUST,False
61675,0.6201767741902103,4.6314898789322685,12.044500326678666,HIGH_RISK,TRANSPORT_MODE_REVIEW,350.03613350098,ROBUST,True
61676,0.1484325192965851,0.0,7.640603826393634,LOW_RISK,NO_ACTION,0.0,ROBUST,False
61694,0.4458636455559567,0.0,3.782142084573626,WATCH,MONITOR,-10.0,ROBUST,False
61696,0.29737771171309546,0.0,10.255270550394432,LOW_RISK,NO_ACTION,0.0,ROBUST,False
61697,0.3288587511145601,0.0,4.845917871250658,WATCH,MONITOR,-10.0,ROBUST,False
61715,0.32777307323794186,0.0,10.481027453764323,WATCH,MONITOR,-10.0,ROBUST,False
61720,0.2641972458165367,0.0,10.239995502805316,LOW_RISK,NO_ACTION,0.0,ROBUST,False
61737,0.1770119661752558,0.0,11.736013014716379,LOW_RISK,NO_ACTION,0.0,ROBUST,False
61749,0.39805309939935996,0.0,12.679133160237038,WATCH,MONITOR,-10.0,ROBUST,False
61754,0.15082250614306975,0.0,12.45293662970407,LOW_RISK,NO_ACTION,0.0,ROBUST,False
61779,0.14154951611152422,0.0,7.044032897274685,LOW_RISK,NO_ACTION,0.0,ROBUST,False
61783,0.3840580150386014,0.0,13.61874219072767,WATCH,MONITOR,-10.0,ROBUST,False
61811,0.18353480818079354,0.0,8.935896947305412,LOW_RISK,NO_ACTION,0.0,ROBUST,False
61852,0.22270910054113294,0.0,10.32551474894327,LOW_RISK,NO_ACTION,0.0,ROBUST,False
61864,0.2900909868006961,0.0,9.980494888896912,LOW_RISK,NO_ACTION,0.0,ROBUST,False
61871,0.2797405266918185,0.0,8.031385330625534,LOW_RISK,NO_ACTION,0.0,ROBUST,False
61882,0.38343165002599966,0.0,1.801709800081223,WATCH,MONITOR,-10.0,ROBUST,False
61896,0.34937271737734443,0.0,4.663439094112067,WATCH,MONITOR,-10.0,ROBUST,False
61913,0.3577584649127463,0.0,6.3578422665081,WATCH,MONITOR,-10.0,ROBUST,False
61959,0.385621732262183,0.0,12.780439443248333,WATCH,MONITOR,-10.0,ROBUST,False
61980,0.21704509096938615,0.0,10.569371444146745,LOW_RISK,NO_ACTION,0.0,ROBUST,False
61993,0.22893332472018946,0.0,12.485040610190085,LOW_RISK,NO_ACTION,0.0,ROBUST,False
61998,0.27519909915822166,0.0,9.19634286233233,LOW_RISK,NO_ACTION,0.0,ROBUST,False
62024,0.22298486921341043,0.0,11.8666157592702,LOW_RISK,NO_ACTION,0.0,ROBUST,False
62032,0.4939751475883454,0.0,8.314097335405807,WATCH,MONITOR,-10.0,ROBUST,False
62037,0.42562077056857184,0.0,9.637632201310455,WATCH,MONITOR,-10.0,ROBUST,False
62046,0.16586187530241184,0.0,9.71979305368841,LOW_RISK,NO_ACTION,0.0,ROBUST,False
62047,0.10223766235274781,0.0,10.775604010608607,LOW_RISK,NO_ACTION,0.0,ROBUST,False
62059,0.11711330729890715,0.0,10.738589920723442,LOW_RISK,NO_ACTION,0.0,ROBUST,False
62077,0.19762538041717012,0.0,12.898981672733859,LOW_RISK,NO_ACTION,0.0,ROBUST,False
62079,0.14571651433474264,0.0,7.655864017616056,LOW_RISK,NO_ACTION,0.0,ROBUST,False
62107,0.3133352459570289,0.0,6.320768294250582,WATCH,MONITOR,-10.0,ROBUST,False
62113,0.4431980890909435,0.0,11.386513355715758,WATCH,MONITOR,-10.0,ROBUST,False
62116,0.7326881416353406,0.8611983146712698,11.387399089388571,HIGH_RISK,SUPPLIER_ESCALATION,29.189554009594758,SENSITIVE,True
62152,0.1862436252328762,0.0,9.79409112575673,LOW_RISK,NO_ACTION,0.0,ROBUST,False
62158,0.2597197024103144,0.0,5.951007069476706,LOW_RISK,NO_ACTION,0.0,ROBUST,False
62159,0.30315768381251107,0.0,8.033139318147674,WATCH,MONITOR,-10.0,ROBUST,False
62164,0.42408233980133425,0.0,8.48205708488777,WATCH,MONITOR,-10.0,ROBUST,False
62168,0.43564864124246594,0.0,3.7483269127573564,WATCH,MONITOR,-10.0,ROBUST,False
62169,0.46388732476311045,0.0,9.837401167408268,WATCH,MONITOR,-10.0,ROBUST,False
62173,0.30369810020115007,0.0,11.695255355062795,WATCH,MONITOR,-10.0,ROBUST,False
62194,0.3777098985743452,0.0,10.661977618146238,WATCH,MONITOR,-10.0,ROBUST,False
62228,0.6634907695709583,1.0786123174416888,13.734730995546615,HIGH_RISK,SUPPLIER_ESCALATION,61.80666206628186,SENSITIVE,True
62235,0.32611558398159285,0.0,13.161586013632684,WATCH,MONITOR,-10.0,ROBUST,False
62253,0.19947672378845405,0.0,11.016939191400878,LOW_RISK,NO_ACTION,0.0,ROBUST,False
62256,0.27268675401064446,0.0,4.9305092496169705,LOW_RISK,NO_ACTION,0.0,ROBUST,False
62295,0.35362020332268773,0.0,6.437751649736401,WATCH,MONITOR,-10.0,ROBUST,False
62319,0.20279437514151244,0.0,9.761797252073057,LOW_RISK,NO_ACTION,0.0,ROBUST,False
62322,0.12087402311870443,0.0,11.87757552297847,LOW_RISK,NO_ACTION,0.0,ROBUST,False
62370,0.104093542563503,0.0,5.22580043570886,LOW_RISK,NO_ACTION,0.0,ROBUST,False
62400,0.10886381421780862,0.0,9.43618267837272,LOW_RISK,NO_ACTION,0.0,ROBUST,False
62403,0.10333989500550787,0.0,9.773151050808124,LOW_RISK,NO_ACTION,0.0,ROBUST,False
62413,0.1441420226231502,0.0,10.066764319802308,LOW_RISK,NO_ACTION,0.0,ROBUST,False
62421,0.19579548582805195,0.0,9.441221113885009,LOW_RISK,NO_ACTION,0.0,ROBUST,False
62433,0.1884886056729197,0.0,11.808583147519697,LOW_RISK,NO_ACTION,0.0,ROBUST,False
62476,0.49471863767195867,0.0,9.259225769705994,WATCH,MONITOR,-10.0,ROBUST,False
62516,0.2224024420835773,0.0,12.972667666118852,LOW_RISK,NO_ACTION,0.0,ROBUST,False
62521,0.15096831334375965,0.0,11.362300230119235,LOW_RISK,NO_ACTION,0.0,ROBUST,False
62549,0.3182250176671032,0.0,5.842123117608619,WATCH,MONITOR,-10.0,ROBUST,False
62555,0.4431829821590033,0.0,13.426904041847699,WATCH,MONITOR,-10.0,ROBUST,False
62577,0.3712241507150701,0.0,12.15214958053555,WATCH,MONITOR,-10.0,ROBUST,False
62586,0.21843283565418015,0.0,8.293299358711323,LOW_RISK,NO_ACTION,0.0,ROBUST,False
62594,0.32464646391658203,0.0,2.998229153752578,WATCH,MONITOR,-10.0,ROBUST,False
62603,0.3859423896801637,0.0,3.873905683315018,WATCH,MONITOR,-10.0,ROBUST,False
62634,0.39124179694709693,0.0,12.087294740154986,WATCH,MONITOR,-10.0,ROBUST,False
62657,0.3666153821190755,0.0,12.091340575939943,WATCH,MONITOR,-10.0,ROBUST,False
62662,0.44832416991024726,0.0,5.081404364984463,WATCH,MONITOR,-10.0,ROBUST,False
62709,0.4480421833376418,0.0,11.623272208705396,WATCH,MONITOR,-10.0,ROBUST,False
62712,0.33157462376280133,0.0,8.439015410352214,WATCH,MONITOR,-10.0,ROBUST,False
62730,0.2719425476444849,0.0,13.286206929202487,LOW_RISK,NO_ACTION,0.0,ROBUST,False
62761,0.3566281182260399,0.0,7.782598820942119,WATCH,MONITOR,-10.0,ROBUST,False
62801,0.4272848005481853,0.0,13.266475755937705,WATCH,MONITOR,-10.0,ROBUST,False
62808,0.10226084193647389,0.0,7.1410313227749,LOW_RISK,NO_ACTION,0.0,ROBUST,False
62814,0.4967988036059404,0.0,10.668978650219241,WATCH,MONITOR,-10.0,ROBUST,False
62830,0.1731575089316797,0.0,7.6783263565068856,LOW_RISK,NO_ACTION,0.0,ROBUST,False
62853,0.28809959426399046,0.0,5.495568585896296,LOW_RISK,NO_ACTION,0.0,ROBUST,False
62879,0.4488118939371467,0.0,9.546884034617925,WATCH,MONITOR,-10.0,ROBUST,False
62935,0.19001615961767976,0.0,8.957721664921962,LOW_RISK,NO_ACTION,0.0,ROBUST,False
62942,0.2907180895601533,0.0,10.519173877073293,LOW_RISK,NO_ACTION,0.0,ROBUST,False
62948,0.15303287207247168,0.0,11.684955074233349,LOW_RISK,NO_ACTION,0.0,ROBUST,False
62968,0.25803053015527705,0.0,8.707648248106914,LOW_RISK,NO_ACTION,0.0,ROBUST,False
62980,0.17085418191720103,0.0,11.52147481490777,LOW_RISK,NO_ACTION,0.0,ROBUST,False
62987,0.2454510995084628,0.0,9.419060402624668,LOW_RISK,NO_ACTION,0.0,ROBUST,False
62988,0.24938568671708883,0.0,4.675255793554779,LOW_RISK,NO_ACTION,0.0,ROBUST,False
62990,0.49726831583933306,0.0,7.280766063536691,WATCH,MONITOR,-10.0,ROBUST,False
63044,0.49792521172150894,0.0,10.506190196826267,WATCH,MONITOR,-10.0,ROBUST,False
63047,0.14591451146424497,0.0,5.6185876285929695,LOW_RISK,NO_ACTION,0.0,ROBUST,False
63064,0.3903875117313389,0.0,12.502645081327401,WATCH,MONITOR,-10.0,ROBUST,False
63073,0.12069819186764047,0.0,8.867709208039386,LOW_RISK,NO_ACTION,0.0,ROBUST,False
63106,0.11207680613487546,0.0,12.65933984252053,LOW_RISK,NO_ACTION,0.0,ROBUST,False
63111,0.14213355769798575,0.0,6.641182169740591,LOW_RISK,NO_ACTION,0.0,ROBUST,False
63174,0.48619426280317357,0.0,10.392064499865432,WATCH,MONITOR,-10.0,ROBUST,False
63175,0.476345419157879,0.0,8.987321812850125,WATCH,MONITOR,-10.0,ROBUST,False
63186,0.1775711281122722,0.0,9.018563453811453,LOW_RISK,NO_ACTION,0.0,ROBUST,False
63228,0.1646689342214846,0.0,4.3288895362607525,LOW_RISK,NO_ACTION,0.0,ROBUST,False
63234,0.19621403460637882,0.0,10.049361215025671,LOW_RISK,NO_ACTION,0.0,ROBUST,False
63273,0.3062187976300569,0.0,12.299203178902868,WATCH,MONITOR,-10.0,ROBUST,False
63274,0.32788185281416393,0.0,8.283395586694215,WATCH,MONITOR,-10.0,ROBUST,False
63289,0.18863737217577894,0.0,12.899222326086994,LOW_RISK,NO_ACTION,0.0,ROBUST,False
63292,0.40264911523597813,0.0,9.13830716907635,WATCH,MONITOR,-10.0,ROBUST,False
63296,0.22382126776106032,0.0,6.144185634125646,LOW_RISK,NO_ACTION,0.0,ROBUST,False
63297,0.4688525302117642,0.0,13.26927534946039,WATCH,MONITOR,-10.0,ROBUST,False
63308,0.3626890825826923,0.0,5.465779060434968,WATCH,MONITOR,-10.0,ROBUST,False
63355,0.2745404777214447,0.0,11.211393253957274,LOW_RISK,NO_ACTION,0.0,ROBUST,False
63362,0.41596480068113817,0.0,5.8830716606798585,WATCH,MONITOR,-10.0,ROBUST,False
63401,0.42716585041866595,0.0,10.316834847761099,WATCH,MONITOR,-10.0,ROBUST,False
63409,0.21619264224357748,0.0,11.49273296168228,LOW_RISK,NO_ACTION,0.0,ROBUST,False
63412,0.23588581753443374,0.0,11.042857833676406,LOW_RISK,NO_ACTION,0.0,ROBUST,False
63419,0.47438206149144135,0.0,8.045908742270779,WATCH,MONITOR,-10.0,ROBUST,False
63432,0.16589641534530877,0.0,13.157299926618558,LOW_RISK,NO_ACTION,0.0,ROBUST,False
63438,0.11686016678517369,0.0,13.388076796418103,LOW_RISK,NO_ACTION,0.0,ROBUST,False
63466,0.28162212904381967,0.0,8.81869976359652,LOW_RISK,NO_ACTION,0.0,ROBUST,False
63468,0.4204839600974516,0.0,9.256656048553454,WATCH,MONITOR,-10.0,ROBUST,False
63486,0.4086672425242983,0.0,9.032140310141399,WATCH,MONITOR,-10.0,ROBUST,False
63502,0.46781225156513306,0.0,7.905810312658931,WATCH,MONITOR,-10.0,ROBUST,False
63537,0.31328026574761614,0.0,13.210077507405208,WATCH,MONITOR,-10.0,ROBUST,False
63555,0.14002586862661334,0.0,10.260322483676225,LOW_RISK,NO_ACTION,0.0,ROBUST,False
63561,0.33547558973440644,0.0,12.269472143226766,WATCH,MONITOR,-10.0,ROBUST,False
63568,0.41135824574128466,0.0,6.3578422665081,WATCH,MONITOR,-10.0,ROBUST,False
63571,0.13733124810793057,0.0,8.99528899055931,LOW_RISK,NO_ACTION,0.0,ROBUST,False
63576,0.1690629604390359,0.0,7.9658927350845286,LOW_RISK,NO_ACTION,0.0,ROBUST,False
63579,0.10491626446226837,0.0,8.294299608857235,LOW_RISK,NO_ACTION,0.0,ROBUST,False
63582,0.33746103177872416,0.0,7.3542471606419,WATCH,MONITOR,-10.0,ROBUST,False
63608,0.45469375677836177,0.0,13.369225017834633,WATCH,MONITOR,-10.0,ROBUST,False
63620,0.36826532640083987,0.0,11.272902758846767,WATCH,MONITOR,-10.0,ROBUST,False
63648,0.4928160350363928,0.0,7.244941546337007,WATCH,MONITOR,-10.0,ROBUST,False
63652,0.12521346099990463,0.0,12.299203178902868,LOW_RISK,NO_ACTION,0.0,ROBUST,False
63697,0.4612004340605985,0.0,13.660807335513452,WATCH,MONITOR,-10.0,ROBUST,False
63719,0.4256273149546723,0.0,10.00247278922055,WATCH,MONITOR,-10.0,ROBUST,False
63749,0.7319221459523726,1.1228531314846695,12.508252860163424,HIGH_RISK,TRANSPORT_MODE_REVIEW,68.44201465359384,SENSITIVE,True
63757,0.4894106207349007,0.0,13.081543466215237,WATCH,MONITOR,-10.0,ROBUST,False
63782,0.21517509926856604,0.0,13.093937153553677,LOW_RISK,NO_ACTION,0.0,ROBUST,False
63802,0.45572188953128745,0.0,12.137567012466159,WATCH,MONITOR,-10.0,ROBUST,False
63807,0.45229943082967583,0.0,9.002824076547672,WATCH,MONITOR,-10.0,ROBUST,False
63817,0.40306304664118897,0.0,13.424507370344552,WATCH,MONITOR,-10.0,ROBUST,False
63826,0.32538818952514076,0.0,9.257204873723467,WATCH,MONITOR,-10.0,ROBUST,False
63894,0.14800109984675525,0.0,9.012011377036412,LOW_RISK,NO_ACTION,0.0,ROBUST,False
63907,0.3127886937985993,0.0,8.831127635012084,WATCH,MONITOR,-10.0,ROBUST,False
63915,0.24271850226197383,0.0,10.866820254712227,LOW_RISK,NO_ACTION,0.0,ROBUST,False
63939,0.4168868132621407,0.0,8.485496104672983,WATCH,MONITOR,-10.0,ROBUST,False
63956,0.403251682598738,0.0,9.506377444010699,WATCH,MONITOR,-10.0,ROBUST,False
63988,0.46424500294904214,0.0,9.395657437749936,WATCH,MONITOR,-10.0,ROBUST,False
63998,0.10593206497268315,0.0,9.169622538697624,LOW_RISK,NO_ACTION,0.0,ROBUST,False
64003,0.4236412867292184,0.0,10.673618922112436,WATCH,MONITOR,-10.0,ROBUST,False
64004,0.4753848212498676,0.0,9.0217190130337,WATCH,MONITOR,-10.0,ROBUST,False
64020,0.41572017964326,0.0,11.487548988598316,WATCH,MONITOR,-10.0,ROBUST,False
64021,0.1520777839481467,0.0,10.576457535657255,LOW_RISK,NO_ACTION,0.0,ROBUST,False
64051,0.13251164193635512,0.0,12.8700510227891,LOW_RISK,NO_ACTION,0.0,ROBUST,False
64087,0.10833809592308033,0.0,11.790564777297387,LOW_RISK,NO_ACTION,0.0,ROBUST,False
64108,0.3514980903312285,0.0,12.438437549185982,WATCH,MONITOR,-10.0,ROBUST,False
64183,0.35186906074395496,0.0,8.580918882296782,WATCH,MONITOR,-10.0,ROBUST,False
64186,0.49476548568728496,0.0,12.494540908852906,WATCH,MONITOR,-10.0,ROBUST,False
64208,0.25921726964163827,0.0,11.779074864459474,LOW_RISK,NO_ACTION,0.0,ROBUST,False
64218,0.23276251395899872,0.0,9.441531454869693,LOW_RISK,NO_ACTION,0.0,ROBUST,False
64238,0.349769970873757,0.0,5.929589143389895,WATCH,MONITOR,-10.0,ROBUST,False
64262,0.7871995456586948,4.264420678915936,12.513502196698656,HIGH_RISK,EXPEDITE,139.7164646749237,SENSITIVE,True
64304,0.4747095798092008,0.0,12.899222326086994,WATCH,MONITOR,-10.0,ROBUST,False
64319,0.7463502955632038,1.1223779554856612,12.438437549185982,HIGH_RISK,SUPPLIER_ESCALATION,68.37065395095507,SENSITIVE,True
64320,0.2706695922463219,0.0,5.278114659230517,LOW_RISK,NO_ACTION,0.0,ROBUST,False
64329,0.3539656941248257,0.0,9.257204873723467,WATCH,MONITOR,-10.0,ROBUST,False
64335,0.4425197306864468,0.0,11.248972939884327,WATCH,MONITOR,-10.0,ROBUST,False
64351,0.29624387532469576,0.0,12.916893301094477,LOW_RISK,NO_ACTION,0.0,ROBUST,False
64352,0.18667465748215709,0.0,11.329014645967838,LOW_RISK,NO_ACTION,0.0,ROBUST,False
64363,0.1678893758991492,0.0,12.419250705876301,LOW_RISK,NO_ACTION,0.0,ROBUST,False
64367,0.10006309783122269,0.0,3.4965075614664802,LOW_RISK,NO_ACTION,0.0,ROBUST,False
64369,0.3872951979925138,0.0,10.914430429575479,WATCH,MONITOR,-10.0,ROBUST,False
64371,0.1444388835383962,0.0,3.844600329110712,LOW_RISK,NO_ACTION,0.0,ROBUST,False
64377,0.1975356398783762,0.0,9.719143952790535,LOW_RISK,NO_ACTION,0.0,ROBUST,False
64405,0.21915053260911735,0.0,8.196133567907502,LOW_RISK,NO_ACTION,0.0,ROBUST,False
64427,0.3241519440547074,0.0,8.95686647085414,WATCH,MONITOR,-10.0,ROBUST,False
64438,0.2591829109183077,0.0,12.961586459135322,LOW_RISK,NO_ACTION,0.0,ROBUST,False
64452,0.3698695968092648,0.0,6.8639705666111155,WATCH,MONITOR,-10.0,ROBUST,False
64493,0.12225546373148109,0.0,13.376428685210959,LOW_RISK,NO_ACTION,0.0,ROBUST,False
64506,0.1495756777057758,0.0,11.808583147519697,LOW_RISK,NO_ACTION,0.0,ROBUST,False
64545,0.8668557933131289,4.481424859564533,12.151579500233803,CRITICAL,EXPEDITE,172.26818532513528,SENSITIVE,True
64553,0.23478591513873193,0.0,12.220966184120165,LOW_RISK,NO_ACTION,0.0,ROBUST,False
64558,0.2183253451005439,0.0,12.674631168612793,LOW_RISK,NO_ACTION,0.0,ROBUST,False
64588,0.1268112316150091,0.0,10.169146383953048,LOW_RISK,NO_ACTION,0.0,ROBUST,False
64589,0.45828766989920056,0.0,6.22455842927536,WATCH,MONITOR,-10.0,ROBUST,False
64594,0.3767274344500203,0.0,9.84167597656824,WATCH,MONITOR,-10.0,ROBUST,False
64603,0.14864726272785977,0.0,12.429220196836383,LOW_RISK,NO_ACTION,0.0,ROBUST,False
64615,0.12601838309485625,0.0,8.285803231748051,LOW_RISK,NO_ACTION,0.0,ROBUST,False
64617,0.4899490133724972,0.0,6.165354827035164,WATCH,MONITOR,-10.0,ROBUST,False
64635,0.37246902017580197,0.0,11.39056843453057,WATCH,MONITOR,-10.0,ROBUST,False
64660,0.26698242843749664,0.0,5.047031509287547,LOW_RISK,NO_ACTION,0.0,ROBUST,False
64664,0.380692416302314,0.0,7.491422358923261,WATCH,MONITOR,-10.0,ROBUST,False
64667,0.40253271459206363,0.0,6.68586094706836,WATCH,MONITOR,-10.0,ROBUST,False
64685,0.4119848809555118,0.0,6.587550014824796,WATCH,MONITOR,-10.0,ROBUST,False
64709,0.2911509222612231,0.0,7.244941546337007,LOW_RISK,NO_ACTION,0.0,ROBUST,False
64724,0.2719531032499392,0.0,11.212212187308628,LOW_RISK,NO_ACTION,0.0,ROBUST,False
64757,0.10441123370756014,0.0,12.937962059405562,LOW_RISK,NO_ACTION,0.0,ROBUST,False
64824,0.4706228460567352,0.0,12.169963486467664,WATCH,MONITOR,-10.0,ROBUST,False
64832,0.3413231513555772,0.0,9.752141270041493,WATCH,MONITOR,-10.0,ROBUST,False
64850,0.18126157487598726,0.0,12.416426354391193,LOW_RISK,NO_ACTION,0.0,ROBUST,False
64864,0.46784136776857466,0.0,9.367429587218957,WATCH,MONITOR,-10.0,ROBUST,False
64903,0.46597276070811855,0.0,7.385367390181313,WATCH,MONITOR,-10.0,ROBUST,False
64904,0.49567366574643834,0.0,12.405812453305339,WATCH,MONITOR,-10.0,ROBUST,False
64913,0.4496226252555916,0.0,6.932447891572509,WATCH,MONITOR,-10.0,ROBUST,False
64936,0.4991137551280259,0.0,12.249404511685825,WATCH,MONITOR,-10.0,ROBUST,False
64946,0.19787447524930904,0.0,10.486801730763691,LOW_RISK,NO_ACTION,0.0,ROBUST,False
64989,0.4368998340796937,0.0,8.294299608857235,WATCH,MONITOR,-10.0,ROBUST,False
64995,0.4292113235183058,0.0,13.629627867855232,WATCH,MONITOR,-10.0,ROBUST,False
65002,0.1923761436882935,0.0,11.265758139843117,LOW_RISK,NO_ACTION,0.0,ROBUST,False
65005,0.13937501960039633,0.0,9.216575890658573,LOW_RISK,NO_ACTION,0.0,ROBUST,False
65033,0.49176820547103983,0.0,8.776630098427717,WATCH,MONITOR,-10.0,ROBUST,False
65037,0.21840982060824415,0.0,6.300987609159714,LOW_RISK,NO_ACTION,0.0,ROBUST,False
65049,0.4483567161871225,0.0,10.231027154561334,WATCH,MONITOR,-10.0,ROBUST,False
65050,0.6857122702982671,3.5882741605308874,12.520025353132231,HIGH_RISK,TRANSPORT_MODE_REVIEW,350.0375600760594,ROBUST,True
65081,0.8781371345593348,7.0720941594667295,11.899336865271989,CRITICAL,HUMAN_REVIEW,-50.0,ROBUST,True
65091,0.28634852347854733,0.0,11.351272983527315,LOW_RISK,NO_ACTION,0.0,ROBUST,False
65095,0.19548587357402544,0.0,9.419060402624668,LOW_RISK,NO_ACTION,0.0,ROBUST,False
65111,0.3759365133743857,0.0,7.2441275106030165,WATCH,MONITOR,-10.0,ROBUST,False
65120,0.3262257302271817,0.0,11.089820688682373,WATCH,MONITOR,-10.0,ROBUST,False
65132,0.1309943189801966,0.0,8.853808274977197,LOW_RISK,NO_ACTION,0.0,ROBUST,False
65156,0.16505131852628685,0.0,7.756623334538858,LOW_RISK,NO_ACTION,0.0,ROBUST,False
65165,0.2552197080233657,0.0,11.320352339955685,LOW_RISK,NO_ACTION,0.0,ROBUST,False
65180,0.17424162558217327,0.0,5.001258132283659,LOW_RISK,NO_ACTION,0.0,ROBUST,False
65186,0.4168889388975715,0.0,11.306663612524535,WATCH,MONITOR,-10.0,ROBUST,False
65191,0.26642809422131203,0.0,9.973060255888088,LOW_RISK,NO_ACTION,0.0,ROBUST,False
65219,0.13737274673699973,0.0,11.87757552297847,LOW_RISK,NO_ACTION,0.0,ROBUST,False
65235,0.29373716090884994,0.0,13.275515272898247,LOW_RISK,NO_ACTION,0.0,ROBUST,False
65238,0.13633527242456567,0.0,12.124930375225823,LOW_RISK,NO_ACTION,0.0,ROBUST,False
65241,0.1515749221679269,0.0,6.175867270105761,LOW_RISK,NO_ACTION,0.0,ROBUST,False
65243,0.19584393281128212,0.0,8.389950554479231,LOW_RISK,NO_ACTION,0.0,ROBUST,False
65261,0.4438110820989959,0.0,12.320655008939992,WATCH,MONITOR,-10.0,ROBUST,False
65263,0.4698450129331888,0.0,10.254179634797001,WATCH,MONITOR,-10.0,ROBUST,False
65274,0.43050309173282764,0.0,12.474975868945926,WATCH,MONITOR,-10.0,ROBUST,False
65280,0.2336308869671389,0.0,8.94125366242238,LOW_RISK,NO_ACTION,0.0,ROBUST,False
65291,0.20897857644353268,0.0,8.583916823459145,LOW_RISK,NO_ACTION,0.0,ROBUST,False
65308,0.7881986805272034,9.416263447174334,11.849404844423074,HIGH_RISK,HUMAN_REVIEW,-50.0,ROBUST,True
65314,0.38874126421324495,0.0,3.8691155044168695,WATCH,MONITOR,-10.0,ROBUST,False
65323,0.49734911526407,0.0,12.974412870054728,WATCH,MONITOR,-10.0,ROBUST,False
65331,0.1526282847515705,0.0,8.476579508530941,LOW_RISK,NO_ACTION,0.0,ROBUST,False
65349,0.11971679960952178,0.0,12.933051525326176,LOW_RISK,NO_ACTION,0.0,ROBUST,False
65359,0.3777423555981084,0.0,7.741668245723496,WATCH,MONITOR,-10.0,ROBUST,False
65363,0.43289031340156225,0.0,9.61587214452889,WATCH,MONITOR,-10.0,ROBUST,False
65370,0.43853951194656926,0.0,8.806449524069924,WATCH,MONITOR,-10.0,ROBUST,False
65381,0.37138541963086424,0.0,10.741405847723883,WATCH,MONITOR,-10.0,ROBUST,False
65408,0.4816063216476748,0.0,12.30501712236033,WATCH,MONITOR,-10.0,ROBUST,False
65450,0.30440190541783474,0.0,12.517095197339863,WATCH,MONITOR,-10.0,ROBUST,False
65452,0.46552591933448506,0.0,9.161465204194046,WATCH,MONITOR,-10.0,ROBUST,False
65458,0.4871248547966093,0.0,8.439132185540647,WATCH,MONITOR,-10.0,ROBUST,False
65478,0.43886298280124314,0.0,11.236526168605394,WATCH,MONITOR,-10.0,ROBUST,False
65484,0.22390342530344826,0.0,8.933764397864506,LOW_RISK,NO_ACTION,0.0,ROBUST,False
65487,0.1784862604681181,0.0,11.438212694578302,LOW_RISK,NO_ACTION,0.0,ROBUST,False
65545,0.3192480259927274,0.0,6.713187036729827,WATCH,MONITOR,-10.0,ROBUST,False
65548,0.7461796062300152,13.314869809395482,5.757954953544594,HIGH_RISK,EXPEDITE,250.0287897747678,SENSITIVE,True
65555,0.45110333687709325,0.0,0.0,WATCH,MONITOR,-10.0,ROBUST,False
65574,0.1400126684268615,0.0,7.79081182265096,LOW_RISK,NO_ACTION,0.0,ROBUST,False
65579,0.20309602452460745,0.0,12.693713937677964,LOW_RISK,NO_ACTION,0.0,ROBUST,False
65588,0.40071957780748346,0.0,9.972127028252816,WATCH,MONITOR,-10.0,ROBUST,False
65601,0.13799465799092486,0.0,5.5254529391317835,LOW_RISK,NO_ACTION,0.0,ROBUST,False
65609,0.2283057656086801,0.0,6.0063531596017325,LOW_RISK,NO_ACTION,0.0,ROBUST,False
65617,0.25486215762159325,0.0,11.223655465763155,LOW_RISK,NO_ACTION,0.0,ROBUST,False
65619,0.34903751862507604,0.0,7.797484352687925,WATCH,MONITOR,-10.0,ROBUST,False
65621,0.16325305828774583,0.0,7.152268856032539,LOW_RISK,NO_ACTION,0.0,ROBUST,False
65630,0.4442417961398838,0.0,4.4916654851912705,WATCH,MONITOR,-10.0,ROBUST,False
65640,0.2790168941865097,0.0,10.085850775128717,LOW_RISK,NO_ACTION,0.0,ROBUST,False
65675,0.4668086847522226,0.0,12.309535862454515,WATCH,MONITOR,-10.0,ROBUST,False
65688,0.2871479654535727,0.0,6.313548046277095,LOW_RISK,NO_ACTION,0.0,ROBUST,False
65693,0.21001610357629336,0.0,10.902336962834882,LOW_RISK,NO_ACTION,0.0,ROBUST,False
65699,0.15673153147506996,0.0,13.6681247778509,LOW_RISK,NO_ACTION,0.0,ROBUST,False
65709,0.10149803788451393,0.0,13.083848303229294,LOW_RISK,NO_ACTION,0.0,ROBUST,False
65716,0.31286299399393425,0.0,11.258691063428058,WATCH,MONITOR,-10.0,ROBUST,False
65717,0.14286267877076939,0.0,11.542493975902508,LOW_RISK,NO_ACTION,0.0,ROBUST,False
65732,0.2566911054524713,0.0,8.722351982112949,LOW_RISK,NO_ACTION,0.0,ROBUST,False
65748,0.3357087044948347,0.0,10.647070209663099,WATCH,MONITOR,-10.0,ROBUST,False
65780,0.21027435876108014,0.0,11.778073543337412,LOW_RISK,NO_ACTION,0.0,ROBUST,False
65799,0.1700897169464461,0.0,8.816860651301019,LOW_RISK,NO_ACTION,0.0,ROBUST,False
65803,0.4098886490437367,0.0,6.246319921056872,WATCH,MONITOR,-10.0,ROBUST,False
65836,0.4787164689126483,0.0,10.645258216708406,WATCH,MONITOR,-10.0,ROBUST,False
65849,0.14017616714478642,0.0,8.001107088895226,LOW_RISK,NO_ACTION,0.0,ROBUST,False
65940,0.16223612975400314,0.0,12.011765548248206,LOW_RISK,NO_ACTION,0.0,ROBUST,False
65978,0.48400506290108747,0.0,10.830580331657966,WATCH,MONITOR,-10.0,ROBUST,False
65987,0.11511368872489852,0.0,8.713253274320705,LOW_RISK,NO_ACTION,0.0,ROBUST,False
66000,0.49105293462018895,0.0,9.184008716889227,WATCH,MONITOR,-10.0,ROBUST,False
66030,0.10185779323399552,0.0,11.002766285747398,LOW_RISK,NO_ACTION,0.0,ROBUST,False
66062,0.4494674622605326,0.0,12.624786269856633,WATCH,MONITOR,-10.0,ROBUST,False
66073,0.22293007239509982,0.0,9.943924833063443,LOW_RISK,NO_ACTION,0.0,ROBUST,False
66094,0.47543554327091864,0.0,11.855179241945523,WATCH,MONITOR,-10.0,ROBUST,False
66100,0.2267781154542342,0.0,12.258763952242946,LOW_RISK,NO_ACTION,0.0,ROBUST,False
66123,0.6376458890397452,35.818850989618944,11.81425404877817,HIGH_RISK,HUMAN_REVIEW,-50.0,ROBUST,True
66145,0.13201302790637467,0.0,5.289579300604752,LOW_RISK,NO_ACTION,0.0,ROBUST,False
66175,0.1969319245814956,0.0,11.345559513499847,LOW_RISK,NO_ACTION,0.0,ROBUST,False
66205,0.4094717385917003,0.0,9.798182590890704,WATCH,MONITOR,-10.0,ROBUST,False
66207,0.31147434147152786,0.0,9.1248914101437,WATCH,MONITOR,-10.0,ROBUST,False
66218,0.4711876247148179,0.0,3.85354607566917,WATCH,MONITOR,-10.0,ROBUST,False
66233,0.2715005633365417,0.0,12.464123775638376,LOW_RISK,NO_ACTION,0.0,ROBUST,False
66236,0.44792494632556923,0.0,10.085850775128717,WATCH,MONITOR,-10.0,ROBUST,False
66257,0.279582174991295,0.0,5.264605452062501,LOW_RISK,NO_ACTION,0.0,ROBUST,False
66264,0.49169931148079415,0.0,12.036001742114703,WATCH,MONITOR,-10.0,ROBUST,False
66277,0.48393375255955073,0.0,8.804024902413179,WATCH,MONITOR,-10.0,ROBUST,False
66278,0.23165468222243213,0.0,8.43957753606697,LOW_RISK,NO_ACTION,0.0,ROBUST,False
66307,0.4543694681667213,0.0,12.835784083335554,WATCH,MONITOR,-10.0,ROBUST,False
66323,0.4390445496862597,0.0,9.515543058145953,WATCH,MONITOR,-10.0,ROBUST,False
66333,0.18427215893102514,0.0,7.960334100298206,LOW_RISK,NO_ACTION,0.0,ROBUST,False
66349,0.3497161603133079,0.0,8.946505025998682,WATCH,MONITOR,-10.0,ROBUST,False
66352,0.12907292623592595,0.0,6.063110562560427,LOW_RISK,NO_ACTION,0.0,ROBUST,False
66355,0.4346842882333847,0.0,11.1154434073529,WATCH,MONITOR,-10.0,ROBUST,False
66371,0.16981835340139861,0.0,12.614561710202866,LOW_RISK,NO_ACTION,0.0,ROBUST,False
66373,0.12832588055430583,0.0,11.2210881045883,LOW_RISK,NO_ACTION,0.0,ROBUST,False
66374,0.2600876382155245,0.0,12.698085412015999,LOW_RISK,NO_ACTION,0.0,ROBUST,False
66383,0.3307688554398574,0.0,7.091950080157772,WATCH,MONITOR,-10.0,ROBUST,False
66420,0.4419667834239084,0.0,11.874069408039936,WATCH,MONITOR,-10.0,ROBUST,False
66431,0.4896970102086946,0.0,9.68819435639156,WATCH,MONITOR,-10.0,ROBUST,False
66438,0.27579700502794546,0.0,8.946505025998682,LOW_RISK,NO_ACTION,0.0,ROBUST,False
66448,0.12417876919410809,0.0,11.06665398721974,LOW_RISK,NO_ACTION,0.0,ROBUST,False
66449,0.3996462316103483,0.0,13.424090356776695,WATCH,MONITOR,-10.0,ROBUST,False
66500,0.326069302489575,0.0,7.056959459313264,WATCH,MONITOR,-10.0,ROBUST,False
66508,0.2791565379377853,0.0,8.048468743668883,LOW_RISK,NO_ACTION,0.0,ROBUST,False
66522,0.22370755151687588,0.0,7.676640530933254,LOW_RISK,NO_ACTION,0.0,ROBUST,False
66578,0.3009594111374143,0.0,7.0825485693553,WATCH,MONITOR,-10.0,ROBUST,False
66585,0.8118738487665786,5.479027029798969,12.513502196698656,HIGH_RISK,TRANSPORT_MODE_REVIEW,350.03754050659006,ROBUST,True
66609,0.4028047470989441,0.0,9.948537397089837,WATCH,MONITOR,-10.0,ROBUST,False
66626,0.3175574785970564,0.0,8.000684784514748,WATCH,MONITOR,-10.0,ROBUST,False
66641,0.45073910966164477,0.0,11.00224149783713,WATCH,MONITOR,-10.0,ROBUST,False
66663,0.3174175658597769,0.0,12.506606775345757,WATCH,MONITOR,-10.0,ROBUST,False
66669,0.19530496533597203,0.0,12.499442387480515,LOW_RISK,NO_ACTION,0.0,ROBUST,False
66680,0.4404367528928578,0.0,10.125069885783383,WATCH,MONITOR,-10.0,ROBUST,False
66690,0.3228876179720176,0.0,12.701284729906394,WATCH,MONITOR,-10.0,ROBUST,False
66713,0.1827364152574245,0.0,9.256078263650036,LOW_RISK,NO_ACTION,0.0,ROBUST,False
66762,0.34940312398248885,0.0,12.388398368982115,WATCH,MONITOR,-10.0,ROBUST,False
66768,0.24308670597697102,0.0,8.765458531504226,LOW_RISK,NO_ACTION,0.0,ROBUST,False
66782,0.43776224491682636,0.0,8.188966863648876,WATCH,MONITOR,-10.0,ROBUST,False
66792,0.28131989545861713,0.0,11.529455094790238,LOW_RISK,NO_ACTION,0.0,ROBUST,False
66809,0.39057654324296676,0.0,8.978975619002897,WATCH,MONITOR,-10.0,ROBUST,False
66811,0.13821448305449488,0.0,9.967916692691817,LOW_RISK,NO_ACTION,0.0,ROBUST,False
66840,0.2584097385209385,0.0,10.142858720954989,LOW_RISK,NO_ACTION,0.0,ROBUST,False
66891,0.4932965745889595,0.0,11.500026631552442,WATCH,MONITOR,-10.0,ROBUST,False
66925,0.42338411579085933,0.0,6.8679744089702925,WATCH,MONITOR,-10.0,ROBUST,False
66946,0.16397632094677145,0.0,6.63200177739563,LOW_RISK,NO_ACTION,0.0,ROBUST,False
66967,0.21110561979090203,0.0,13.563324385539115,LOW_RISK,NO_ACTION,0.0,ROBUST,False
66992,0.23192632354254444,0.0,6.293419278846481,LOW_RISK,NO_ACTION,0.0,ROBUST,False
67011,0.3601462241981783,0.0,12.29119161638162,WATCH,MONITOR,-10.0,ROBUST,False
67022,0.4027979037958622,0.0,7.83241092718792,WATCH,MONITOR,-10.0,ROBUST,False
67023,0.399810643523164,0.0,9.405845475986435,WATCH,MONITOR,-10.0,ROBUST,False
67043,0.30394962252256114,0.0,13.627696746312925,WATCH,MONITOR,-10.0,ROBUST,False
67057,0.42432821513526053,0.0,11.926894313569614,WATCH,MONITOR,-10.0,ROBUST,False
67069,0.27483123310299007,0.0,8.11573604070561,LOW_RISK,NO_ACTION,0.0,ROBUST,False
67077,0.14955222611822477,0.0,8.200013648175434,LOW_RISK,NO_ACTION,0.0,ROBUST,False
67090,0.3257767366615253,0.0,11.402844938678452,WATCH,MONITOR,-10.0,ROBUST,False
67091,0.48092055384044274,0.0,8.776630098427717,WATCH,MONITOR,-10.0,ROBUST,False
67134,0.4171974605570046,0.0,7.285156932924998,WATCH,MONITOR,-10.0,ROBUST,False
67142,0.33148025907689693,0.0,12.825911764691698,WATCH,MONITOR,-10.0,ROBUST,False
67150,0.3587222641396388,0.0,9.680406499268875,WATCH,MONITOR,-10.0,ROBUST,False
67153,0.47222481081422907,0.0,14.107829662744733,WATCH,MONITOR,-10.0,ROBUST,False
67159,0.27133711777398417,0.0,8.571870752706934,LOW_RISK,NO_ACTION,0.0,ROBUST,False
67191,0.23255765557705496,0.0,7.431797181710744,LOW_RISK,NO_ACTION,0.0,ROBUST,False
67194,0.4908966260001796,0.0,12.181522747755558,WATCH,MONITOR,-10.0,ROBUST,False
67195,0.44537725340413337,0.0,6.942098733004593,WATCH,MONITOR,-10.0,ROBUST,False
67199,0.22921743384744098,0.0,11.214532906153606,LOW_RISK,NO_ACTION,0.0,ROBUST,False
67203,0.28551223894436917,0.0,6.012100160708053,LOW_RISK,NO_ACTION,0.0,ROBUST,False
67225,0.26603125160311963,0.0,6.3578422665081,LOW_RISK,NO_ACTION,0.0,ROBUST,False
67244,0.15963827146857357,0.0,11.201046323792598,LOW_RISK,NO_ACTION,0.0,ROBUST,False
67248,0.4831277295253037,0.0,4.242189689486082,WATCH,MONITOR,-10.0,ROBUST,False
67263,0.657182949922335,6.868815533444611,12.206077645517674,HIGH_RISK,HUMAN_REVIEW,-50.0,ROBUST,True
67300,0.45013163305516324,0.0,9.649449776450496,WATCH,MONITOR,-10.0,ROBUST,False
67308,0.17574249107226603,0.0,8.246559630365406,LOW_RISK,NO_ACTION,0.0,ROBUST,False
67321,0.3191483242548879,0.0,9.276221741089696,WATCH,MONITOR,-10.0,ROBUST,False
67372,0.10958455404970793,0.0,5.081404364984463,LOW_RISK,NO_ACTION,0.0,ROBUST,False
67389,0.4056881935369234,0.0,10.594016308011206,WATCH,MONITOR,-10.0,ROBUST,False
67448,0.33236555929851136,0.0,7.405653705421389,WATCH,MONITOR,-10.0,ROBUST,False
67449,0.3502358333879011,0.0,5.262690188904886,WATCH,MONITOR,-10.0,ROBUST,False
67476,0.12068835302186139,0.0,12.082972373394337,LOW_RISK,NO_ACTION,0.0,ROBUST,False
67501,0.18441533208344618,0.0,13.09629410765618,LOW_RISK,NO_ACTION,0.0,ROBUST,False
67509,0.12973234894143207,0.0,12.471575441190437,LOW_RISK,NO_ACTION,0.0,ROBUST,False
67526,0.2155657263215247,0.0,5.604256755270649,LOW_RISK,NO_ACTION,0.0,ROBUST,False
67541,0.35097560307286046,0.0,12.241683196035094,WATCH,MONITOR,-10.0,ROBUST,False
67551,0.3264743937269501,0.0,7.967973179662935,WATCH,MONITOR,-10.0,ROBUST,False
67562,0.3448599286453561,0.0,12.501582810856553,WATCH,MONITOR,-10.0,ROBUST,False
67597,0.3197005085511577,0.0,9.954228194239311,WATCH,MONITOR,-10.0,ROBUST,False
67600,0.20921151827034376,0.0,13.612415927142996,LOW_RISK,NO_ACTION,0.0,ROBUST,False
67614,0.1978029989377701,0.0,8.988570876215118,LOW_RISK,NO_ACTION,0.0,ROBUST,False
67634,0.15482387341463252,0.0,7.064613718089559,LOW_RISK,NO_ACTION,0.0,ROBUST,False
67654,0.4396283499613969,0.0,5.809102989514006,WATCH,MONITOR,-10.0,ROBUST,False
67661,0.3465917434164978,0.0,6.2422232654551655,WATCH,MONITOR,-10.0,ROBUST,False
67666,0.1746044050016239,0.0,5.325592008682918,LOW_RISK,NO_ACTION,0.0,ROBUST,False
67703,0.1708837519284958,0.0,9.93066488054092,LOW_RISK,NO_ACTION,0.0,ROBUST,False
67717,0.4492142406104547,0.0,10.312499695804,WATCH,MONITOR,-10.0,ROBUST,False
67720,0.3970923455053278,0.0,5.5254529391317835,WATCH,MONITOR,-10.0,ROBUST,False
67739,0.36375963196214856,0.0,9.618449980309256,WATCH,MONITOR,-10.0,ROBUST,False
67753,0.2627456430157199,0.0,10.026457114879811,LOW_RISK,NO_ACTION,0.0,ROBUST,False
67769,0.20479022571140704,0.0,0.0,LOW_RISK,NO_ACTION,0.0,ROBUST,False
67776,0.4917803052451295,0.0,6.847792937809454,WATCH,MONITOR,-10.0,ROBUST,False
67806,0.4188958300091201,0.0,9.281356927765426,WATCH,MONITOR,-10.0,ROBUST,False
67854,0.2207116892545106,0.0,11.773757787382696,LOW_RISK,NO_ACTION,0.0,ROBUST,False
67864,0.43902591851139794,0.0,12.299203178902868,WATCH,MONITOR,-10.0,ROBUST,False
67868,0.40357277944587266,0.0,10.070420476013421,WATCH,MONITOR,-10.0,ROBUST,False
67917,0.21883221995119936,0.0,10.744995253686556,LOW_RISK,NO_ACTION,0.0,ROBUST,False
67925,0.27062114169665585,0.0,5.514557141545452,LOW_RISK,NO_ACTION,0.0,ROBUST,False
67980,0.17438137815641067,0.0,12.405812453305339,LOW_RISK,NO_ACTION,0.0,ROBUST,False
68007,0.14442097775124374,0.0,11.926365356462313,LOW_RISK,NO_ACTION,0.0,ROBUST,False
68050,0.38910481313587875,0.0,10.529360473235489,WATCH,MONITOR,-10.0,ROBUST,False
68096,0.20700474294154667,0.0,8.748463629942055,LOW_RISK,NO_ACTION,0.0,ROBUST,False
68110,0.4280237462985015,0.0,7.82825314842889,WATCH,MONITOR,-10.0,ROBUST,False
68116,0.4982434846057705,0.0,7.411060696748251,WATCH,MONITOR,-10.0,ROBUST,False
68117,0.13064792557185947,0.0,8.306516603557403,LOW_RISK,NO_ACTION,0.0,ROBUST,False
68126,0.6309795026625145,1.0438006385562324,11.332853376224865,HIGH_RISK,HUMAN_REVIEW,-50.0,SENSITIVE,True
68128,0.4208250237243213,0.0,6.68586094706836,WATCH,MONITOR,-10.0,ROBUST,False
68138,0.41558035861649345,0.0,12.206077645517674,WATCH,MONITOR,-10.0,ROBUST,False
68186,0.40399886333238744,0.0,8.619569258033104,WATCH,MONITOR,-10.0,ROBUST,False
68207,0.2395979741207644,0.0,8.506107976826067,LOW_RISK,NO_ACTION,0.0,ROBUST,False
68219,0.28154130227402097,0.0,10.041591599622935,LOW_RISK,NO_ACTION,0.0,ROBUST,False
68230,0.3379873429365881,0.0,11.915753766423888,WATCH,MONITOR,-10.0,ROBUST,False
68231,0.4895762334293029,0.0,10.41380954950343,WATCH,MONITOR,-10.0,ROBUST,False
68241,0.8909170898393931,1.0682054394475071,12.46930192038367,CRITICAL,HUMAN_REVIEW,-50.0,SENSITIVE,True
68268,0.46925755508674316,0.0,9.977860989450962,WATCH,MONITOR,-10.0,ROBUST,False
68281,0.20774276727219765,0.0,4.0267792427263345,LOW_RISK,NO_ACTION,0.0,ROBUST,False
68341,0.49562978618948184,0.0,13.514547806400712,WATCH,MONITOR,-10.0,ROBUST,False
68361,0.3681054747310367,0.0,10.683023416252134,WATCH,MONITOR,-10.0,ROBUST,False
68367,0.2854045921434204,0.0,13.435047419468711,LOW_RISK,NO_ACTION,0.0,ROBUST,False
68389,0.34535617122544193,0.0,3.022860940942244,WATCH,MONITOR,-10.0,ROBUST,False
68397,0.20901246761608272,0.0,9.333862463258813,LOW_RISK,NO_ACTION,0.0,ROBUST,False
68401,0.20966954300458665,0.0,8.942591637231851,LOW_RISK,NO_ACTION,0.0,ROBUST,False
68437,0.14542181753739755,0.0,8.148156439921625,LOW_RISK,NO_ACTION,0.0,ROBUST,False
68457,0.7732895263033268,89.90737951158069,12.170741538043565,HIGH_RISK,TRANSPORT_MODE_REVIEW,350.03651222461303,ROBUST,True
68462,0.23906869658756455,0.0,8.434724209384797,LOW_RISK,NO_ACTION,0.0,ROBUST,False
68481,0.40514219115854866,0.0,10.780642367661684,WATCH,MONITOR,-10.0,ROBUST,False
68482,0.343188467039265,0.0,7.117854116775538,WATCH,MONITOR,-10.0,ROBUST,False
68494,0.14103382413240834,0.0,11.731972637569852,LOW_RISK,NO_ACTION,0.0,ROBUST,False
68496,0.44089460999036445,0.0,7.084896775734549,WATCH,MONITOR,-10.0,ROBUST,False
68508,0.34054705079602654,0.0,13.081543466215237,WATCH,MONITOR,-10.0,ROBUST,False
68515,0.4843422307139119,0.0,10.206587653966265,WATCH,MONITOR,-10.0,ROBUST,False
68553,0.368074186964483,0.0,11.927971198635282,WATCH,MONITOR,-10.0,ROBUST,False
68572,0.17006994548167242,0.0,12.261038936200617,LOW_RISK,NO_ACTION,0.0,ROBUST,False
68577,0.2895133449231289,0.0,11.698583117470207,LOW_RISK,NO_ACTION,0.0,ROBUST,False
68583,0.3593990390188817,0.0,6.68586094706836,WATCH,MONITOR,-10.0,ROBUST,False
68596,0.11130588041999108,0.0,12.584293304547643,LOW_RISK,NO_ACTION,0.0,ROBUST,False
68627,0.10596410566192316,0.0,9.537057323007378,LOW_RISK,NO_ACTION,0.0,ROBUST,False
68641,0.15176120023942719,0.0,8.071115441871932,LOW_RISK,NO_ACTION,0.0,ROBUST,False
68647,0.2006657740181883,0.0,2.7669478423496954,LOW_RISK,NO_ACTION,0.0,ROBUST,False
68651,0.2718196494082702,0.0,11.681832447342321,LOW_RISK,NO_ACTION,0.0,ROBUST,False
68662,0.29497618950391535,0.0,12.556093047033574,LOW_RISK,NO_ACTION,0.0,ROBUST,False
68675,0.15521104357515872,0.0,3.9446837876676946,LOW_RISK,NO_ACTION,0.0,ROBUST,False
68680,0.36935663164633237,0.0,12.103347543007361,WATCH,MONITOR,-10.0,ROBUST,False
68735,0.33845522467861394,0.0,12.206077645517674,WATCH,MONITOR,-10.0,ROBUST,False
68752,0.2177856395364641,0.0,5.41610040220442,LOW_RISK,NO_ACTION,0.0,ROBUST,False
68779,0.1054639533741168,0.0,11.45195603371385,LOW_RISK,NO_ACTION,0.0,ROBUST,False
68785,0.1310591661413163,0.0,10.804644341825567,LOW_RISK,NO_ACTION,0.0,ROBUST,False
68820,0.2566779102043358,0.0,12.875507293064828,LOW_RISK,NO_ACTION,0.0,ROBUST,False
68846,0.16158974046627358,0.0,9.218407743053941,LOW_RISK,NO_ACTION,0.0,ROBUST,False
68872,0.25072784245918833,0.0,10.254003569159277,LOW_RISK,NO_ACTION,0.0,ROBUST,False
68875,0.3512730418041421,0.0,8.845843487696246,WATCH,MONITOR,-10.0,ROBUST,False
68878,0.3188949711517134,0.0,9.734832186505988,WATCH,MONITOR,-10.0,ROBUST,False
68893,0.1924703532549577,0.0,12.584438736310519,LOW_RISK,NO_ACTION,0.0,ROBUST,False
68937,0.23752899650350098,0.0,8.299522138629268,LOW_RISK,NO_ACTION,0.0,ROBUST,False
68938,0.34561247937946027,0.0,9.706925073451831,WATCH,MONITOR,-10.0,ROBUST,False
68949,0.4443420112173795,0.0,12.758810549239202,WATCH,MONITOR,-10.0,ROBUST,False
68993,0.4012853754955509,0.0,12.964964073172933,WATCH,MONITOR,-10.0,ROBUST,False
68998,0.32136001073336595,0.0,6.090042110468976,WATCH,MONITOR,-10.0,ROBUST,False
69006,0.2449171993265945,0.0,12.252197355769455,LOW_RISK,NO_ACTION,0.0,ROBUST,False
69009,0.24602051101672218,0.0,6.619059359427691,LOW_RISK,NO_ACTION,0.0,ROBUST,False
69051,0.7838387506609531,1.189148529928762,12.553276378819321,HIGH_RISK,HUMAN_REVIEW,-50.0,SENSITIVE,True
69086,0.11569743041621856,0.0,11.211564393480607,LOW_RISK,NO_ACTION,0.0,ROBUST,False
69148,0.4951930577681044,0.0,9.799759037773427,WATCH,MONITOR,-10.0,ROBUST,False
69162,0.3657501643406249,0.0,8.707978826622321,WATCH,MONITOR,-10.0,ROBUST,False
69179,0.3724550796289562,0.0,13.844098986633012,WATCH,MONITOR,-10.0,ROBUST,False
69198,0.11519913492189687,0.0,5.081404364984463,LOW_RISK,NO_ACTION,0.0,ROBUST,False
69202,0.34221170995650885,0.0,9.88947990188152,WATCH,MONITOR,-10.0,ROBUST,False
69208,0.2939112240361788,0.0,8.665840756847595,LOW_RISK,NO_ACTION,0.0,ROBUST,False
69219,0.1423115627576268,0.0,11.201046323792598,LOW_RISK,NO_ACTION,0.0,ROBUST,False
69235,0.21116880430774365,0.0,6.74648263137589,LOW_RISK,NO_ACTION,0.0,ROBUST,False
69253,0.45612578248546054,0.0,11.331907058706665,WATCH,MONITOR,-10.0,ROBUST,False
69301,0.31999536634638115,0.0,12.519426119694613,WATCH,MONITOR,-10.0,ROBUST,False
69314,0.2653666300695635,0.0,8.621733370690162,LOW_RISK,NO_ACTION,0.0,ROBUST,False
69354,0.1290728623363244,0.0,12.03558558403028,LOW_RISK,NO_ACTION,0.0,ROBUST,False
69366,0.3856486109609223,0.0,9.210440366976517,WATCH,MONITOR,-10.0,ROBUST,False
69376,0.381140329358413,0.0,13.26975892691262,WATCH,MONITOR,-10.0,ROBUST,False
69461,0.3456174427890254,0.0,4.793142414290861,WATCH,MONITOR,-10.0,ROBUST,False
69463,0.3041050584882597,0.0,11.762396973895758,WATCH,MONITOR,-10.0,ROBUST,False
69483,0.2735137608829491,0.0,7.57314578249704,LOW_RISK,NO_ACTION,0.0,ROBUST,False
69493,0.33730843719519693,0.0,12.008602932563921,WATCH,MONITOR,-10.0,ROBUST,False
69505,0.19335818069136268,0.0,6.355499837119673,LOW_RISK,NO_ACTION,0.0,ROBUST,False
69528,0.4765036256710591,0.0,12.405812453305339,WATCH,MONITOR,-10.0,ROBUST,False
69572,0.3355178116720918,0.0,11.839397869513109,WATCH,MONITOR,-10.0,ROBUST,False
69591,0.22447697774175063,0.0,11.506941597291068,LOW_RISK,NO_ACTION,0.0,ROBUST,False
69606,0.27987194035406293,0.0,6.175867270105761,LOW_RISK,NO_ACTION,0.0,ROBUST,False
69630,0.422273915550757,0.0,6.3649400676750325,WATCH,MONITOR,-10.0,ROBUST,False
69647,0.16464642429211898,0.0,8.851520271691061,LOW_RISK,NO_ACTION,0.0,ROBUST,False
69657,0.21713424898410416,0.0,8.831857935197906,LOW_RISK,NO_ACTION,0.0,ROBUST,False
69659,0.37180320909462217,0.0,8.330429784194779,WATCH,MONITOR,-10.0,ROBUST,False
69667,0.22619568259288958,0.0,7.894858559060217,LOW_RISK,NO_ACTION,0.0,ROBUST,False
69683,0.4170006727445864,0.0,12.206077645517674,WATCH,MONITOR,-10.0,ROBUST,False
69701,0.15218139487094434,0.0,7.409136443920128,LOW_RISK,NO_ACTION,0.0,ROBUST,False
69754,0.40507446818184345,0.0,11.926365356462313,WATCH,MONITOR,-10.0,ROBUST,False
69767,0.12734068594022652,0.0,12.423041170552292,LOW_RISK,NO_ACTION,0.0,ROBUST,False
69783,0.10503704506699792,0.0,8.967223678829017,LOW_RISK,NO_ACTION,0.0,ROBUST,False
69790,0.45928940753286485,0.0,10.667978173164208,WATCH,MONITOR,-10.0,ROBUST,False
69871,0.33253568677291945,0.0,11.608608302601727,WATCH,MONITOR,-10.0,ROBUST,False
69875,0.7209631899551469,41.7971720654387,12.912372844641727,HIGH_RISK,HUMAN_REVIEW,-50.0,ROBUST,True
69881,0.19303785478554017,0.0,7.955425088912672,LOW_RISK,NO_ACTION,0.0,ROBUST,False
69898,0.3467543133043265,0.0,7.890208213109961,WATCH,MONITOR,-10.0,ROBUST,False
69900,0.3036008734146953,0.0,12.372946329306695,WATCH,MONITOR,-10.0,ROBUST,False
69903,0.49663911021199414,0.0,10.059944998303301,WATCH,MONITOR,-10.0,ROBUST,False
69908,0.4932863946614984,0.0,13.274150998835607,WATCH,MONITOR,-10.0,ROBUST,False
69922,0.3540098264566439,0.0,7.80994708647679,WATCH,MONITOR,-10.0,ROBUST,False
69925,0.2771482024423562,0.0,12.63160505178845,LOW_RISK,NO_ACTION,0.0,ROBUST,False
69952,0.29645638765386484,0.0,10.09897127341997,LOW_RISK,NO_ACTION,0.0,ROBUST,False
69968,0.3729916264947448,0.0,5.914826453818583,WATCH,MONITOR,-10.0,ROBUST,False
70029,0.14062981769415256,0.0,11.258892201146184,LOW_RISK,NO_ACTION,0.0,ROBUST,False
70041,0.23134082952428728,0.0,11.87757552297847,LOW_RISK,NO_ACTION,0.0,ROBUST,False
70044,0.13010889640144155,0.0,12.206077645517674,LOW_RISK,NO_ACTION,0.0,ROBUST,False
70131,0.12934430380676784,0.0,9.495949296941989,LOW_RISK,NO_ACTION,0.0,ROBUST,False
70138,0.1783356967576935,0.0,7.535040396242211,LOW_RISK,NO_ACTION,0.0,ROBUST,False
70144,0.2941013018372908,0.0,7.02197642307216,LOW_RISK,NO_ACTION,0.0,ROBUST,False
70162,0.41390972846511576,0.0,11.528808656597766,WATCH,MONITOR,-10.0,ROBUST,False
70184,0.29419835646634906,0.0,12.949321035226301,LOW_RISK,NO_ACTION,0.0,ROBUST,False
70207,0.2341906442243479,0.0,11.681982350380672,LOW_RISK,NO_ACTION,0.0,ROBUST,False
70210,0.13294119613470326,0.0,10.467522134633262,LOW_RISK,NO_ACTION,0.0,ROBUST,False
70211,0.32011820927325185,0.0,4.970160461530537,WATCH,MONITOR,-10.0,ROBUST,False
70212,0.2085074345932707,0.0,6.329720905522696,LOW_RISK,NO_ACTION,0.0,ROBUST,False
70219,0.34597367116685895,0.0,13.133520900100207,WATCH,MONITOR,-10.0,ROBUST,False
70230,0.4908750956529674,0.0,12.782548359911413,WATCH,MONITOR,-10.0,ROBUST,False
70236,0.1445257285910201,0.0,10.634753396908302,LOW_RISK,NO_ACTION,0.0,ROBUST,False
70259,0.18485015948877598,0.0,11.037994516400062,LOW_RISK,NO_ACTION,0.0,ROBUST,False
70260,0.2892378152397499,0.0,7.383013826925769,LOW_RISK,NO_ACTION,0.0,ROBUST,False
70299,0.8185112563018938,50.1150849008208,13.359495210913419,HIGH_RISK,TRANSPORT_MODE_REVIEW,350.0400784856329,ROBUST,True
70309,0.4087239105079983,0.0,11.76478085801442,WATCH,MONITOR,-10.0,ROBUST,False
70329,0.4592916772651321,0.0,5.217595261469674,WATCH,MONITOR,-10.0,ROBUST,False
70356,0.8416290129137938,13.95462033328849,13.86281617311686,HIGH_RISK,TRANSPORT_MODE_REVIEW,350.0415884485194,ROBUST,True
70366,0.4968153895114379,0.0,12.108685810970181,WATCH,MONITOR,-10.0,ROBUST,False
70368,0.14113312642566297,0.0,7.221872347630996,LOW_RISK,NO_ACTION,0.0,ROBUST,False
70374,0.12118916241844034,0.0,10.848058599832818,LOW_RISK,NO_ACTION,0.0,ROBUST,False
70404,0.44224105082161125,0.0,10.74877109984193,WATCH,MONITOR,-10.0,ROBUST,False
70461,0.4709059480827945,0.0,11.03181397118763,WATCH,MONITOR,-10.0,ROBUST,False
70471,0.13623414301844072,0.0,12.678077396196194,LOW_RISK,NO_ACTION,0.0,ROBUST,False
70486,0.1453709706983366,0.0,12.500474787649717,LOW_RISK,NO_ACTION,0.0,ROBUST,False
70505,0.11326966310230953,0.0,12.221211867012958,LOW_RISK,NO_ACTION,0.0,ROBUST,False
70508,0.14180302505708964,0.0,13.227504547007568,LOW_RISK,NO_ACTION,0.0,ROBUST,False
70511,0.18376792672011236,0.0,9.115809888129949,LOW_RISK,NO_ACTION,0.0,ROBUST,False
70516,0.4880306475640004,0.0,12.552017729862133,WATCH,MONITOR,-10.0,ROBUST,False
70526,0.36714408889587224,0.0,9.294543643258256,WATCH,MONITOR,-10.0,ROBUST,False
70531,0.41142121020741684,0.0,10.457832330215615,WATCH,MONITOR,-10.0,ROBUST,False
70553,0.4104557614766089,0.0,9.141997289330728,WATCH,MONITOR,-10.0,ROBUST,False
70554,0.3140294999116858,0.0,10.300618023854234,WATCH,MONITOR,-10.0,ROBUST,False
70559,0.4189955910852069,0.0,11.674202123168433,WATCH,MONITOR,-10.0,ROBUST,False
70573,0.3383230129559879,0.0,4.159039321153912,WATCH,MONITOR,-10.0,ROBUST,False
70577,0.22581843904134305,0.0,11.15826919642032,LOW_RISK,NO_ACTION,0.0,ROBUST,False
70582,0.32444404350736034,0.0,8.407601514786142,WATCH,MONITOR,-10.0,ROBUST,False
70614,0.31340343445380536,0.0,12.399997456775143,WATCH,MONITOR,-10.0,ROBUST,False
70619,0.42938122150372826,0.0,10.968756754247757,WATCH,MONITOR,-10.0,ROBUST,False
70714,0.4926908869526636,0.0,13.20484618254023,WATCH,MONITOR,-10.0,ROBUST,False
70733,0.26441702616837226,0.0,10.627944428813112,LOW_RISK,NO_ACTION,0.0,ROBUST,False
70750,0.40535627137654384,0.0,9.575052927597383,WATCH,MONITOR,-10.0,ROBUST,False
70763,0.13990520161525344,0.0,11.083695189061785,LOW_RISK,NO_ACTION,0.0,ROBUST,False
70788,0.41073254777931545,0.0,12.559545969749749,WATCH,MONITOR,-10.0,ROBUST,False
70795,0.798515604793187,6.866084275653234,12.846123987041999,HIGH_RISK,TRANSPORT_MODE_REVIEW,350.03853837196095,ROBUST,True
70797,0.11575606515587467,0.0,5.90805576388667,LOW_RISK,NO_ACTION,0.0,ROBUST,False
70812,0.2452984714248709,0.0,7.860798295329315,LOW_RISK,NO_ACTION,0.0,ROBUST,False
70813,0.3442571003686579,0.0,6.74664711858738,WATCH,MONITOR,-10.0,ROBUST,False
70823,0.14770006707258665,0.0,7.744764679928573,LOW_RISK,NO_ACTION,0.0,ROBUST,False
70844,0.4696137969721018,0.0,10.346601626429049,WATCH,MONITOR,-10.0,ROBUST,False
70912,0.13106896530913545,0.0,11.897194174934723,LOW_RISK,NO_ACTION,0.0,ROBUST,False
70978,0.4720026879332665,0.0,6.234489154015341,WATCH,MONITOR,-10.0,ROBUST,False
70979,0.38285500717427456,0.0,11.783162503816522,WATCH,MONITOR,-10.0,ROBUST,False
70981,0.23188487016568146,0.0,12.468440756144114,LOW_RISK,NO_ACTION,0.0,ROBUST,False
70991,0.2563001390836373,0.0,12.984654126815128,LOW_RISK,NO_ACTION,0.0,ROBUST,False
71001,0.3963237458930977,0.0,10.238431836718036,WATCH,MONITOR,-10.0,ROBUST,False
71009,0.3405884403524829,0.0,6.46302945692067,WATCH,MONITOR,-10.0,ROBUST,False
71012,0.36865716858197806,0.0,6.329720905522696,WATCH,MONITOR,-10.0,ROBUST,False
71016,0.25566584660539204,0.0,11.005295396640674,LOW_RISK,NO_ACTION,0.0,ROBUST,False
71045,0.7178685326679537,5.94130326609558,5.993961427306569,HIGH_RISK,TRANSPORT_MODE_REVIEW,350.0179818842819,ROBUST,True
71060,0.49594699361515737,0.0,9.380192845187514,WATCH,MONITOR,-10.0,ROBUST,False
71064,0.1855691481998871,0.0,12.183095429555383,LOW_RISK,NO_ACTION,0.0,ROBUST,False
71076,0.26714247460885254,0.0,5.541028223354775,LOW_RISK,NO_ACTION,0.0,ROBUST,False
71096,0.836211587444782,46.25666287243085,11.003124982234237,HIGH_RISK,TRANSPORT_MODE_REVIEW,350.03300937494623,ROBUST,True
71111,0.4060446041759399,0.0,12.513377181990881,WATCH,MONITOR,-10.0,ROBUST,False
71116,0.40560505026628835,0.0,10.847032685986118,WATCH,MONITOR,-10.0,ROBUST,False
71150,0.21697818439895836,0.0,9.360452048858853,LOW_RISK,NO_ACTION,0.0,ROBUST,False
71167,0.13255612665319316,0.0,11.000168978287642,LOW_RISK,NO_ACTION,0.0,ROBUST,False
71180,0.10457307066888162,0.0,11.81694755916577,LOW_RISK,NO_ACTION,0.0,ROBUST,False
71219,0.2709802132969942,0.0,9.249657234353133,LOW_RISK,NO_ACTION,0.0,ROBUST,False
71237,0.26413503773430835,0.0,10.061524954975953,LOW_RISK,NO_ACTION,0.0,ROBUST,False
71241,0.49535595145594524,0.0,5.5254529391317835,WATCH,MONITOR,-10.0,ROBUST,False
71245,0.2879208302790719,0.0,11.674202123168433,LOW_RISK,NO_ACTION,0.0,ROBUST,False
71263,0.20256734783016828,0.0,10.056079875899302,LOW_RISK,NO_ACTION,0.0,ROBUST,False
71284,0.456491776412587,0.0,10.361481857656132,WATCH,MONITOR,-10.0,ROBUST,False
71293,0.2964271798614314,0.0,8.897354166660282,LOW_RISK,NO_ACTION,0.0,ROBUST,False
71308,0.3396702540842311,0.0,5.5254529391317835,WATCH,MONITOR,-10.0,ROBUST,False
71309,0.1382674841712851,0.0,7.89989532313973,LOW_RISK,NO_ACTION,0.0,ROBUST,False
71316,0.25316656293190964,0.0,12.624786269856633,LOW_RISK,NO_ACTION,0.0,ROBUST,False
71320,0.47768946978951476,0.0,7.787796878181171,WATCH,MONITOR,-10.0,ROBUST,False
71323,0.3358021536701702,0.0,13.375738126210944,WATCH,MONITOR,-10.0,ROBUST,False
71382,0.6678237213031688,1.1536416091792845,12.405812453305339,HIGH_RISK,TRANSPORT_MODE_REVIEW,73.06055323833448,SENSITIVE,True
71386,0.3502668722526373,0.0,13.244848231059052,WATCH,MONITOR,-10.0,ROBUST,False
71388,0.8791195260507977,14.007120589549993,6.501289670540389,CRITICAL,HUMAN_REVIEW,-50.0,ROBUST,True
71391,0.20959624018903603,0.0,9.496496280431916,LOW_RISK,NO_ACTION,0.0,ROBUST,False
71402,0.3020466873882698,0.0,10.251401228406259,WATCH,MONITOR,-10.0,ROBUST,False
71411,0.48347626156470214,0.0,12.100717685412471,WATCH,MONITOR,-10.0,ROBUST,False
71439,0.16895845731938108,0.0,12.917363627314389,LOW_RISK,NO_ACTION,0.0,ROBUST,False
71469,0.3878655702386846,0.0,7.810855395948351,WATCH,MONITOR,-10.0,ROBUST,False
71477,0.345792403281193,0.0,12.021674935019831,WATCH,MONITOR,-10.0,ROBUST,False
71487,0.37187005245625393,0.0,12.279750525207385,WATCH,MONITOR,-10.0,ROBUST,False
71516,0.24048785226702787,0.0,6.062016203058927,LOW_RISK,NO_ACTION,0.0,ROBUST,False
71518,0.22555174939350597,0.0,10.493984430379925,LOW_RISK,NO_ACTION,0.0,ROBUST,False
71532,0.37368386823534816,0.0,5.746203190540153,WATCH,MONITOR,-10.0,ROBUST,False
71536,0.18621731404181815,0.0,12.296776779226652,LOW_RISK,NO_ACTION,0.0,ROBUST,False
71554,0.26786189794360205,0.0,9.894703586215316,LOW_RISK,NO_ACTION,0.0,ROBUST,False
71574,0.1752698584211672,0.0,6.825460036255307,LOW_RISK,NO_ACTION,0.0,ROBUST,False
71594,0.10332193644933191,0.0,6.762729506931879,LOW_RISK,NO_ACTION,0.0,ROBUST,False
71606,0.48802294401522783,0.0,3.9537405987800147,WATCH,MONITOR,-10.0,ROBUST,False
71655,0.27268119146256764,0.0,9.489259158757807,LOW_RISK,NO_ACTION,0.0,ROBUST,False
71672,0.48773984576793017,0.0,12.919024904363686,WATCH,MONITOR,-10.0,ROBUST,False
71712,0.15612940790713045,0.0,13.25304245604616,LOW_RISK,NO_ACTION,0.0,ROBUST,False
71753,0.3349467117829944,0.0,4.932529598092634,WATCH,MONITOR,-10.0,ROBUST,False
71767,0.18038961311649584,0.0,10.08334774933398,LOW_RISK,NO_ACTION,0.0,ROBUST,False
71773,0.41602965078530996,0.0,6.68586094706836,WATCH,MONITOR,-10.0,ROBUST,False
71784,0.4134811955043901,0.0,8.65277248565806,WATCH,MONITOR,-10.0,ROBUST,False
71809,0.14504285961572472,0.0,8.661669222386553,LOW_RISK,NO_ACTION,0.0,ROBUST,False
71840,0.46482578115055573,0.0,11.09317378810361,WATCH,MONITOR,-10.0,ROBUST,False
71878,0.17785185888128985,0.0,8.017637159908478,LOW_RISK,NO_ACTION,0.0,ROBUST,False
71893,0.3451909366357442,0.0,11.137485846304699,WATCH,MONITOR,-10.0,ROBUST,False
71909,0.49425344803508164,0.0,10.214678610538817,WATCH,MONITOR,-10.0,ROBUST,False
71917,0.45295861390654557,0.0,11.201046323792598,WATCH,MONITOR,-10.0,ROBUST,False
71920,0.4826255714244676,0.0,8.406708458240965,WATCH,MONITOR,-10.0,ROBUST,False
71936,0.23703950848724778,0.0,6.601230118728877,LOW_RISK,NO_ACTION,0.0,ROBUST,False
71956,0.14223025688778534,0.0,12.606327537337108,LOW_RISK,NO_ACTION,0.0,ROBUST,False
71965,0.17533874931578006,0.0,11.425197467633199,LOW_RISK,NO_ACTION,0.0,ROBUST,False
71971,0.30019795803064553,0.0,9.162579777617813,WATCH,MONITOR,-10.0,ROBUST,False
72047,0.4172918713093289,0.0,2.8752581200861167,WATCH,MONITOR,-10.0,ROBUST,False
72049,0.1600614576735501,0.0,10.87570482869929,LOW_RISK,NO_ACTION,0.0,ROBUST,False
72066,0.36389261290430286,0.0,7.497861473915559,WATCH,MONITOR,-10.0,ROBUST,False
72085,0.22943104161580474,0.0,11.194397856122801,LOW_RISK,NO_ACTION,0.0,ROBUST,False
72088,0.2364808289568614,0.0,5.787909139305635,LOW_RISK,NO_ACTION,0.0,ROBUST,False
72142,0.3647670920631706,0.0,9.404611085721276,WATCH,MONITOR,-10.0,ROBUST,False
72150,0.2867997678132881,0.0,9.609787407758784,LOW_RISK,NO_ACTION,0.0,ROBUST,False
72158,0.4248133172103976,0.0,12.462125496400713,WATCH,MONITOR,-10.0,ROBUST,False
72193,0.16236740386513082,0.0,12.576993236684086,LOW_RISK,NO_ACTION,0.0,ROBUST,False
72239,0.8213852842192777,5.759893485746257,4.795790545596741,HIGH_RISK,HUMAN_REVIEW,-50.0,ROBUST,True
72240,0.12569409922296837,0.0,11.726463026139204,LOW_RISK,NO_ACTION,0.0,ROBUST,False
72241,0.177621552098242,0.0,11.897194174934723,LOW_RISK,NO_ACTION,0.0,ROBUST,False
72256,0.3624598858012662,0.0,10.032364379457015,WATCH,MONITOR,-10.0,ROBUST,False
72263,0.4419702626044285,0.0,12.491442922841571,WATCH,MONITOR,-10.0,ROBUST,False
72281,0.20107185109573963,0.0,9.259225769705994,LOW_RISK,NO_ACTION,0.0,ROBUST,False
72291,0.23087664233156519,0.0,10.616278033974984,LOW_RISK,NO_ACTION,0.0,ROBUST,False
72293,0.314848299314696,0.0,12.292254928916668,WATCH,MONITOR,-10.0,ROBUST,False
72300,0.18462912259572095,0.0,7.928982436600702,LOW_RISK,NO_ACTION,0.0,ROBUST,False
72336,0.8381454311724119,0.8604400636698395,12.806010188601277,HIGH_RISK,SUPPLIER_ESCALATION,29.077028354697944,SENSITIVE,True
72377,0.4094546580023043,0.0,11.472113887062386,WATCH,MONITOR,-10.0,ROBUST,False
72420,0.15811668478631266,0.0,11.888682973100348,LOW_RISK,NO_ACTION,0.0,ROBUST,False
72424,0.28553189272665286,0.0,12.28396380952345,LOW_RISK,NO_ACTION,0.0,ROBUST,False
72425,0.4099311066618486,0.0,4.117735515012677,WATCH,MONITOR,-10.0,ROBUST,False
72426,0.23493181244136593,0.0,9.690603690159534,LOW_RISK,NO_ACTION,0.0,ROBUST,False
72445,0.35324272908709264,0.0,10.214678610538817,WATCH,MONITOR,-10.0,ROBUST,False
72454,0.1200852485830291,0.0,13.187319311413026,LOW_RISK,NO_ACTION,0.0,ROBUST,False
72467,0.34347550421172723,0.0,5.148946909893768,WATCH,MONITOR,-10.0,ROBUST,False
72485,0.16106119200024283,0.0,12.968934770153243,LOW_RISK,NO_ACTION,0.0,ROBUST,False
72492,0.4322333300457806,0.0,11.853624470490573,WATCH,MONITOR,-10.0,ROBUST,False
72535,0.2421797854321914,0.0,11.87757552297847,LOW_RISK,NO_ACTION,0.0,ROBUST,False
72538,0.21262154509127829,0.0,13.081543466215237,LOW_RISK,NO_ACTION,0.0,ROBUST,False
72546,0.43635559068459406,0.0,12.410188553970185,WATCH,MONITOR,-10.0,ROBUST,False
72557,0.8067262961244689,4.073025802549704,12.399008504118939,HIGH_RISK,TRANSPORT_MODE_REVIEW,350.03719702551246,ROBUST,True
72572,0.2586435197337379,0.0,6.133398042996649,LOW_RISK,NO_ACTION,0.0,ROBUST,False
72586,0.24800141623001257,0.0,13.354365178319478,LOW_RISK,NO_ACTION,0.0,ROBUST,False
72597,0.21392014969982034,0.0,5.645906156125512,LOW_RISK,NO_ACTION,0.0,ROBUST,False
72625,0.4647017328005908,0.0,7.949204447916872,WATCH,MONITOR,-10.0,ROBUST,False
72639,0.40037135740668894,0.0,10.930192011064651,WATCH,MONITOR,-10.0,ROBUST,False
72695,0.1255692656767755,0.0,8.92976631098378,LOW_RISK,NO_ACTION,0.0,ROBUST,False
72698,0.38587497977398166,0.0,8.815577787001153,WATCH,MONITOR,-10.0,ROBUST,False
72719,0.3109196532515176,0.0,10.725489582719506,WATCH,MONITOR,-10.0,ROBUST,False
72767,0.46034715776063173,0.0,8.698681067461614,WATCH,MONITOR,-10.0,ROBUST,False
72770,0.2251782469393434,0.0,9.504203303503045,LOW_RISK,NO_ACTION,0.0,ROBUST,False
72776,0.3296647998438332,0.0,11.05407540279458,WATCH,MONITOR,-10.0,ROBUST,False
72821,0.3003021098963944,0.0,5.8888779583328805,WATCH,MONITOR,-10.0,ROBUST,False
72836,0.29582436249104227,0.0,12.382872318077434,LOW_RISK,NO_ACTION,0.0,ROBUST,False
72885,0.28244215980688503,0.0,11.750248017457707,LOW_RISK,NO_ACTION,0.0,ROBUST,False
72892,0.6377865589138074,34.18514710427695,12.062340025437702,HIGH_RISK,HUMAN_REVIEW,-50.0,ROBUST,True
72914,0.4022839689969572,0.0,11.587556386076594,WATCH,MONITOR,-10.0,ROBUST,False
72918,0.2805344130957155,0.0,5.640949165484632,LOW_RISK,NO_ACTION,0.0,ROBUST,False
72922,0.4834065100010423,0.0,0.0,WATCH,MONITOR,-10.0,ROBUST,False
72933,0.20432337087711053,0.0,10.04157940543573,LOW_RISK,NO_ACTION,0.0,ROBUST,False
72948,0.3730975358508165,0.0,6.166005916582974,WATCH,MONITOR,-10.0,ROBUST,False
72976,0.47628683185564336,0.0,12.348964467327303,WATCH,MONITOR,-10.0,ROBUST,False
72981,0.7809450360368841,16.238861093984006,12.236805030698461,HIGH_RISK,HUMAN_REVIEW,-50.0,ROBUST,True
72988,0.44850916304695787,0.0,6.9930151229329605,WATCH,MONITOR,-10.0,ROBUST,False
73003,0.4309923839028025,0.0,12.214045775484509,WATCH,MONITOR,-10.0,ROBUST,False
73018,0.24404708619560156,0.0,13.189279451172359,LOW_RISK,NO_ACTION,0.0,ROBUST,False
73056,0.34004957597579866,0.0,11.506941597291068,WATCH,MONITOR,-10.0,ROBUST,False
73059,0.16250453592454223,0.0,6.128832321400788,LOW_RISK,NO_ACTION,0.0,ROBUST,False
73079,0.6678817290009559,6.733769597432656,12.547621261223005,HIGH_RISK,TRANSPORT_MODE_REVIEW,350.03764286378373,ROBUST,True
73087,0.1921687887257349,0.0,12.585368301056434,LOW_RISK,NO_ACTION,0.0,ROBUST,False
73089,0.39749472598097824,0.0,5.1647859739235145,WATCH,MONITOR,-10.0,ROBUST,False
73095,0.31122336875684986,0.0,5.29501190953931,WATCH,MONITOR,-10.0,ROBUST,False
73115,0.26449094505266424,0.0,8.347732577018213,LOW_RISK,NO_ACTION,0.0,ROBUST,False
73122,0.20751883846679103,0.0,8.621733370690162,LOW_RISK,NO_ACTION,0.0,ROBUST,False
73145,0.49947939273651476,0.0,11.80141471156929,WATCH,MONITOR,-10.0,ROBUST,False
73152,0.1286842083539731,0.0,11.815345818419502,LOW_RISK,NO_ACTION,0.0,ROBUST,False
73176,0.11742427222896801,0.0,8.686139024056867,LOW_RISK,NO_ACTION,0.0,ROBUST,False
73177,0.18690296019754582,0.0,8.066496380299117,LOW_RISK,NO_ACTION,0.0,ROBUST,False
73211,0.48842898345112784,0.0,7.272051110052231,WATCH,MONITOR,-10.0,ROBUST,False
73220,0.49169526732799385,0.0,11.542493975902508,WATCH,MONITOR,-10.0,ROBUST,False
73239,0.3619710939088544,0.0,12.043332515098689,WATCH,MONITOR,-10.0,ROBUST,False
73261,0.4520426668825619,0.0,4.574298522321004,WATCH,MONITOR,-10.0,ROBUST,False
73275,0.18558469233631816,0.0,4.267597343922845,LOW_RISK,NO_ACTION,0.0,ROBUST,False
73287,0.48881683767064943,0.0,5.347726386805579,WATCH,MONITOR,-10.0,ROBUST,False
73301,0.15711394005582588,0.0,9.22534621897701,LOW_RISK,NO_ACTION,0.0,ROBUST,False
73314,0.14045007527266332,0.0,12.351388700444284,LOW_RISK,NO_ACTION,0.0,ROBUST,False
73326,0.14488461569890917,0.0,11.542493975902508,LOW_RISK,NO_ACTION,0.0,ROBUST,False
73335,0.32925116930902587,0.0,12.276200206346962,WATCH,MONITOR,-10.0,ROBUST,False
73348,0.41238976028722096,0.0,12.015262199856313,WATCH,MONITOR,-10.0,ROBUST,False
73360,0.24666687114985325,0.0,7.75833346749091,LOW_RISK,NO_ACTION,0.0,ROBUST,False
73373,0.4911583951144506,0.0,7.954723334497908,WATCH,MONITOR,-10.0,ROBUST,False
73379,0.27376805524733183,0.0,6.300198466256375,LOW_RISK,NO_ACTION,0.0,ROBUST,False
73403,0.16017942030928653,0.0,7.966361212627864,LOW_RISK,NO_ACTION,0.0,ROBUST,False
73507,0.2863866992744547,0.0,12.899222326086994,LOW_RISK,NO_ACTION,0.0,ROBUST,False
73567,0.371614866168976,0.0,12.276349359205614,WATCH,MONITOR,-10.0,ROBUST,False
73569,0.43289031220175145,0.0,10.547995807489514,WATCH,MONITOR,-10.0,ROBUST,False
73585,0.2835073159826372,0.0,8.240965269009573,LOW_RISK,NO_ACTION,0.0,ROBUST,False
73596,0.8671152962565798,14.79528993057363,12.414881950661231,CRITICAL,TRANSPORT_MODE_REVIEW,350.03724464585207,ROBUST,True
73607,0.20693788486354137,0.0,9.350884616968491,LOW_RISK,NO_ACTION,0.0,ROBUST,False
73661,0.35836661056220565,0.0,13.39733901393224,WATCH,MONITOR,-10.0,ROBUST,False
73665,0.49438877758013755,0.0,12.995038422083573,WATCH,MONITOR,-10.0,ROBUST,False
73675,0.11962142903511755,0.0,8.567173123721258,LOW_RISK,NO_ACTION,0.0,ROBUST,False
73724,0.45461226828206713,0.0,10.998108553267764,WATCH,MONITOR,-10.0,ROBUST,False
73726,0.32491300110700916,0.0,8.342577865206513,WATCH,MONITOR,-10.0,ROBUST,False
73727,0.20083946382492,0.0,10.372521962240313,LOW_RISK,NO_ACTION,0.0,ROBUST,False
73748,0.48195588400370315,0.0,12.601745465295794,WATCH,MONITOR,-10.0,ROBUST,False
73757,0.2933417212235596,0.0,11.153508192855876,LOW_RISK,NO_ACTION,0.0,ROBUST,False
73776,0.23267610066935426,0.0,9.234154550075438,LOW_RISK,NO_ACTION,0.0,ROBUST,False
73782,0.17259905130833647,0.0,12.982352984167811,LOW_RISK,NO_ACTION,0.0,ROBUST,False
73804,0.19778088410266484,0.0,12.036001742114703,LOW_RISK,NO_ACTION,0.0,ROBUST,False
73806,0.4331396166365771,0.0,4.206184043977636,WATCH,MONITOR,-10.0,ROBUST,False
73807,0.809349835651551,47.541663477699764,11.82923580976749,HIGH_RISK,HUMAN_REVIEW,-50.0,ROBUST,True
73818,0.46529824779532647,0.0,12.948492254903643,WATCH,MONITOR,-10.0,ROBUST,False
73843,0.19278738086311434,0.0,10.724378880625617,LOW_RISK,NO_ACTION,0.0,ROBUST,False
73861,0.1484554295395606,0.0,12.207479655227628,LOW_RISK,NO_ACTION,0.0,ROBUST,False
73867,0.102435012390236,0.0,6.68586094706836,LOW_RISK,NO_ACTION,0.0,ROBUST,False
73906,0.30314481504639756,0.0,10.765655728275728,WATCH,MONITOR,-10.0,ROBUST,False
73918,0.4993227721527953,0.0,12.205677567497125,WATCH,MONITOR,-10.0,ROBUST,False
73961,0.37798610752745565,0.0,9.761797252073057,WATCH,MONITOR,-10.0,ROBUST,False
73986,0.6815863678194596,4.221240991072231,12.508581752225124,HIGH_RISK,TRANSPORT_MODE_REVIEW,350.03752574525663,ROBUST,True
73996,0.4507434332104687,0.0,11.407576060361786,WATCH,MONITOR,-10.0,ROBUST,False
74008,0.41268890639518385,0.0,12.131354487250757,WATCH,MONITOR,-10.0,ROBUST,False
74035,0.10616606643061571,0.0,5.727108299959697,LOW_RISK,NO_ACTION,0.0,ROBUST,False
74135,0.7780384148114171,132.90787067815137,12.714222312114252,HIGH_RISK,HUMAN_REVIEW,-50.0,ROBUST,True
74156,0.2202107028953984,0.0,8.988570876215118,LOW_RISK,NO_ACTION,0.0,ROBUST,False
74178,0.15986938583344046,0.0,11.430413043395765,LOW_RISK,NO_ACTION,0.0,ROBUST,False
74183,0.19053233589482985,0.0,12.038369714047795,LOW_RISK,NO_ACTION,0.0,ROBUST,False
74260,0.2874319217500556,0.0,7.496097345175956,LOW_RISK,NO_ACTION,0.0,ROBUST,False
74268,0.26994717082720443,0.0,9.546884034617925,LOW_RISK,NO_ACTION,0.0,ROBUST,False
74273,0.2155549197496907,0.0,5.49986949161877,LOW_RISK,NO_ACTION,0.0,ROBUST,False
74288,0.1688873288828131,0.0,10.463131911491967,LOW_RISK,NO_ACTION,0.0,ROBUST,False
74320,0.4048923158568677,0.0,10.068832485122966,WATCH,MONITOR,-10.0,ROBUST,False
74329,0.4960439134939668,0.0,8.88405606174246,WATCH,MONITOR,-10.0,ROBUST,False
74333,0.4111166321678762,0.0,5.673013940984565,WATCH,MONITOR,-10.0,ROBUST,False
74337,0.2183747870686165,0.0,10.442273906189465,LOW_RISK,NO_ACTION,0.0,ROBUST,False
74343,0.19792358456485337,0.0,9.757362911053992,LOW_RISK,NO_ACTION,0.0,ROBUST,False
74357,0.7206081650664722,16.212461314704935,13.286186555999361,HIGH_RISK,HUMAN_REVIEW,-50.0,ROBUST,True
74385,0.1546780297956145,0.0,7.02197642307216,LOW_RISK,NO_ACTION,0.0,ROBUST,False
74398,0.3205322198769205,0.0,12.778363337838288,WATCH,MONITOR,-10.0,ROBUST,False
74417,0.3421601487813377,0.0,9.323953838157834,WATCH,MONITOR,-10.0,ROBUST,False
74419,0.3822010642652549,0.0,11.524863917209606,WATCH,MONITOR,-10.0,ROBUST,False
74439,0.3720853483734672,0.0,12.444766659232682,WATCH,MONITOR,-10.0,ROBUST,False
74465,0.216933324513353,0.0,7.550135342488429,LOW_RISK,NO_ACTION,0.0,ROBUST,False
74479,0.23212440215873864,0.0,9.820160289946374,LOW_RISK,NO_ACTION,0.0,ROBUST,False
74492,0.37260581417693517,0.0,13.144694178722675,WATCH,MONITOR,-10.0,ROBUST,False
74499,0.23977905631345134,0.0,8.429497944277077,LOW_RISK,NO_ACTION,0.0,ROBUST,False
74502,0.18504927584772524,0.0,7.226936018493289,LOW_RISK,NO_ACTION,0.0,ROBUST,False
74517,0.24973446147869582,0.0,11.301012365398764,LOW_RISK,NO_ACTION,0.0,ROBUST,False
74540,0.20883366303119108,0.0,9.430808347126632,LOW_RISK,NO_ACTION,0.0,ROBUST,False
74569,0.13532508848743113,0.0,8.530062031552228,LOW_RISK,NO_ACTION,0.0,ROBUST,False
74602,0.43205556091066144,0.0,12.99639417633942,WATCH,MONITOR,-10.0,ROBUST,False
74609,0.4412445556628145,0.0,4.499809670330265,WATCH,MONITOR,-10.0,ROBUST,False
74610,0.1879001200667518,0.0,11.476178489603113,LOW_RISK,NO_ACTION,0.0,ROBUST,False
74660,0.1259088798100807,0.0,8.707099246383283,LOW_RISK,NO_ACTION,0.0,ROBUST,False
74674,0.39553097494047185,0.0,8.342120498013683,WATCH,MONITOR,-10.0,ROBUST,False
74683,0.1846114503453655,0.0,8.83651926920248,LOW_RISK,NO_ACTION,0.0,ROBUST,False
74694,0.2573741957747441,0.0,3.953548752256644,LOW_RISK,NO_ACTION,0.0,ROBUST,False
74697,0.12565410089495332,0.0,8.68489506621806,LOW_RISK,NO_ACTION,0.0,ROBUST,False
74699,0.19050783390337409,0.0,12.050331868835361,LOW_RISK,NO_ACTION,0.0,ROBUST,False
74707,0.4171609113318543,0.0,8.8963143241848,WATCH,MONITOR,-10.0,ROBUST,False
74722,0.4217585787660808,0.0,4.079738409832738,WATCH,MONITOR,-10.0,ROBUST,False
74729,0.18283392995508418,0.0,11.49913075394804,LOW_RISK,NO_ACTION,0.0,ROBUST,False
74732,0.23436553804267582,0.0,9.23366619727968,LOW_RISK,NO_ACTION,0.0,ROBUST,False
74753,0.15369536763749744,0.0,3.9583339082913964,LOW_RISK,NO_ACTION,0.0,ROBUST,False
74780,0.12966905211396895,0.0,11.577429610516965,LOW_RISK,NO_ACTION,0.0,ROBUST,False
74786,0.49686868577936383,0.0,12.017336559562407,WATCH,MONITOR,-10.0,ROBUST,False
74834,0.36223758049793575,0.0,7.131498650368314,WATCH,MONITOR,-10.0,ROBUST,False
74838,0.3168386036793275,0.0,7.097135200143538,WATCH,MONITOR,-10.0,ROBUST,False
74858,0.40619940016211986,0.0,4.912654885736052,WATCH,MONITOR,-10.0,ROBUST,False
74906,0.4360308638750897,0.0,6.165837934052762,WATCH,MONITOR,-10.0,ROBUST,False
74915,0.422685907217891,0.0,12.01020069542762,WATCH,MONITOR,-10.0,ROBUST,False
74930,0.10661577971595065,0.0,12.248447034462455,LOW_RISK,NO_ACTION,0.0,ROBUST,False
74936,0.1747231592761994,0.0,13.195160167477257,LOW_RISK,NO_ACTION,0.0,ROBUST,False
74941,0.3619621208471324,0.0,4.277082698901271,WATCH,MONITOR,-10.0,ROBUST,False
74965,0.2503037391215852,0.0,9.461223596190866,LOW_RISK,NO_ACTION,0.0,ROBUST,False
74993,0.4929930604244428,0.0,6.956859679488445,WATCH,MONITOR,-10.0,ROBUST,False
75043,0.36616191705530166,0.0,8.404964700673183,WATCH,MONITOR,-10.0,ROBUST,False
75089,0.48261956349168267,0.0,7.436988439711111,WATCH,MONITOR,-10.0,ROBUST,False
75091,0.18057859265831755,0.0,10.056079875899302,LOW_RISK,NO_ACTION,0.0,ROBUST,False
75102,0.4455828112460093,0.0,9.587419722889692,WATCH,MONITOR,-10.0,ROBUST,False
75114,0.22854092232609013,0.0,12.556890771746755,LOW_RISK,NO_ACTION,0.0,ROBUST,False
75122,0.49582592329512276,0.0,10.277324385186116,WATCH,MONITOR,-10.0,ROBUST,False
75136,0.16307546882925894,0.0,8.005700678662542,LOW_RISK,NO_ACTION,0.0,ROBUST,False
75139,0.30653592753533065,0.0,8.386127328302935,WATCH,MONITOR,-10.0,ROBUST,False
75153,0.4171378135348488,0.0,11.578572746206083,WATCH,MONITOR,-10.0,ROBUST,False
75177,0.2730569922416144,0.0,4.551874888929868,LOW_RISK,NO_ACTION,0.0,ROBUST,False
75181,0.2872336240750587,0.0,5.081404364984463,LOW_RISK,NO_ACTION,0.0,ROBUST,False
75198,0.49454231820229644,0.0,12.234642609517717,WATCH,MONITOR,-10.0,ROBUST,False
75202,0.27012326012046134,0.0,8.831857935197906,LOW_RISK,NO_ACTION,0.0,ROBUST,False
75229,0.3416288402396255,0.0,11.982935344196433,WATCH,MONITOR,-10.0,ROBUST,False
75309,0.12181586427006029,0.0,8.829238065979332,LOW_RISK,NO_ACTION,0.0,ROBUST,False
75331,0.436884032084104,0.0,7.305813020161879,WATCH,MONITOR,-10.0,ROBUST,False
75336,0.3592672195918174,0.0,10.749220617841274,WATCH,MONITOR,-10.0,ROBUST,False
75345,0.2616080411451254,0.0,13.026228177364382,LOW_RISK,NO_ACTION,0.0,ROBUST,False
75352,0.1064678159818079,0.0,12.17255412393738,LOW_RISK,NO_ACTION,0.0,ROBUST,False
75373,0.33666752823740154,0.0,6.68586094706836,WATCH,MONITOR,-10.0,ROBUST,False
75422,0.7624123262722315,1.176212286672786,11.380693228077325,HIGH_RISK,SUPPLIER_ESCALATION,76.44522911212363,SENSITIVE,True
75491,0.10048144556360716,0.0,5.649150279003136,LOW_RISK,NO_ACTION,0.0,ROBUST,False
75494,0.3464394248597419,0.0,9.680406499268875,WATCH,MONITOR,-10.0,ROBUST,False
75502,0.1756068269338217,0.0,9.830041207612677,LOW_RISK,NO_ACTION,0.0,ROBUST,False
75522,0.17675501988723813,0.0,10.527179611931057,LOW_RISK,NO_ACTION,0.0,ROBUST,False
75534,0.36130862633309746,0.0,12.793862088206213,WATCH,MONITOR,-10.0,ROBUST,False
75554,0.12147887517574972,0.0,13.408830211753306,LOW_RISK,NO_ACTION,0.0,ROBUST,False
75581,0.22536222458982255,0.0,9.929900635487744,LOW_RISK,NO_ACTION,0.0,ROBUST,False
75595,0.15977276085680764,0.0,3.828641396489095,LOW_RISK,NO_ACTION,0.0,ROBUST,False
75623,0.33207054791861357,0.0,10.085850775128717,WATCH,MONITOR,-10.0,ROBUST,False
75641,0.36470606189095833,0.0,12.208565036940632,WATCH,MONITOR,-10.0,ROBUST,False
75671,0.38845434143961743,0.0,8.34147697127439,WATCH,MONITOR,-10.0,ROBUST,False
75682,0.2020924867674262,0.0,9.728193246675664,LOW_RISK,NO_ACTION,0.0,ROBUST,False
75703,0.1356999006546336,0.0,8.589885876809678,LOW_RISK,NO_ACTION,0.0,ROBUST,False
75706,0.13147346277675914,0.0,8.621365801793882,LOW_RISK,NO_ACTION,0.0,ROBUST,False
75717,0.27046061938028954,0.0,7.873217054862741,LOW_RISK,NO_ACTION,0.0,ROBUST,False
75729,0.47833776362508607,0.0,12.457997998269835,WATCH,MONITOR,-10.0,ROBUST,False
75733,0.18709161369880986,0.0,7.096307385526727,LOW_RISK,NO_ACTION,0.0,ROBUST,False
75751,0.20269664053661973,0.0,7.798523053625206,LOW_RISK,NO_ACTION,0.0,ROBUST,False
75799,0.1403555208423436,0.0,11.211393253957274,LOW_RISK,NO_ACTION,0.0,ROBUST,False
75810,0.3422281095575721,0.0,10.714439990727769,WATCH,MONITOR,-10.0,ROBUST,False
75848,0.37194914957886993,0.0,4.561009290202322,WATCH,MONITOR,-10.0,ROBUST,False
75879,0.6569808409372683,1.1586743958023482,12.206077645517674,HIGH_RISK,TRANSPORT_MODE_REVIEW,73.81530223999326,SENSITIVE,True
75882,0.44445209721791257,0.0,11.954351813249778,WATCH,MONITOR,-10.0,ROBUST,False
75912,0.2945703340104287,0.0,5.666426688112432,LOW_RISK,NO_ACTION,0.0,ROBUST,False
75913,0.15378281630682578,0.0,6.272291929761743,LOW_RISK,NO_ACTION,0.0,ROBUST,False
75925,0.21576205228176507,0.0,13.671578407345223,LOW_RISK,NO_ACTION,0.0,ROBUST,False
75970,0.3649719893685407,0.0,4.795790545596741,WATCH,MONITOR,-10.0,ROBUST,False
75980,0.34524878949662396,0.0,13.429849547739444,WATCH,MONITOR,-10.0,ROBUST,False
76004,0.31240125189718504,0.0,6.3578422665081,WATCH,MONITOR,-10.0,ROBUST,False
76063,0.37318576747547494,0.0,8.810489474652487,WATCH,MONITOR,-10.0,ROBUST,False
76069,0.35495634014931976,0.0,9.616405300156314,WATCH,MONITOR,-10.0,ROBUST,False
76071,0.45252995578598065,0.0,12.378348075215978,WATCH,MONITOR,-10.0,ROBUST,False
76073,0.33440655099131866,0.0,5.785055194784937,WATCH,MONITOR,-10.0,ROBUST,False
76087,0.41144054348022263,0.0,9.472781556562168,WATCH,MONITOR,-10.0,ROBUST,False
76097,0.19948286238658716,0.0,9.84585843969949,LOW_RISK,NO_ACTION,0.0,ROBUST,False
76112,0.37127303383562726,0.0,12.331232847303385,WATCH,MONITOR,-10.0,ROBUST,False
76113,0.46087764735307035,0.0,12.521080884114221,WATCH,MONITOR,-10.0,ROBUST,False
76135,0.25429293115993334,0.0,12.089319704144469,LOW_RISK,NO_ACTION,0.0,ROBUST,False
76136,0.41164167493545867,0.0,13.133819504669887,WATCH,MONITOR,-10.0,ROBUST,False
76142,0.38991572047817413,0.0,8.896360866565068,WATCH,MONITOR,-10.0,ROBUST,False
76144,0.123810478748729,0.0,7.169888747587542,LOW_RISK,NO_ACTION,0.0,ROBUST,False
76180,0.33260332384962893,0.0,12.677078896982241,WATCH,MONITOR,-10.0,ROBUST,False
76189,0.15207573968032095,0.0,13.231410839912778,LOW_RISK,NO_ACTION,0.0,ROBUST,False
76197,0.4869276688922365,0.0,9.575052927597383,WATCH,MONITOR,-10.0,ROBUST,False
76217,0.7017915801928702,13.597233868180979,12.341656305812064,HIGH_RISK,TRANSPORT_MODE_REVIEW,350.0370249689174,ROBUST,True
76226,0.14388952049884807,0.0,13.133453652333696,LOW_RISK,NO_ACTION,0.0,ROBUST,False
76227,0.14870079905907138,0.0,9.787009914477434,LOW_RISK,NO_ACTION,0.0,ROBUST,False
76263,0.3377895419650476,0.0,3.011605622710281,WATCH,MONITOR,-10.0,ROBUST,False
76270,0.23795566966927334,0.0,12.188834926043837,LOW_RISK,NO_ACTION,0.0,ROBUST,False
76298,0.11396234362924372,0.0,13.213170707306565,LOW_RISK,NO_ACTION,0.0,ROBUST,False
76318,0.31665660313322125,0.0,9.349546507745549,WATCH,MONITOR,-10.0,ROBUST,False
76319,0.2551380398743388,0.0,4.378269585796169,LOW_RISK,NO_ACTION,0.0,ROBUST,False
76321,0.14043059694869708,0.0,8.525359754082631,LOW_RISK,NO_ACTION,0.0,ROBUST,False
76325,0.4207681569023931,0.0,11.762757684210724,WATCH,MONITOR,-10.0,ROBUST,False
76327,0.4660307061115224,0.0,10.363472411086743,WATCH,MONITOR,-10.0,ROBUST,False
76340,0.402637573605652,0.0,12.483708170000067,WATCH,MONITOR,-10.0,ROBUST,False
76374,0.428968924006511,0.0,13.12592801652247,WATCH,MONITOR,-10.0,ROBUST,False
76409,0.18659622690644695,0.0,12.784787732251763,LOW_RISK,NO_ACTION,0.0,ROBUST,False
76442,0.2054291803674404,0.0,8.686260632531775,LOW_RISK,NO_ACTION,0.0,ROBUST,False
76459,0.6184338870392362,35.22678672242664,12.99031004619437,HIGH_RISK,TRANSPORT_MODE_REVIEW,350.03897093013893,ROBUST,True
76483,0.4060253725462256,0.0,9.356257246876337,WATCH,MONITOR,-10.0,ROBUST,False
76496,0.4791668315737988,0.0,4.531738907902208,WATCH,MONITOR,-10.0,ROBUST,False
76505,0.38673488269356104,0.0,9.18150870530748,WATCH,MONITOR,-10.0,ROBUST,False
76517,0.4525867059518224,0.0,13.042412832150372,WATCH,MONITOR,-10.0,ROBUST,False
76541,0.3554796379532691,0.0,9.680406499268875,WATCH,MONITOR,-10.0,ROBUST,False
76551,0.2550639602235196,0.0,6.833398044996035,LOW_RISK,NO_ACTION,0.0,ROBUST,False
76559,0.2703046459721221,0.0,8.394912556707405,LOW_RISK,NO_ACTION,0.0,ROBUST,False
76578,0.13012857286696194,0.0,8.309900843343808,LOW_RISK,NO_ACTION,0.0,ROBUST,False
76586,0.11258287809841044,0.0,12.222738003799074,LOW_RISK,NO_ACTION,0.0,ROBUST,False
76603,0.378190241675631,0.0,5.251120931717062,WATCH,MONITOR,-10.0,ROBUST,False
76619,0.27537155680447223,0.0,10.463131911491967,LOW_RISK,NO_ACTION,0.0,ROBUST,False
76638,0.3208860272218518,0.0,8.053152548178842,WATCH,MONITOR,-10.0,ROBUST,False
76712,0.3230644990489665,0.0,8.288685277602877,WATCH,MONITOR,-10.0,ROBUST,False
76766,0.2109503253333206,0.0,10.65492722584759,LOW_RISK,NO_ACTION,0.0,ROBUST,False
76772,0.2903570043317963,0.0,9.597607564549257,LOW_RISK,NO_ACTION,0.0,ROBUST,False
76799,0.2883040886670809,0.0,11.04248974238561,LOW_RISK,NO_ACTION,0.0,ROBUST,False
76809,0.2553708884911428,0.0,12.457652038704781,LOW_RISK,NO_ACTION,0.0,ROBUST,False
76813,0.4282701533604282,0.0,6.010776858140355,WATCH,MONITOR,-10.0,ROBUST,False
76827,0.2804656014750384,0.0,7.3783837129967145,LOW_RISK,NO_ACTION,0.0,ROBUST,False
76828,0.34145780980239515,0.0,5.491784908752245,WATCH,MONITOR,-10.0,ROBUST,False
76833,0.4582080481523304,0.0,12.01830227085359,WATCH,MONITOR,-10.0,ROBUST,False
76840,0.8409035644578962,10.599197554355545,13.15230356322059,HIGH_RISK,HUMAN_REVIEW,-50.0,ROBUST,True
76855,0.4561688815116661,0.0,6.5510517632066625,WATCH,MONITOR,-10.0,ROBUST,False
76881,0.2080019985860056,0.0,8.616314282284044,LOW_RISK,NO_ACTION,0.0,ROBUST,False
76914,0.11399299532322514,0.0,10.7406917860895,LOW_RISK,NO_ACTION,0.0,ROBUST,False
76917,0.2044267199581317,0.0,11.302216779257382,LOW_RISK,NO_ACTION,0.0,ROBUST,False
76938,0.7188937876494661,22.124153410329118,12.865280213345297,HIGH_RISK,HUMAN_REVIEW,-50.0,ROBUST,True
77038,0.4637441306899872,0.0,10.612532688248846,WATCH,MONITOR,-10.0,ROBUST,False
77044,0.3596970931351883,0.0,7.821494759179603,WATCH,MONITOR,-10.0,ROBUST,False
77068,0.13268158384089151,0.0,5.3906230373320625,LOW_RISK,NO_ACTION,0.0,ROBUST,False
77070,0.15415143840444046,0.0,6.175763314598624,LOW_RISK,NO_ACTION,0.0,ROBUST,False
77082,0.16227045021679018,0.0,12.899222326086994,LOW_RISK,NO_ACTION,0.0,ROBUST,False
77090,0.6241846215508805,4.150640085089108,8.988570876215118,HIGH_RISK,EXPEDITE,122.63332108595273,SENSITIVE,True
77103,0.3941656102028013,0.0,12.39839444942321,WATCH,MONITOR,-10.0,ROBUST,False
77113,0.4438575642261585,0.0,10.548782878576425,WATCH,MONITOR,-10.0,ROBUST,False
77136,0.4762546203224972,0.0,9.503584447769876,WATCH,MONITOR,-10.0,ROBUST,False
77138,0.18068182295457672,0.0,9.708353059541128,LOW_RISK,NO_ACTION,0.0,ROBUST,False
77152,0.22390899388961963,0.0,11.818870008698333,LOW_RISK,NO_ACTION,0.0,ROBUST,False
77181,0.19612915229793226,0.0,6.086865631871235,LOW_RISK,NO_ACTION,0.0,ROBUST,False
77268,0.2435046269864551,0.0,9.19634286233233,LOW_RISK,NO_ACTION,0.0,ROBUST,False
77293,0.46586604296949974,0.0,10.357774570341576,WATCH,MONITOR,-10.0,ROBUST,False
77296,0.33004502677574465,0.0,11.972925474442967,WATCH,MONITOR,-10.0,ROBUST,False
77309,0.39527675892979963,0.0,7.580189417944541,WATCH,MONITOR,-10.0,ROBUST,False
77310,0.2960476944507128,0.0,12.311706623793693,LOW_RISK,NO_ACTION,0.0,ROBUST,False
77324,0.11154316533444981,0.0,10.196436978094301,LOW_RISK,NO_ACTION,0.0,ROBUST,False
77413,0.12567819439912575,0.0,11.24990023211125,LOW_RISK,NO_ACTION,0.0,ROBUST,False
77420,0.31516921250715435,0.0,9.560109525740769,WATCH,MONITOR,-10.0,ROBUST,False
77464,0.38751561392801026,0.0,11.239869244713768,WATCH,MONITOR,-10.0,ROBUST,False
77480,0.1861322110114926,0.0,7.3029814812700495,LOW_RISK,NO_ACTION,0.0,ROBUST,False
77494,0.3887638295969217,0.0,11.069355293140454,WATCH,MONITOR,-10.0,ROBUST,False
77509,0.42426630939340504,0.0,12.131354487250757,WATCH,MONITOR,-10.0,ROBUST,False
77517,0.2647589913448445,0.0,7.3783837129967145,LOW_RISK,NO_ACTION,0.0,ROBUST,False
77519,0.39856769313764195,0.0,11.765532435336373,WATCH,MONITOR,-10.0,ROBUST,False
77546,0.261611980131384,0.0,7.766628739986341,LOW_RISK,NO_ACTION,0.0,ROBUST,False
77547,0.371340251782008,0.0,5.993961427306569,WATCH,MONITOR,-10.0,ROBUST,False
77552,0.4055988197278172,0.0,12.506936209148275,WATCH,MONITOR,-10.0,ROBUST,False
77565,0.4967706473232444,0.0,12.657743501714537,WATCH,MONITOR,-10.0,ROBUST,False
77606,0.23815866482543846,0.0,5.733988316713267,LOW_RISK,NO_ACTION,0.0,ROBUST,False
77610,0.26441631222984463,0.0,9.259878827534338,LOW_RISK,NO_ACTION,0.0,ROBUST,False
77651,0.16624802376406855,0.0,11.898162015086612,LOW_RISK,NO_ACTION,0.0,ROBUST,False
77659,0.18162922336072276,0.0,3.5499047018233476,LOW_RISK,NO_ACTION,0.0,ROBUST,False
77671,0.37735800103935113,0.0,9.727639000570251,WATCH,MONITOR,-10.0,ROBUST,False
77677,0.4668182360617904,0.0,10.264687244346277,WATCH,MONITOR,-10.0,ROBUST,False
77712,0.25784198066449626,0.0,7.783640596221253,LOW_RISK,NO_ACTION,0.0,ROBUST,False
77735,0.1719377787342165,0.0,10.645448706505872,LOW_RISK,NO_ACTION,0.0,ROBUST,False
77737,0.21403979975319765,0.0,10.751949021382632,LOW_RISK,NO_ACTION,0.0,ROBUST,False
77750,0.7142855535070425,12.607386224307367,10.646364455742171,HIGH_RISK,HUMAN_REVIEW,-50.0,ROBUST,True
77751,0.21626013174614736,0.0,8.062590358746524,LOW_RISK,NO_ACTION,0.0,ROBUST,False
77772,0.19343163324874652,0.0,8.66330017874254,LOW_RISK,NO_ACTION,0.0,ROBUST,False
77780,0.3943937955028318,0.0,9.140454244512016,WATCH,MONITOR,-10.0,ROBUST,False
77781,0.10313796849624929,0.0,9.42934336298948,LOW_RISK,NO_ACTION,0.0,ROBUST,False
77782,0.31569221093459326,0.0,5.5254529391317835,WATCH,MONITOR,-10.0,ROBUST,False
77901,0.7327732037798447,39.32112679951925,12.405812453305339,HIGH_RISK,SUPPLIER_ESCALATION,200.02481162490676,ROBUST,True
77910,0.2064913145269873,0.0,8.946225075346295,LOW_RISK,NO_ACTION,0.0,ROBUST,False
77925,0.3413166042448069,0.0,9.192756681018867,WATCH,MONITOR,-10.0,ROBUST,False
77926,0.3675600422474471,0.0,4.379398183320189,WATCH,MONITOR,-10.0,ROBUST,False
77941,0.36200987856203604,0.0,7.5230490203372185,WATCH,MONITOR,-10.0,ROBUST,False
77952,0.2783398536794871,0.0,11.897194174934723,LOW_RISK,NO_ACTION,0.0,ROBUST,False
77964,0.839935009333735,51.269382525746714,12.137370803118724,HIGH_RISK,SUPPLIER_ESCALATION,200.02427474160595,ROBUST,True
78026,0.43436962921112543,0.0,12.383787775679592,WATCH,MONITOR,-10.0,ROBUST,False
78050,0.40337838279994576,0.0,9.794620897549015,WATCH,MONITOR,-10.0,ROBUST,False
78071,0.22850206936556502,0.0,8.094683648698815,LOW_RISK,NO_ACTION,0.0,ROBUST,False
78087,0.14120767777688245,0.0,8.853808274977197,LOW_RISK,NO_ACTION,0.0,ROBUST,False
78090,0.12872301817818768,0.0,10.911076791842898,LOW_RISK,NO_ACTION,0.0,ROBUST,False
78096,0.13771039115957442,0.0,8.1162378987859,LOW_RISK,NO_ACTION,0.0,ROBUST,False
78103,0.33314774447681716,0.0,13.51029947957929,WATCH,MONITOR,-10.0,ROBUST,False
78116,0.12066487033159588,0.0,12.498145066283248,LOW_RISK,NO_ACTION,0.0,ROBUST,False
78120,0.23477074998561537,0.0,9.741615472609583,LOW_RISK,NO_ACTION,0.0,ROBUST,False
78140,0.40127988076569177,0.0,9.991189316154056,WATCH,MONITOR,-10.0,ROBUST,False
78150,0.21773926660615125,0.0,6.716594773520978,LOW_RISK,NO_ACTION,0.0,ROBUST,False
78152,0.4053232308720519,0.0,12.872038231051222,WATCH,MONITOR,-10.0,ROBUST,False
78184,0.3981868152828222,0.0,11.289271783561786,WATCH,MONITOR,-10.0,ROBUST,False
78198,0.19833085305328654,0.0,9.93066488054092,LOW_RISK,NO_ACTION,0.0,ROBUST,False
78201,0.7813077959144313,26.230508006021765,10.669152352022515,HIGH_RISK,EXPEDITE,250.05334576175983,SENSITIVE,True
78220,0.39911065530884027,0.0,8.965426558842003,WATCH,MONITOR,-10.0,ROBUST,False
78261,0.2589815702668108,0.0,12.875660727080428,LOW_RISK,NO_ACTION,0.0,ROBUST,False
78290,0.1841681934966073,0.0,12.421188057397055,LOW_RISK,NO_ACTION,0.0,ROBUST,False
78301,0.30850832275674767,0.0,5.037407044593683,WATCH,MONITOR,-10.0,ROBUST,False
78303,0.4685590352000786,0.0,10.457456570288459,WATCH,MONITOR,-10.0,ROBUST,False
78311,0.3558466929728248,0.0,12.075969654927759,WATCH,MONITOR,-10.0,ROBUST,False
78314,0.1691689990509045,0.0,12.8700510227891,LOW_RISK,NO_ACTION,0.0,ROBUST,False
78329,0.37310276989340796,0.0,11.160484402634983,WATCH,MONITOR,-10.0,ROBUST,False
78340,0.27088121091273387,0.0,11.364759507579098,LOW_RISK,NO_ACTION,0.0,ROBUST,False
78346,0.33661151894214925,0.0,12.24246002164923,WATCH,MONITOR,-10.0,ROBUST,False
78361,0.39362561400924323,0.0,9.097899292630434,WATCH,MONITOR,-10.0,ROBUST,False
78362,0.3059789406057779,0.0,5.878855602725328,WATCH,MONITOR,-10.0,ROBUST,False
78368,0.4255935898293235,0.0,10.980746812656925,WATCH,MONITOR,-10.0,ROBUST,False
78387,0.38886223172665113,0.0,8.342842185221006,WATCH,MONITOR,-10.0,ROBUST,False
78395,0.34602933600740426,0.0,12.067092147747642,WATCH,MONITOR,-10.0,ROBUST,False
78397,0.1603171263329406,0.0,11.207432380638993,LOW_RISK,NO_ACTION,0.0,ROBUST,False
78403,0.4343796443646274,0.0,8.3723523733592,WATCH,MONITOR,-10.0,ROBUST,False
78407,0.47436223412792644,0.0,8.080581010432223,WATCH,MONITOR,-10.0,ROBUST,False
78419,0.6186124250869662,28.039483480321817,10.35673342665388,HIGH_RISK,TRANSPORT_MODE_REVIEW,350.0310702002798,ROBUST,True
78427,0.6213467036633729,22.37291578833722,4.966753066279407,HIGH_RISK,HUMAN_REVIEW,-50.0,ROBUST,True
78435,0.2035554967882018,0.0,8.958154135209242,LOW_RISK,NO_ACTION,0.0,ROBUST,False
78479,0.40180932297022587,0.0,10.49218491373957,WATCH,MONITOR,-10.0,ROBUST,False
78526,0.38865185440188,0.0,13.163071503041769,WATCH,MONITOR,-10.0,ROBUST,False
78532,0.1563540482281595,0.0,6.68586094706836,LOW_RISK,NO_ACTION,0.0,ROBUST,False
78550,0.4508109085046549,0.0,7.575841028946711,WATCH,MONITOR,-10.0,ROBUST,False
78576,0.1723892255912009,0.0,12.409017571151187,LOW_RISK,NO_ACTION,0.0,ROBUST,False
78589,0.41890361025924305,0.0,12.80019213238566,WATCH,MONITOR,-10.0,ROBUST,False
78603,0.282792143851202,0.0,10.169728906753061,LOW_RISK,NO_ACTION,0.0,ROBUST,False
78671,0.2313089174232605,0.0,9.79929302351827,LOW_RISK,NO_ACTION,0.0,ROBUST,False
78698,0.1632957050696854,0.0,11.542493975902508,LOW_RISK,NO_ACTION,0.0,ROBUST,False
78709,0.16704570245865175,0.0,7.786344143672281,LOW_RISK,NO_ACTION,0.0,ROBUST,False
78714,0.36475622188036017,0.0,8.347424516493732,WATCH,MONITOR,-10.0,ROBUST,False
78715,0.32017215517884823,0.0,14.039814236071086,WATCH,MONITOR,-10.0,ROBUST,False
78727,0.1488341686604931,0.0,8.59978648972009,LOW_RISK,NO_ACTION,0.0,ROBUST,False
78729,0.14507914417533008,0.0,10.684668503929622,LOW_RISK,NO_ACTION,0.0,ROBUST,False
78733,0.1289242299091166,0.0,11.180980763575873,LOW_RISK,NO_ACTION,0.0,ROBUST,False
78767,0.3975069389494177,0.0,11.527232627666626,WATCH,MONITOR,-10.0,ROBUST,False
78789,0.3847528340917157,0.0,13.343907249914384,WATCH,MONITOR,-10.0,ROBUST,False
78805,0.12337239634183006,0.0,9.257128533474942,LOW_RISK,NO_ACTION,0.0,ROBUST,False
78818,0.7555685065997202,5.37928953120961,12.206077645517674,HIGH_RISK,SUPPLIER_ESCALATION,200.02441215529097,ROBUST,True
78839,0.13387046209707598,0.0,10.778977123006351,LOW_RISK,NO_ACTION,0.0,ROBUST,False
78846,0.46149830824357674,0.0,12.598118111678868,WATCH,MONITOR,-10.0,ROBUST,False
78909,0.462846967672053,0.0,13.621880904970821,WATCH,MONITOR,-10.0,ROBUST,False
78946,0.379293195925252,0.0,11.644935701222812,WATCH,MONITOR,-10.0,ROBUST,False
78949,0.47047556857578,0.0,11.834146273287994,WATCH,MONITOR,-10.0,ROBUST,False
78985,0.4245812121654763,0.0,12.009479735698648,WATCH,MONITOR,-10.0,ROBUST,False
79022,0.43141543037081975,0.0,7.705257970351675,WATCH,MONITOR,-10.0,ROBUST,False
79064,0.32788314022797327,0.0,8.943533553964729,WATCH,MONITOR,-10.0,ROBUST,False
79081,0.22242367928647036,0.0,9.561630845638076,LOW_RISK,NO_ACTION,0.0,ROBUST,False
79109,0.18711964604656864,0.0,13.393917592315308,LOW_RISK,NO_ACTION,0.0,ROBUST,False
79111,0.2308800088155717,0.0,10.370214569546247,LOW_RISK,NO_ACTION,0.0,ROBUST,False
79128,0.35139817203562485,0.0,9.209439966733019,WATCH,MONITOR,-10.0,ROBUST,False
79141,0.16906261433295958,0.0,9.711903228462988,LOW_RISK,NO_ACTION,0.0,ROBUST,False
79173,0.20345609465492864,0.0,10.843514342086866,LOW_RISK,NO_ACTION,0.0,ROBUST,False
79193,0.2872243451181858,0.0,7.376032418702172,LOW_RISK,NO_ACTION,0.0,ROBUST,False
79232,0.19322003940984622,0.0,13.579025211904172,LOW_RISK,NO_ACTION,0.0,ROBUST,False
79236,0.7006114818652387,3.552128447002274,11.550323363960588,HIGH_RISK,TRANSPORT_MODE_REVIEW,350.03465097009195,ROBUST,True
79271,0.469270411382532,0.0,2.3841650799864684,WATCH,MONITOR,-10.0,ROBUST,False
79283,0.3992357462812506,0.0,12.021674935019831,WATCH,MONITOR,-10.0,ROBUST,False
79325,0.3665706456595652,0.0,12.432415074973783,WATCH,MONITOR,-10.0,ROBUST,False
79352,0.3330885903935115,0.0,11.674819374183514,WATCH,MONITOR,-10.0,ROBUST,False
79361,0.29517916370282593,0.0,7.577260170169114,LOW_RISK,NO_ACTION,0.0,ROBUST,False
79375,0.1746255438538639,0.0,7.179163141943858,LOW_RISK,NO_ACTION,0.0,ROBUST,False
79424,0.4578841821707462,0.0,10.820757804523783,WATCH,MONITOR,-10.0,ROBUST,False
79445,0.19941440080513453,0.0,3.4965075614664802,LOW_RISK,NO_ACTION,0.0,ROBUST,False
79471,0.13652355103126432,0.0,8.981690438326309,LOW_RISK,NO_ACTION,0.0,ROBUST,False
79491,0.40000607169147806,0.0,8.804024902413179,WATCH,MONITOR,-10.0,ROBUST,False
79500,0.17024621373246657,0.0,9.33229248272693,LOW_RISK,NO_ACTION,0.0,ROBUST,False
79521,0.2487583998164704,0.0,13.882422198525177,LOW_RISK,NO_ACTION,0.0,ROBUST,False
79597,0.7640786627956431,14.625060143423314,13.172193001148424,HIGH_RISK,SUPPLIER_ESCALATION,200.02634438600217,ROBUST,True
79618,0.15482717701617923,0.0,12.369215630264968,LOW_RISK,NO_ACTION,0.0,ROBUST,False
79646,0.16928145230396485,0.0,12.573060230917287,LOW_RISK,NO_ACTION,0.0,ROBUST,False
79648,0.12176405110007119,0.0,12.899222326086994,LOW_RISK,NO_ACTION,0.0,ROBUST,False
79679,0.3626627826491381,0.0,9.590214130417438,WATCH,MONITOR,-10.0,ROBUST,False
79701,0.7049813560712141,2.692059935112731,10.985024042728778,HIGH_RISK,SUPPLIER_ESCALATION,200.02197004808548,ROBUST,True
79710,0.2493261625463764,0.0,10.706407774228632,LOW_RISK,NO_ACTION,0.0,ROBUST,False
79747,0.8977543860485915,30.537584052389477,11.826916306741886,CRITICAL,TRANSPORT_MODE_REVIEW,350.03548074892024,ROBUST,True
79757,0.1853386298240506,0.0,12.916502614590831,LOW_RISK,NO_ACTION,0.0,ROBUST,False
79778,0.2301561694244958,0.0,7.180069874302796,LOW_RISK,NO_ACTION,0.0,ROBUST,False
79785,0.16029479721246737,0.0,6.158545554485651,LOW_RISK,NO_ACTION,0.0,ROBUST,False
79791,0.34822367816759947,0.0,5.604256755270649,WATCH,MONITOR,-10.0,ROBUST,False
79803,0.7197997740597668,11.165139315701605,13.171854248402333,HIGH_RISK,SUPPLIER_ESCALATION,200.02634370849682,ROBUST,True
79810,0.3453133387367595,0.0,6.9930151229329605,WATCH,MONITOR,-10.0,ROBUST,False
79837,0.4046699621576735,0.0,10.171107213950854,WATCH,MONITOR,-10.0,ROBUST,False
79841,0.31828120641317936,0.0,9.57983281962553,WATCH,MONITOR,-10.0,ROBUST,False
79861,0.3510521419607152,0.0,11.896942192272522,WATCH,MONITOR,-10.0,ROBUST,False
79871,0.4741001257577332,0.0,12.172231436861402,WATCH,MONITOR,-10.0,ROBUST,False
79879,0.21962572384353726,0.0,11.695255355062795,LOW_RISK,NO_ACTION,0.0,ROBUST,False
79885,0.24366557545358125,0.0,11.735955889885888,LOW_RISK,NO_ACTION,0.0,ROBUST,False
79890,0.3870813446837348,0.0,10.77712231752365,WATCH,MONITOR,-10.0,ROBUST,False
79910,0.34452220682215473,0.0,5.6321432475140485,WATCH,MONITOR,-10.0,ROBUST,False
79955,0.17141316181588595,0.0,9.104090572133472,LOW_RISK,NO_ACTION,0.0,ROBUST,False
80002,0.2504589240041961,0.0,6.850655686941565,LOW_RISK,NO_ACTION,0.0,ROBUST,False
80005,0.287135205249886,0.0,10.813780332606648,LOW_RISK,NO_ACTION,0.0,ROBUST,False
80019,0.26775593518735574,0.0,3.3786108829893595,LOW_RISK,NO_ACTION,0.0,ROBUST,False
80040,0.17130992332881634,0.0,11.09669764611769,LOW_RISK,NO_ACTION,0.0,ROBUST,False
80070,0.46977203671370493,0.0,11.756146115713618,WATCH,MONITOR,-10.0,ROBUST,False
80072,0.4049275046775903,0.0,11.053584783892745,WATCH,MONITOR,-10.0,ROBUST,False
80086,0.2925423328431409,0.0,10.854350904202713,LOW_RISK,NO_ACTION,0.0,ROBUST,False
80090,0.37202441132273467,0.0,11.526552197884886,WATCH,MONITOR,-10.0,ROBUST,False
80105,0.4589130688542088,0.0,10.118639253920785,WATCH,MONITOR,-10.0,ROBUST,False
80112,0.6405651941138564,0.8233917054463646,12.516116567673057,HIGH_RISK,HUMAN_REVIEW,-50.0,SENSITIVE,True
80114,0.20014922028279108,0.0,12.347576548072231,LOW_RISK,NO_ACTION,0.0,ROBUST,False
80138,0.317080498902658,0.0,8.304039574131375,WATCH,MONITOR,-10.0,ROBUST,False
80141,0.4196041485409435,0.0,12.003491236928841,WATCH,MONITOR,-10.0,ROBUST,False
80167,0.11450195817661096,0.0,9.522593098362169,LOW_RISK,NO_ACTION,0.0,ROBUST,False
80175,0.4936072600785443,0.0,11.747505766621078,WATCH,MONITOR,-10.0,ROBUST,False
80216,0.2819626411529589,0.0,4.610456190417329,LOW_RISK,NO_ACTION,0.0,ROBUST,False
80217,0.2436924562486892,0.0,10.46118722017071,LOW_RISK,NO_ACTION,0.0,ROBUST,False
80250,0.21708977513590877,0.0,9.218407743053941,LOW_RISK,NO_ACTION,0.0,ROBUST,False
80270,0.16974268306034868,0.0,10.557154546282414,LOW_RISK,NO_ACTION,0.0,ROBUST,False
80275,0.4166295635720112,0.0,9.110547660621819,WATCH,MONITOR,-10.0,ROBUST,False
80299,0.4821656658984387,0.0,9.363576347875041,WATCH,MONITOR,-10.0,ROBUST,False
80329,0.2654579019381593,0.0,9.631127496182131,LOW_RISK,NO_ACTION,0.0,ROBUST,False
80343,0.4809682779013825,0.0,6.825460036255307,WATCH,MONITOR,-10.0,ROBUST,False
80363,0.4295190461740137,0.0,7.313886831633462,WATCH,MONITOR,-10.0,ROBUST,False
80394,0.2924204509905273,0.0,9.142596719889664,LOW_RISK,NO_ACTION,0.0,ROBUST,False
80399,0.36961047165045313,0.0,11.808436932561497,WATCH,MONITOR,-10.0,ROBUST,False
80423,0.2739936716681852,0.0,9.664659134301736,LOW_RISK,NO_ACTION,0.0,ROBUST,False
80470,0.323489363285021,0.0,11.12364586201701,WATCH,MONITOR,-10.0,ROBUST,False
80473,0.12321853480740153,0.0,5.225746673713202,LOW_RISK,NO_ACTION,0.0,ROBUST,False
80526,0.3785053901202132,0.0,8.859619098289244,WATCH,MONITOR,-10.0,ROBUST,False
80528,0.12112985779365469,0.0,9.020364394708631,LOW_RISK,NO_ACTION,0.0,ROBUST,False
80559,0.4268339787678598,0.0,8.249575150000199,WATCH,MONITOR,-10.0,ROBUST,False
80616,0.42997877178422306,0.0,12.67833590738214,WATCH,MONITOR,-10.0,ROBUST,False
80639,0.19483091502248584,0.0,12.192141049949617,LOW_RISK,NO_ACTION,0.0,ROBUST,False
80665,0.2294651124143201,0.0,13.284432905936615,LOW_RISK,NO_ACTION,0.0,ROBUST,False
80668,0.29252415142331734,0.0,8.421805008569754,LOW_RISK,NO_ACTION,0.0,ROBUST,False
80688,0.33866516277299263,0.0,7.98139158158007,WATCH,MONITOR,-10.0,ROBUST,False
80699,0.8084859358029144,76.67590283480074,12.472421269576804,HIGH_RISK,TRANSPORT_MODE_REVIEW,350.0374172638076,ROBUST,True
80704,0.33699456185277,0.0,10.290143539657238,WATCH,MONITOR,-10.0,ROBUST,False
80710,0.21911482929171955,0.0,8.517393171418904,LOW_RISK,NO_ACTION,0.0,ROBUST,False
80730,0.12219628842842428,0.0,9.642187721358466,LOW_RISK,NO_ACTION,0.0,ROBUST,False
80767,0.7830323766108704,16.945734325849628,11.401285944221158,HIGH_RISK,SUPPLIER_ESCALATION,200.0228025718884,ROBUST,True
80804,0.14046042316737145,0.0,12.676079399771027,LOW_RISK,NO_ACTION,0.0,ROBUST,False
80819,0.4169002800656073,0.0,11.376292123415663,WATCH,MONITOR,-10.0,ROBUST,False
80842,0.4845725249533349,0.0,7.025484979882915,WATCH,MONITOR,-10.0,ROBUST,False
80860,0.2707864797124877,0.0,12.287472892868088,LOW_RISK,NO_ACTION,0.0,ROBUST,False
80864,0.3050735813799771,0.0,13.104119973886714,WATCH,MONITOR,-10.0,ROBUST,False
80872,0.15873926762937046,0.0,10.264687244346277,LOW_RISK,NO_ACTION,0.0,ROBUST,False
80892,0.32041254107206285,0.0,7.101774813521901,WATCH,MONITOR,-10.0,ROBUST,False
80918,0.15786196080279075,0.0,7.366660043061609,LOW_RISK,NO_ACTION,0.0,ROBUST,False
80924,0.34448573247953207,0.0,5.976807657764349,WATCH,MONITOR,-10.0,ROBUST,False
80925,0.4733034670323416,0.0,5.99141454585794,WATCH,MONITOR,-10.0,ROBUST,False
81011,0.17827941572121586,0.0,10.765804558769155,LOW_RISK,NO_ACTION,0.0,ROBUST,False
81018,0.40582548722284084,0.0,11.188644689556781,WATCH,MONITOR,-10.0,ROBUST,False
81020,0.10940096912732962,0.0,7.5595594960077,LOW_RISK,NO_ACTION,0.0,ROBUST,False
81031,0.2501988965286484,0.0,7.882888339448982,LOW_RISK,NO_ACTION,0.0,ROBUST,False
81050,0.14429940313220363,0.0,12.221211867012958,LOW_RISK,NO_ACTION,0.0,ROBUST,False
81061,0.2409901766382798,0.0,7.743126585644889,LOW_RISK,NO_ACTION,0.0,ROBUST,False
81077,0.16941476785555343,0.0,9.136586183387521,LOW_RISK,NO_ACTION,0.0,ROBUST,False
81083,0.24932199604915498,0.0,12.5238607005901,LOW_RISK,NO_ACTION,0.0,ROBUST,False
81121,0.2670091224430121,0.0,9.90353755128617,LOW_RISK,NO_ACTION,0.0,ROBUST,False
81132,0.22023644911236737,0.0,9.196586215743519,LOW_RISK,NO_ACTION,0.0,ROBUST,False
81197,0.3626487797892517,0.0,5.5254529391317835,WATCH,MONITOR,-10.0,ROBUST,False
81200,0.46754082050356394,0.0,8.959634187249085,WATCH,MONITOR,-10.0,ROBUST,False
81252,0.26023814964210895,0.0,7.844240718141811,LOW_RISK,NO_ACTION,0.0,ROBUST,False
81253,0.17693726259000858,0.0,4.960674444942484,LOW_RISK,NO_ACTION,0.0,ROBUST,False
81254,0.20828910327839334,0.0,7.6255950721324535,LOW_RISK,NO_ACTION,0.0,ROBUST,False
81293,0.44160032939854765,0.0,12.046496440791149,WATCH,MONITOR,-10.0,ROBUST,False
81352,0.32865588930805917,0.0,10.06631193537828,WATCH,MONITOR,-10.0,ROBUST,False
81358,0.2820044129227829,0.0,10.741405847723883,LOW_RISK,NO_ACTION,0.0,ROBUST,False
81361,0.8430483269879108,2.194383307591165,10.339997413330611,HIGH_RISK,TRANSPORT_MODE_REVIEW,229.18018605639912,ROBUST,True
81380,0.2798909233295128,0.0,12.423615663091985,LOW_RISK,NO_ACTION,0.0,ROBUST,False
81396,0.2113968013429547,0.0,13.003555066332687,LOW_RISK,NO_ACTION,0.0,ROBUST,False
81405,0.47726525114133966,0.0,10.047246712772207,WATCH,MONITOR,-10.0,ROBUST,False
81421,0.4536280437662925,0.0,12.925654067505617,WATCH,MONITOR,-10.0,ROBUST,False
81450,0.1335610167312792,0.0,8.237664456654159,LOW_RISK,NO_ACTION,0.0,ROBUST,False
81454,0.30666139570449713,0.0,9.249787982463241,WATCH,MONITOR,-10.0,ROBUST,False
81456,0.19002333820586884,0.0,10.576457535657255,LOW_RISK,NO_ACTION,0.0,ROBUST,False
81477,0.26431083580971626,0.0,12.109016442313738,LOW_RISK,NO_ACTION,0.0,ROBUST,False
81483,0.4507391993005826,0.0,8.150756470275551,WATCH,MONITOR,-10.0,ROBUST,False
81495,0.31100580795541793,0.0,6.825460036255307,WATCH,MONITOR,-10.0,ROBUST,False
81496,0.23368611734830394,0.0,10.830298749735604,LOW_RISK,NO_ACTION,0.0,ROBUST,False
81509,0.18315534164199884,0.0,10.346601626429049,LOW_RISK,NO_ACTION,0.0,ROBUST,False
81521,0.7846262339462506,35.97746060476745,12.911067637765603,HIGH_RISK,TRANSPORT_MODE_REVIEW,350.03873320291314,ROBUST,True
81535,0.3498072061457389,0.0,9.056722883310583,WATCH,MONITOR,-10.0,ROBUST,False
81540,0.2872261841704925,0.0,8.878497403738631,LOW_RISK,NO_ACTION,0.0,ROBUST,False
81579,0.6515488381072975,20.26225359320074,5.877735781779639,HIGH_RISK,TRANSPORT_MODE_REVIEW,350.0176332073456,ROBUST,True
81603,0.23369854966285253,0.0,13.369225017834633,LOW_RISK,NO_ACTION,0.0,ROBUST,False
81627,0.48393737069540743,0.0,11.727238138609684,WATCH,MONITOR,-10.0,ROBUST,False
81639,0.3080359750423337,0.0,6.867683003352428,WATCH,MONITOR,-10.0,ROBUST,False
81651,0.2602797124973012,0.0,9.83097062169695,LOW_RISK,NO_ACTION,0.0,ROBUST,False
81653,0.3085688169393296,0.0,7.292541375881901,WATCH,MONITOR,-10.0,ROBUST,False
81698,0.4115954023598435,0.0,11.860803832225407,WATCH,MONITOR,-10.0,ROBUST,False
81700,0.7948136460709867,11.236707476610203,11.91074307200955,HIGH_RISK,TRANSPORT_MODE_REVIEW,350.03573222921614,ROBUST,True
81726,0.17148244837304355,0.0,10.401831098280018,LOW_RISK,NO_ACTION,0.0,ROBUST,False
81739,0.3339744473356191,0.0,6.395128033269518,WATCH,MONITOR,-10.0,ROBUST,False
81747,0.36608164139242694,0.0,12.212346722283806,WATCH,MONITOR,-10.0,ROBUST,False
81753,0.3850872011834199,0.0,12.206186639032667,WATCH,MONITOR,-10.0,ROBUST,False
81757,0.4527950363064519,0.0,12.388398368982115,WATCH,MONITOR,-10.0,ROBUST,False
81767,0.24846964827564522,0.0,11.27046656761904,LOW_RISK,NO_ACTION,0.0,ROBUST,False
81769,0.13014195849155674,0.0,9.216946503361118,LOW_RISK,NO_ACTION,0.0,ROBUST,False
81808,0.48333943345237695,0.0,11.463325472978745,WATCH,MONITOR,-10.0,ROBUST,False
81823,0.2740047709749901,0.0,11.586660939183778,LOW_RISK,NO_ACTION,0.0,ROBUST,False
81854,0.8037199813486913,20.150955253035363,13.170488997003398,HIGH_RISK,TRANSPORT_MODE_REVIEW,350.0395114669909,ROBUST,True
81855,0.3665221292513169,0.0,10.801125395911074,WATCH,MONITOR,-10.0,ROBUST,False
81888,0.31860548348048146,0.0,13.63315860070823,WATCH,MONITOR,-10.0,ROBUST,False
81909,0.18210301189450806,0.0,12.505287953795628,LOW_RISK,NO_ACTION,0.0,ROBUST,False
81920,0.4020572200464566,0.0,8.78382525891971,WATCH,MONITOR,-10.0,ROBUST,False
81968,0.42150078972163263,0.0,8.583916823459145,WATCH,MONITOR,-10.0,ROBUST,False
81971,0.3211902344069759,0.0,12.222794945249559,WATCH,MONITOR,-10.0,ROBUST,False
81988,0.29542446423393665,0.0,10.83235723661713,LOW_RISK,NO_ACTION,0.0,ROBUST,False
81990,0.14557527325119413,0.0,6.292642637227534,LOW_RISK,NO_ACTION,0.0,ROBUST,False
82004,0.13358066459991355,0.0,10.787606270703932,LOW_RISK,NO_ACTION,0.0,ROBUST,False
82005,0.2358259382254115,0.0,12.665409461060184,LOW_RISK,NO_ACTION,0.0,ROBUST,False
82025,0.2243384622069573,0.0,6.539672657061303,LOW_RISK,NO_ACTION,0.0,ROBUST,False
82047,0.48146258038530854,0.0,5.673013940984565,WATCH,MONITOR,-10.0,ROBUST,False
82052,0.7500174777573261,19.9872916463214,11.30126584517003,HIGH_RISK,TRANSPORT_MODE_REVIEW,350.03390379753546,ROBUST,True
82058,0.363969718103624,0.0,4.078045789252598,WATCH,MONITOR,-10.0,ROBUST,False
82062,0.30705923560704207,0.0,5.27166533555061,WATCH,MONITOR,-10.0,ROBUST,False
82069,0.16694701229066056,0.0,9.131409712414545,LOW_RISK,NO_ACTION,0.0,ROBUST,False
82105,0.4913826688737136,0.0,9.903806501666446,WATCH,MONITOR,-10.0,ROBUST,False
82125,0.25001627929608405,0.0,11.158604035057671,LOW_RISK,NO_ACTION,0.0,ROBUST,False
82128,0.14277024097889793,0.0,6.056620065363679,LOW_RISK,NO_ACTION,0.0,ROBUST,False
82137,0.6629070832290602,59.94900928419698,12.113737102104965,HIGH_RISK,TRANSPORT_MODE_REVIEW,350.03634121130744,ROBUST,True
82148,0.8929683069968712,5.365163344284829,7.890208213109961,CRITICAL,TRANSPORT_MODE_REVIEW,350.0236706246393,ROBUST,True
82159,0.45491640071093176,0.0,8.188966863648876,WATCH,MONITOR,-10.0,ROBUST,False
82172,0.10438636642257891,0.0,10.0248375523386,LOW_RISK,NO_ACTION,0.0,ROBUST,False
82177,0.45451829790055986,0.0,9.770013301136158,WATCH,MONITOR,-10.0,ROBUST,False
82203,0.2085936869999434,0.0,7.118680489451807,LOW_RISK,NO_ACTION,0.0,ROBUST,False
82256,0.11558894558736924,0.0,10.794270099331065,LOW_RISK,NO_ACTION,0.0,ROBUST,False
82271,0.4391161081451498,0.0,8.16194579946869,WATCH,MONITOR,-10.0,ROBUST,False
82272,0.4455467023952834,0.0,6.8278458957538355,WATCH,MONITOR,-10.0,ROBUST,False
82273,0.33849243193694,0.0,8.928110078202646,WATCH,MONITOR,-10.0,ROBUST,False
82274,0.32977350291854335,0.0,13.134610079478685,WATCH,MONITOR,-10.0,ROBUST,False
82275,0.4252481090485678,0.0,12.517128387979094,WATCH,MONITOR,-10.0,ROBUST,False
82276,0.4145238210841119,0.0,9.455590560981655,WATCH,MONITOR,-10.0,ROBUST,False
82277,0.45604218937708163,0.0,8.301273485191347,WATCH,MONITOR,-10.0,ROBUST,False
82278,0.3210989790386814,0.0,7.517846884404756,WATCH,MONITOR,-10.0,ROBUST,False
82279,0.4870588370931235,0.0,9.575960785628551,WATCH,MONITOR,-10.0,ROBUST,False
82280,0.4984587323733354,0.0,10.480603599462803,WATCH,MONITOR,-10.0,ROBUST,False
82281,0.7282399584500068,7.673020802037064,6.565715572724072,HIGH_RISK,TRANSPORT_MODE_REVIEW,350.01969714671816,ROBUST,True
82282,0.43981750382164886,0.0,11.229248693912288,WATCH,MONITOR,-10.0,ROBUST,False
82283,0.8235644228072504,7.6311637662020635,6.496744823818343,HIGH_RISK,HUMAN_REVIEW,-50.0,ROBUST,True
82284,0.25502653531993286,0.0,8.905167557760242,LOW_RISK,NO_ACTION,0.0,ROBUST,False
82285,0.345228923953086,0.0,10.163240718743936,WATCH,MONITOR,-10.0,ROBUST,False
82286,0.6807484712974887,7.2386020904197865,8.85083284864105,HIGH_RISK,HUMAN_REVIEW,-50.0,ROBUST,True
82289,0.302584447506832,0.0,12.728651528352533,WATCH,MONITOR,-10.0,ROBUST,False
82290,0.44835622801066666,0.0,11.562867346610785,WATCH,MONITOR,-10.0,ROBUST,False
82291,0.18538460645558752,0.0,10.96476135554887,LOW_RISK,NO_ACTION,0.0,ROBUST,False
82292,0.2705559579077701,0.0,8.462137036868159,LOW_RISK,NO_ACTION,0.0,ROBUST,False
82293,0.4757923550859502,0.0,12.837048075274078,WATCH,MONITOR,-10.0,ROBUST,False
82294,0.27142553512227896,0.0,12.14633113365734,LOW_RISK,NO_ACTION,0.0,ROBUST,False
82295,0.24334705293295933,0.0,7.40184157874383,LOW_RISK,NO_ACTION,0.0,ROBUST,False
82296,0.2762146592493513,0.0,9.184817414745098,LOW_RISK,NO_ACTION,0.0,ROBUST,False
82297,0.3077811066070225,0.0,9.058046633632065,WATCH,MONITOR,-10.0,ROBUST,False
82298,0.35279653765258756,0.0,10.29416046016942,WATCH,MONITOR,-10.0,ROBUST,False
82299,0.4202771203666925,0.0,8.301769763117166,WATCH,MONITOR,-10.0,ROBUST,False
82300,0.2808408823057257,0.0,6.728006409987116,LOW_RISK,NO_ACTION,0.0,ROBUST,False
82301,0.42699237403605617,0.0,10.077382874785199,WATCH,MONITOR,-10.0,ROBUST,False
82302,0.31348826454083223,0.0,10.49005124769329,WATCH,MONITOR,-10.0,ROBUST,False
82303,0.2353922041471911,0.0,8.986071187374463,LOW_RISK,NO_ACTION,0.0,ROBUST,False
82304,0.3631803312477657,0.0,10.62232684601953,WATCH,MONITOR,-10.0,ROBUST,False
82305,0.38708890189739653,0.0,7.214357236286429,WATCH,MONITOR,-10.0,ROBUST,False
82306,0.32321959025179503,0.0,10.65201030862384,WATCH,MONITOR,-10.0,ROBUST,False
82307,0.12264598925388936,0.0,8.31164394850298,LOW_RISK,NO_ACTION,0.0,ROBUST,False
82308,0.16795315006432998,0.0,6.5536484631491145,LOW_RISK,NO_ACTION,0.0,ROBUST,False
82309,0.21411908835609128,0.0,10.845880050019476,LOW_RISK,NO_ACTION,0.0,ROBUST,False
82310,0.21305024238059725,0.0,8.388450315523512,LOW_RISK,NO_ACTION,0.0,ROBUST,False
82311,0.3693683200987482,0.0,11.962534786911686,WATCH,MONITOR,-10.0,ROBUST,False
82312,0.10733946466945304,0.0,6.1675164908883415,LOW_RISK,NO_ACTION,0.0,ROBUST,False
82314,0.402272710819808,0.0,9.867912187022208,WATCH,MONITOR,-10.0,ROBUST,False
82315,0.2061369899227733,0.0,10.971443019693446,LOW_RISK,NO_ACTION,0.0,ROBUST,False
82316,0.22400873848644098,0.0,10.977584446243227,LOW_RISK,NO_ACTION,0.0,ROBUST,False
82317,0.3111639311775697,0.0,13.300678586159451,WATCH,MONITOR,-10.0,ROBUST,False
82318,0.18637024037558303,0.0,12.215829888436133,LOW_RISK,NO_ACTION,0.0,ROBUST,False
82319,0.4537885254302111,0.0,10.807077975832051,WATCH,MONITOR,-10.0,ROBUST,False
82320,0.1341475117306261,0.0,9.853509182729887,LOW_RISK,NO_ACTION,0.0,ROBUST,False
82321,0.27775294492042596,0.0,14.021871570998995,LOW_RISK,NO_ACTION,0.0,ROBUST,False
82322,0.439768907781956,0.0,10.284010850340083,WATCH,MONITOR,-10.0,ROBUST,False
82323,0.3463375577684943,0.0,13.087817480251646,WATCH,MONITOR,-10.0,ROBUST,False
82324,0.2169318063370534,0.0,12.442123024238537,LOW_RISK,NO_ACTION,0.0,ROBUST,False
82325,0.2683040831105843,0.0,12.194134670620683,LOW_RISK,NO_ACTION,0.0,ROBUST,False
82326,0.38267775213700583,0.0,13.459180126103012,WATCH,MONITOR,-10.0,ROBUST,False
82327,0.4893042973455598,0.0,7.748287446455141,WATCH,MONITOR,-10.0,ROBUST,False
82328,0.45725548735177346,0.0,9.27430998131412,WATCH,MONITOR,-10.0,ROBUST,False
82329,0.23697312335295073,0.0,9.120437546046865,LOW_RISK,NO_ACTION,0.0,ROBUST,False
82330,0.49927915171514303,0.0,9.44549154241467,WATCH,MONITOR,-10.0,ROBUST,False
82331,0.10140186541242331,0.0,11.401875461494688,LOW_RISK,NO_ACTION,0.0,ROBUST,False
82332,0.11105190232336604,0.0,8.865983533413916,LOW_RISK,NO_ACTION,0.0,ROBUST,False
82333,0.42953620606847753,0.0,8.865983533413916,WATCH,MONITOR,-10.0,ROBUST,False
82334,0.1797850747332208,0.0,11.67129067972678,LOW_RISK,NO_ACTION,0.0,ROBUST,False
82335,0.12430770735849635,0.0,9.57644075656207,LOW_RISK,NO_ACTION,0.0,ROBUST,False
82336,0.1948592292946009,0.0,9.682329528756878,LOW_RISK,NO_ACTION,0.0,ROBUST,False
82337,0.2704400615923441,0.0,11.918397239722838,LOW_RISK,NO_ACTION,0.0,ROBUST,False
82338,0.3922265081733619,0.0,11.900966315218028,WATCH,MONITOR,-10.0,ROBUST,False
82339,0.3497342106204822,0.0,12.129304985694676,WATCH,MONITOR,-10.0,ROBUST,False
82341,0.1950484870241682,0.0,13.112617682011896,LOW_RISK,NO_ACTION,0.0,ROBUST,False
82342,0.3013081792402338,0.0,9.994287576862567,WATCH,MONITOR,-10.0,ROBUST,False
82343,0.47048564215942756,0.0,12.857643901602742,WATCH,MONITOR,-10.0,ROBUST,False
82345,0.8547294059876028,7.393162802829054,11.196655285666324,CRITICAL,SUPPLIER_ESCALATION,200.02239331057126,ROBUST,True
82346,0.22927591393271737,0.0,12.792441083000808,LOW_RISK,NO_ACTION,0.0,ROBUST,False
82347,0.4929058245422785,0.0,8.986659176157065,WATCH,MONITOR,-10.0,ROBUST,False
82349,0.8509326577409609,15.718363366377083,8.446985296372741,CRITICAL,HUMAN_REVIEW,-50.0,ROBUST,True
82350,0.12497974226671271,0.0,9.684149252062896,LOW_RISK,NO_ACTION,0.0,ROBUST,False
82351,0.11406428531545548,0.0,8.598994352104636,LOW_RISK,NO_ACTION,0.0,ROBUST,False
82352,0.16736317960401198,0.0,14.317200881649264,LOW_RISK,NO_ACTION,0.0,ROBUST,False
82353,0.7533340915468502,0.9734913119098438,13.216330018701223,HIGH_RISK,TRANSPORT_MODE_REVIEW,46.03656276892511,SENSITIVE,True
82354,0.781293894672096,5.787217896996052,14.665397443930484,HIGH_RISK,TRANSPORT_MODE_REVIEW,350.04399619233175,ROBUST,True
82355,0.3045947076835334,0.0,7.861310966608403,WATCH,MONITOR,-10.0,ROBUST,False
82356,0.1373040480723327,0.0,6.2029402935545095,LOW_RISK,NO_ACTION,0.0,ROBUST,False
82357,0.46835446313207807,0.0,8.404864006442319,WATCH,MONITOR,-10.0,ROBUST,False
82358,0.8128166465473159,11.19325253505339,8.98692178284254,HIGH_RISK,EXPEDITE,250.04493460891422,SENSITIVE,True
82359,0.6316204132189387,2.521349806939785,9.168288454744314,HIGH_RISK,TRANSPORT_MODE_REVIEW,278.22558750329307,ROBUST,True
82360,0.47795025676421776,0.0,7.321962067027056,WATCH,MONITOR,-10.0,ROBUST,False
82361,0.8013038941598729,0.8481007093946308,7.111185798986327,HIGH_RISK,TRANSPORT_MODE_REVIEW,27.22113741091536,SENSITIVE,True
82362,0.8091072498012899,13.598232128334452,8.964751805331455,HIGH_RISK,EXPEDITE,250.0448237590267,SENSITIVE,True
82363,0.7088948521211615,21.224611955771714,10.069265939227154,HIGH_RISK,HUMAN_REVIEW,-50.0,ROBUST,True
82364,0.46347710652116236,0.0,10.754828371996258,WATCH,MONITOR,-10.0,ROBUST,False
82365,0.30736301789383036,0.0,8.709630081951286,WATCH,MONITOR,-10.0,ROBUST,False
82366,0.12997760507939873,0.0,14.279617510936172,LOW_RISK,NO_ACTION,0.0,ROBUST,False
82367,0.14411069131062676,0.0,9.173592359178036,LOW_RISK,NO_ACTION,0.0,ROBUST,False
82368,0.8659141085880425,22.97365018635964,10.980637837904906,CRITICAL,HUMAN_REVIEW,-50.0,ROBUST,True
82369,0.47609367714915585,0.0,9.893578620826004,WATCH,MONITOR,-10.0,ROBUST,False
82370,0.8884249858926149,24.238957856607367,14.090759716050977,CRITICAL,SUPPLIER_ESCALATION,200.0281815194321,ROBUST,True
82371,0.44704754647565303,0.0,13.660519691946094,WATCH,MONITOR,-10.0,ROBUST,False
82372,0.789412793293013,5.201099667645119,7.576097340623111,HIGH_RISK,SUPPLIER_ESCALATION,200.01515219468126,ROBUST,True
82373,0.11728547981999933,0.0,10.735200525586501,LOW_RISK,NO_ACTION,0.0,ROBUST,False
82374,0.6746375366217531,47.83605781787969,8.638459929705764,HIGH_RISK,SUPPLIER_ESCALATION,200.0172769198589,ROBUST,True
82378,0.8826174658465786,42.70140712611868,9.120315002926853,CRITICAL,HUMAN_REVIEW,-50.0,ROBUST,True
82379,0.6894817362702368,18.519021807341996,8.701559323307979,HIGH_RISK,SUPPLIER_ESCALATION,200.0174031186466,ROBUST,True
82380,0.2474709695396579,0.0,9.412105014314744,LOW_RISK,NO_ACTION,0.0,ROBUST,False
82381,0.7179365394621238,15.41918382942959,13.93062425632998,HIGH_RISK,EXPEDITE,250.06965312128204,SENSITIVE,True
82382,0.6417762212354112,21.583677688703386,12.422242980385084,HIGH_RISK,HUMAN_REVIEW,-50.0,ROBUST,True
82383,0.6032145893086077,30.37027580879681,10.230712882272085,HIGH_RISK,TRANSPORT_MODE_REVIEW,350.0306921386464,ROBUST,True
82384,0.7632772011045752,35.62647766419126,11.910029046074355,HIGH_RISK,TRANSPORT_MODE_REVIEW,350.0357300871383,ROBUST,True
82385,0.16437480448096736,0.0,8.510305525812262,LOW_RISK,NO_ACTION,0.0,ROBUST,False
82386,0.17249912242646198,0.0,12.379296863403214,LOW_RISK,NO_ACTION,0.0,ROBUST,False
82387,0.7071577001979135,24.40770893716664,9.425790403921374,HIGH_RISK,TRANSPORT_MODE_REVIEW,350.02827737121197,ROBUST,True
82388,0.3549219305713298,0.0,10.491301994830229,WATCH,MONITOR,-10.0,ROBUST,False
82389,0.39576716546634627,0.0,12.536330469770542,WATCH,MONITOR,-10.0,ROBUST,False
82390,0.172420144188859,0.0,6.961296045910167,LOW_RISK,NO_ACTION,0.0,ROBUST,False
82391,0.4836028347057738,0.0,11.60244436216834,WATCH,MONITOR,-10.0,ROBUST,False
82392,0.3554957025156952,0.0,7.032633087114387,WATCH,MONITOR,-10.0,ROBUST,False
82393,0.7523273514565707,4.254321355208715,11.73434609290399,HIGH_RISK,SUPPLIER_ESCALATION,200.02346869218582,ROBUST,True
82394,0.31602628611366873,0.0,11.376931843546751,WATCH,MONITOR,-10.0,ROBUST,False
82395,0.26571073903595305,0.0,14.400989985462251,LOW_RISK,NO_ACTION,0.0,ROBUST,False
82397,0.4908731626379984,0.0,14.105400611031815,WATCH,MONITOR,-10.0,ROBUST,False
82398,0.3328485483279344,0.0,9.662099833895889,WATCH,MONITOR,-10.0,ROBUST,False
82399,0.7989438746925627,12.269798675456432,10.002730896390796,HIGH_RISK,HUMAN_REVIEW,-50.0,ROBUST,True
82401,0.481316958546516,0.0,11.824352237470576,WATCH,MONITOR,-10.0,ROBUST,False
82402,0.37014185080346373,0.0,8.536509425932822,WATCH,MONITOR,-10.0,ROBUST,False
82403,0.31957547140747,0.0,9.212338374638856,WATCH,MONITOR,-10.0,ROBUST,False
82404,0.10140434036426026,0.0,13.935844293373995,LOW_RISK,NO_ACTION,0.0,ROBUST,False
82405,0.1160078562956024,0.0,10.256429136149697,LOW_RISK,NO_ACTION,0.0,ROBUST,False
82406,0.18034048642044653,0.0,13.139307845621113,LOW_RISK,NO_ACTION,0.0,ROBUST,False
82407,0.1744033727423981,0.0,11.031628222271088,LOW_RISK,NO_ACTION,0.0,ROBUST,False
82408,0.20190351807993814,0.0,11.714224145026954,LOW_RISK,NO_ACTION,0.0,ROBUST,False
82409,0.22197385507906434,0.0,7.832172898067901,LOW_RISK,NO_ACTION,0.0,ROBUST,False
82410,0.6769941621558287,4.386859183359913,12.41674272554783,HIGH_RISK,TRANSPORT_MODE_REVIEW,350.0372502281766,ROBUST,True
82411,0.8256342998090924,2.1451567008958565,10.214178503820644,HIGH_RISK,SUPPLIER_ESCALATION,200.0204283570076,ROBUST,True
82412,0.13954653538240588,0.0,11.32572755808324,LOW_RISK,NO_ACTION,0.0,ROBUST,False
82413,0.11694477278111282,0.0,10.846578917465877,LOW_RISK,NO_ACTION,0.0,ROBUST,False
82414,0.36957777962920935,0.0,12.156812651007744,WATCH,MONITOR,-10.0,ROBUST,False
82415,0.3149339299372311,0.0,13.980937026470908,WATCH,MONITOR,-10.0,ROBUST,False
82416,0.2776576808880479,0.0,8.650762083337654,LOW_RISK,NO_ACTION,0.0,ROBUST,False
82417,0.35377597646734094,0.0,9.845540592581278,WATCH,MONITOR,-10.0,ROBUST,False
82418,0.43107176288141624,0.0,10.129824001124454,WATCH,MONITOR,-10.0,ROBUST,False
82419,0.2710771636464818,0.0,14.001315623623116,LOW_RISK,NO_ACTION,0.0,ROBUST,False
82420,0.35644778602079175,0.0,10.28153007506632,WATCH,MONITOR,-10.0,ROBUST,False
82421,0.4814288895340635,0.0,12.361036537467957,WATCH,MONITOR,-10.0,ROBUST,False
82422,0.43584979834462434,0.0,9.301277366968284,WATCH,MONITOR,-10.0,ROBUST,False
82423,0.2704003242009638,0.0,10.885050911026479,LOW_RISK,NO_ACTION,0.0,ROBUST,False
82424,0.3578867351258972,0.0,10.941571048129415,WATCH,MONITOR,-10.0,ROBUST,False
82425,0.17082836876637592,0.0,11.949895700065218,LOW_RISK,NO_ACTION,0.0,ROBUST,False
82426,0.324208873958036,0.0,11.6166829564711,WATCH,MONITOR,-10.0,ROBUST,False
82427,0.4925313164553772,0.0,11.664014835195731,WATCH,MONITOR,-10.0,ROBUST,False
82428,0.3073260460810089,0.0,12.786947786336526,WATCH,MONITOR,-10.0,ROBUST,False
82429,0.6202814248417149,6.424479299711528,9.424725681616493,HIGH_RISK,SUPPLIER_ESCALATION,200.01884945136328,ROBUST,True
82430,0.2629339682013043,0.0,13.649367965038998,LOW_RISK,NO_ACTION,0.0,ROBUST,False
82431,0.49953793087385245,0.0,10.455340717696167,WATCH,MONITOR,-10.0,ROBUST,False
82432,0.3316880140910231,0.0,6.687382884463713,WATCH,MONITOR,-10.0,ROBUST,False
82433,0.11690759769437382,0.0,3.7443141610020367,LOW_RISK,NO_ACTION,0.0,ROBUST,False
82434,0.33470191867655524,0.0,6.38856140554563,WATCH,MONITOR,-10.0,ROBUST,False
82435,0.20982907827183866,0.0,5.733341276897746,LOW_RISK,NO_ACTION,0.0,ROBUST,False
82436,0.7124474773049994,3.5382608252414465,9.467846701917901,HIGH_RISK,SUPPLIER_ESCALATION,200.01893569340382,ROBUST,True
82437,0.7863991872467122,4.392352202706428,8.509318265419736,HIGH_RISK,EXPEDITE,158.8902063287909,SENSITIVE,True
82438,0.8156154339786608,4.234021403265164,6.780807878520335,HIGH_RISK,TRANSPORT_MODE_REVIEW,350.0203424236356,ROBUST,True
82439,0.41861942161859944,0.0,8.76565511071458,WATCH,MONITOR,-10.0,ROBUST,False
82440,0.6106770692419429,22.55712369932878,8.885244379803042,HIGH_RISK,HUMAN_REVIEW,-50.0,ROBUST,True
82441,0.8982990908057145,30.815391772009722,6.535183214175999,CRITICAL,TRANSPORT_MODE_REVIEW,350.0196055496426,ROBUST,True
82442,0.6698185046746655,5.834200653633148,4.808927023502111,HIGH_RISK,TRANSPORT_MODE_REVIEW,350.0144267810705,ROBUST,True
82443,0.24465813110200785,0.0,6.441329242512831,LOW_RISK,NO_ACTION,0.0,ROBUST,False
82444,0.3405504845772642,0.0,12.930910044569787,WATCH,MONITOR,-10.0,ROBUST,False
82445,0.6116873539045392,21.017788392891315,8.858297540364012,HIGH_RISK,TRANSPORT_MODE_REVIEW,350.02657489262083,ROBUST,True
82446,0.32418939286940074,0.0,2.7067159780890733,WATCH,MONITOR,-10.0,ROBUST,False
82447,0.46587829740848585,0.0,3.8628327612373745,WATCH,MONITOR,-10.0,ROBUST,False
82448,0.3697764285467474,0.0,11.61212117721608,WATCH,MONITOR,-10.0,ROBUST,False
82449,0.2614932016419721,0.0,10.64448826828931,LOW_RISK,NO_ACTION,0.0,ROBUST,False
82450,0.8026760320702316,1.0973994476465732,13.851061507302122,HIGH_RISK,SUPPLIER_ESCALATION,64.6251172942334,SENSITIVE,True
82451,0.17242515964638577,0.0,10.211009016314167,LOW_RISK,NO_ACTION,0.0,ROBUST,False
82452,0.317694703044167,0.0,9.382695764458287,WATCH,MONITOR,-10.0,ROBUST,False
82453,0.4802201487775025,0.0,13.867154740783278,WATCH,MONITOR,-10.0,ROBUST,False
82454,0.3501590519521651,0.0,13.013288282341966,WATCH,MONITOR,-10.0,ROBUST,False
82455,0.42678738018995055,0.0,12.460718739865236,WATCH,MONITOR,-10.0,ROBUST,False
82456,0.3614242902180772,0.0,10.698776524213361,WATCH,MONITOR,-10.0,ROBUST,False
82457,0.43574834541515617,0.0,10.681090764636389,WATCH,MONITOR,-10.0,ROBUST,False
82458,0.4777951519380975,0.0,7.633369649679584,WATCH,MONITOR,-10.0,ROBUST,False
82459,0.20916869101309474,0.0,13.658073646053017,LOW_RISK,NO_ACTION,0.0,ROBUST,False
82460,0.16786443250268757,0.0,13.013666190132906,LOW_RISK,NO_ACTION,0.0,ROBUST,False
82461,0.29359630013301596,0.0,10.373522431293592,LOW_RISK,NO_ACTION,0.0,ROBUST,False
82462,0.3807449707296864,0.0,11.014950253183057,WATCH,MONITOR,-10.0,ROBUST,False
82463,0.19087650127288647,0.0,10.073778699946109,LOW_RISK,NO_ACTION,0.0,ROBUST,False
82464,0.10164058017206684,0.0,8.358900612421644,LOW_RISK,NO_ACTION,0.0,ROBUST,False
82465,0.23717404633468214,0.0,12.125564079361418,LOW_RISK,NO_ACTION,0.0,ROBUST,False
82466,0.4875437341871154,0.0,11.485535768516854,WATCH,MONITOR,-10.0,ROBUST,False
82467,0.3779869842423387,0.0,10.194700882751727,WATCH,MONITOR,-10.0,ROBUST,False
82468,0.6020946785641044,4.6939962163995705,8.4345721627279,HIGH_RISK,SUPPLIER_ESCALATION,200.01686914432543,ROBUST,True
82469,0.17703043893873616,0.0,13.609102434896775,LOW_RISK,NO_ACTION,0.0,ROBUST,False
82470,0.2424358695018988,0.0,12.359846397186077,LOW_RISK,NO_ACTION,0.0,ROBUST,False
82471,0.1679357733204992,0.0,9.025335217553026,LOW_RISK,NO_ACTION,0.0,ROBUST,False
82472,0.14252232852518057,0.0,7.5126175446745105,LOW_RISK,NO_ACTION,0.0,ROBUST,False
82473,0.4626969490290216,0.0,12.22961005454439,WATCH,MONITOR,-10.0,ROBUST,False
82474,0.49906013535018945,0.0,10.62549231866888,WATCH,MONITOR,-10.0,ROBUST,False
82475,0.16564577583831613,0.0,14.707713904061356,LOW_RISK,NO_ACTION,0.0,ROBUST,False
82476,0.1218090235513119,0.0,12.027549864243364,LOW_RISK,NO_ACTION,0.0,ROBUST,False
82477,0.23189244285848495,0.0,13.203284197885479,LOW_RISK,NO_ACTION,0.0,ROBUST,False
82478,0.28466367230456613,0.0,11.685942199192375,LOW_RISK,NO_ACTION,0.0,ROBUST,False
82479,0.1819284988303418,0.0,14.699278511355924,LOW_RISK,NO_ACTION,0.0,ROBUST,False
82480,0.2205699647194234,0.0,12.519791548657462,LOW_RISK,NO_ACTION,0.0,ROBUST,False
82481,0.1803482942766631,0.0,10.166816735934962,LOW_RISK,NO_ACTION,0.0,ROBUST,False
82482,0.4097042273729805,0.0,12.445360532902454,WATCH,MONITOR,-10.0,ROBUST,False
82483,0.38503117729890435,0.0,10.166816735934962,WATCH,MONITOR,-10.0,ROBUST,False
82484,0.8627714774999684,0.8640819017582182,10.046201654735302,CRITICAL,HUMAN_REVIEW,-50.0,SENSITIVE,True
82485,0.2548871428316819,0.0,11.488643018250334,LOW_RISK,NO_ACTION,0.0,ROBUST,False
82486,0.747887091496758,10.117080411633207,12.09645530465645,HIGH_RISK,HUMAN_REVIEW,-50.0,ROBUST,True
82487,0.487813016614008,0.0,12.157412722878947,WATCH,MONITOR,-10.0,ROBUST,False
82489,0.16945572505016482,0.0,12.714097350382492,LOW_RISK,NO_ACTION,0.0,ROBUST,False
82490,0.18920505656475123,0.0,7.340297147210876,LOW_RISK,NO_ACTION,0.0,ROBUST,False
82491,0.3102524112001479,0.0,13.573585380954317,WATCH,MONITOR,-10.0,ROBUST,False
82492,0.13650022771289813,0.0,8.885465821444388,LOW_RISK,NO_ACTION,0.0,ROBUST,False
82493,0.6894198603510012,0.9933402653555533,10.404961989926047,HIGH_RISK,HUMAN_REVIEW,-50.0,SENSITIVE,True
82494,0.33271650591108404,0.0,12.910058771909025,WATCH,MONITOR,-10.0,ROBUST,False
82495,0.3088294284549332,0.0,13.469310093203259,WATCH,MONITOR,-10.0,ROBUST,False
82496,0.23236343323121045,0.0,10.054249640422317,LOW_RISK,NO_ACTION,0.0,ROBUST,False
82497,0.31697832243088275,0.0,10.058249474088525,WATCH,MONITOR,-10.0,ROBUST,False
82498,0.48352038170353917,0.0,12.318491095269875,WATCH,MONITOR,-10.0,ROBUST,False
82499,0.18240696171655044,0.0,12.390737953592097,LOW_RISK,NO_ACTION,0.0,ROBUST,False
82500,0.3619325433576015,0.0,9.616871578266345,WATCH,MONITOR,-10.0,ROBUST,False
82501,0.11735867766242075,0.0,7.742402021815782,LOW_RISK,NO_ACTION,0.0,ROBUST,False
82502,0.12656656179257397,0.0,11.869559788083945,LOW_RISK,NO_ACTION,0.0,ROBUST,False
82503,0.320731289689434,0.0,12.917514945117462,WATCH,MONITOR,-10.0,ROBUST,False
82504,0.1419756721311798,0.0,11.625490823303025,LOW_RISK,NO_ACTION,0.0,ROBUST,False
82505,0.10893871537074294,0.0,11.607372363163279,LOW_RISK,NO_ACTION,0.0,ROBUST,False
82506,0.1686051990592089,0.0,10.737189404656668,LOW_RISK,NO_ACTION,0.0,ROBUST,False
82507,0.3259396683998298,0.0,13.400787224442707,WATCH,MONITOR,-10.0,ROBUST,False
82508,0.381336381807573,0.0,11.813798058728347,WATCH,MONITOR,-10.0,ROBUST,False
82509,0.18099142565655202,0.0,12.365641477767022,LOW_RISK,NO_ACTION,0.0,ROBUST,False
82510,0.3673037748832698,0.0,12.408417393529595,WATCH,MONITOR,-10.0,ROBUST,False
82511,0.17299053243969176,0.0,6.397596099759307,LOW_RISK,NO_ACTION,0.0,ROBUST,False
82512,0.3453829706525029,0.0,12.214048751655794,WATCH,MONITOR,-10.0,ROBUST,False
82513,0.26478387195831954,0.0,8.938662873666118,LOW_RISK,NO_ACTION,0.0,ROBUST,False
82514,0.3615198037334467,0.0,13.916231301507274,WATCH,MONITOR,-10.0,ROBUST,False
82515,0.49802110099169894,0.0,8.21174896847881,WATCH,MONITOR,-10.0,ROBUST,False
82516,0.47512678609302483,0.0,13.374507750074981,WATCH,MONITOR,-10.0,ROBUST,False
82518,0.10171270313444146,0.0,13.587423595602763,LOW_RISK,NO_ACTION,0.0,ROBUST,False
82519,0.45417550574492227,0.0,14.195480748388057,WATCH,MONITOR,-10.0,ROBUST,False
82520,0.12659631806990662,0.0,10.889323003601277,LOW_RISK,NO_ACTION,0.0,ROBUST,False
82522,0.481218634463938,0.0,9.505328192343349,WATCH,MONITOR,-10.0,ROBUST,False
82523,0.2127302716398739,0.0,10.311516039047453,LOW_RISK,NO_ACTION,0.0,ROBUST,False
82524,0.2528139321645084,0.0,10.937579097686422,LOW_RISK,NO_ACTION,0.0,ROBUST,False
82525,0.13665528207029115,0.0,13.089842251812337,LOW_RISK,NO_ACTION,0.0,ROBUST,False
82526,0.14490910333156384,0.0,14.32168746115293,LOW_RISK,NO_ACTION,0.0,ROBUST,False
82527,0.3906962260917278,0.0,11.861301709760927,WATCH,MONITOR,-10.0,ROBUST,False
82528,0.47773289429931665,0.0,13.759898688783862,WATCH,MONITOR,-10.0,ROBUST,False
82529,0.3442993979817238,0.0,13.824230786016464,WATCH,MONITOR,-10.0,ROBUST,False
82530,0.3863400062107244,0.0,10.75871744246368,WATCH,MONITOR,-10.0,ROBUST,False
82531,0.4047878978388614,0.0,10.617084209963483,WATCH,MONITOR,-10.0,ROBUST,False
82532,0.2051257098211767,0.0,11.798447205584669,LOW_RISK,NO_ACTION,0.0,ROBUST,False
82533,0.7936603069231567,3.2397350519680232,12.785982032652324,HIGH_RISK,SUPPLIER_ESCALATION,200.02557196406525,ROBUST,True
82534,0.10074909756766744,0.0,10.86476159264221,LOW_RISK,NO_ACTION,0.0,ROBUST,False
82535,0.24025971318160746,0.0,10.865747712135832,LOW_RISK,NO_ACTION,0.0,ROBUST,False
82536,0.19658569127968645,0.0,11.817666698972825,LOW_RISK,NO_ACTION,0.0,ROBUST,False
82537,0.12492709001967427,0.0,10.197678396900734,LOW_RISK,NO_ACTION,0.0,ROBUST,False
82538,0.1718113169974667,0.0,8.456315162494935,LOW_RISK,NO_ACTION,0.0,ROBUST,False
82539,0.14979955930717914,0.0,10.48429771592365,LOW_RISK,NO_ACTION,0.0,ROBUST,False
82540,0.46595135224694817,0.0,10.954205850351515,WATCH,MONITOR,-10.0,ROBUST,False
82541,0.15610688538366757,0.0,13.366095129723817,LOW_RISK,NO_ACTION,0.0,ROBUST,False
82542,0.8860897823489069,21.820366729348525,11.488181236047756,CRITICAL,HUMAN_REVIEW,-50.0,ROBUST,True
82544,0.33724238204486584,0.0,10.757924157061597,WATCH,MONITOR,-10.0,ROBUST,False
82545,0.3173957830834535,0.0,10.327152697288243,WATCH,MONITOR,-10.0,ROBUST,False
82546,0.1396225736863952,0.0,11.198139100833105,LOW_RISK,NO_ACTION,0.0,ROBUST,False
82547,0.2275193447002205,0.0,8.666337072404179,LOW_RISK,NO_ACTION,0.0,ROBUST,False
82548,0.12050813298526131,0.0,11.236795871589699,LOW_RISK,NO_ACTION,0.0,ROBUST,False
82549,0.2582679656385264,0.0,11.773215271544727,LOW_RISK,NO_ACTION,0.0,ROBUST,False
82550,0.17543957250863682,0.0,12.40549137579267,LOW_RISK,NO_ACTION,0.0,ROBUST,False
82551,0.32465301331375196,0.0,9.54736959630808,WATCH,MONITOR,-10.0,ROBUST,False
82552,0.3771233575396402,0.0,11.08071075511935,WATCH,MONITOR,-10.0,ROBUST,False
82553,0.3128479440818826,0.0,8.272074955596562,WATCH,MONITOR,-10.0,ROBUST,False
82554,0.2736946786445583,0.0,11.79801327523195,LOW_RISK,NO_ACTION,0.0,ROBUST,False
82555,0.254933368342677,0.0,6.655028425126253,LOW_RISK,NO_ACTION,0.0,ROBUST,False
82556,0.4366767072388015,0.0,12.356345114811209,WATCH,MONITOR,-10.0,ROBUST,False
82557,0.18774722602610805,0.0,12.648169702163454,LOW_RISK,NO_ACTION,0.0,ROBUST,False
82558,0.3936873358115476,0.0,14.178515288468637,WATCH,MONITOR,-10.0,ROBUST,False
82559,0.4029929298960476,0.0,12.40549137579267,WATCH,MONITOR,-10.0,ROBUST,False
82560,0.2676800029082938,0.0,5.882486384538237,LOW_RISK,NO_ACTION,0.0,ROBUST,False
82562,0.8662406820638647,7.019444847446165,7.731645593583959,CRITICAL,TRANSPORT_MODE_REVIEW,350.02319493678067,ROBUST,True
82564,0.2882165944183901,0.0,13.098636508333529,LOW_RISK,NO_ACTION,0.0,ROBUST,False
82565,0.13728557035707942,0.0,10.6691442140575,LOW_RISK,NO_ACTION,0.0,ROBUST,False
82566,0.6207110810734124,0.9250650173383641,9.474819321996161,HIGH_RISK,HUMAN_REVIEW,-50.0,SENSITIVE,True
82567,0.14464127978075672,0.0,10.336133232605999,LOW_RISK,NO_ACTION,0.0,ROBUST,False
82568,0.17485801258489048,0.0,10.946132658742844,LOW_RISK,NO_ACTION,0.0,ROBUST,False
82569,0.3016707281352172,0.0,9.84932910488263,WATCH,MONITOR,-10.0,ROBUST,False
82570,0.43965465446444885,0.0,9.211060112900531,WATCH,MONITOR,-10.0,ROBUST,False
82571,0.1942569327998748,0.0,8.824957263900707,LOW_RISK,NO_ACTION,0.0,ROBUST,False
82572,0.47406480429871123,0.0,14.695999672111025,WATCH,MONITOR,-10.0,ROBUST,False
82573,0.4819631635740014,0.0,13.844681906514554,WATCH,MONITOR,-10.0,ROBUST,False
82574,0.48356184193808216,0.0,11.770153639201558,WATCH,MONITOR,-10.0,ROBUST,False
82575,0.43502509387052957,0.0,6.997138840116823,WATCH,MONITOR,-10.0,ROBUST,False
82577,0.24553001631908825,0.0,12.277001641517879,LOW_RISK,NO_ACTION,0.0,ROBUST,False
82578,0.12907356440104922,0.0,14.198268464581767,LOW_RISK,NO_ACTION,0.0,ROBUST,False
82582,0.327527492706598,0.0,8.970279526784962,WATCH,MONITOR,-10.0,ROBUST,False
82583,0.7928385211518927,17.080262221642215,12.903612663436503,HIGH_RISK,TRANSPORT_MODE_REVIEW,350.0387108379905,ROBUST,True
82584,0.4399903068438382,0.0,14.453990865276406,WATCH,MONITOR,-10.0,ROBUST,False
82585,0.4983964203784421,0.0,10.712031145253155,WATCH,MONITOR,-10.0,ROBUST,False
82588,0.3032629226240591,0.0,10.702897891249561,WATCH,MONITOR,-10.0,ROBUST,False
82589,0.8471992955639935,7.706218884776222,10.68562955841758,HIGH_RISK,SUPPLIER_ESCALATION,200.0213712591168,ROBUST,True
82590,0.6612262983467281,14.438074651301976,9.505064590211262,HIGH_RISK,TRANSPORT_MODE_REVIEW,350.0285151937708,ROBUST,True
82591,0.7407122242554462,13.742437831196165,13.133371762182366,HIGH_RISK,HUMAN_REVIEW,-50.0,ROBUST,True
82593,0.30364547699555167,0.0,6.23342985266278,WATCH,MONITOR,-10.0,ROBUST,False
82594,0.3222074666810383,0.0,6.562161567911363,WATCH,MONITOR,-10.0,ROBUST,False
82595,0.6329589341222349,145.10289356543734,11.213589077374968,HIGH_RISK,EXPEDITE,250.05606794538835,SENSITIVE,True
82596,0.8651051903063969,139.28127159401916,11.263066719525916,CRITICAL,EXPEDITE,250.05631533360065,SENSITIVE,True
82597,0.7028788988277588,16.49261859057149,10.815948961904583,HIGH_RISK,TRANSPORT_MODE_REVIEW,350.0324478468856,ROBUST,True
82599,0.35123339062857417,0.0,11.805845047688257,WATCH,MONITOR,-10.0,ROBUST,False
82600,0.6076045812791815,2.081962610530876,12.140398653322585,HIGH_RISK,SUPPLIER_ESCALATION,200.02428079730666,ROBUST,True
82601,0.15932069392309886,0.0,11.948435341361705,LOW_RISK,NO_ACTION,0.0,ROBUST,False
82602,0.44213445212092595,0.0,11.943536156232838,WATCH,MONITOR,-10.0,ROBUST,False
82603,0.6167222560762325,4.479789767245671,6.494207594680617,HIGH_RISK,EXPEDITE,171.99755777157964,SENSITIVE,True
82604,0.7829438284644351,1.915581952785695,10.668676285961045,HIGH_RISK,TRANSPORT_MODE_REVIEW,187.35772964160776,SENSITIVE,True
82605,0.672241144821952,1.727592507064968,9.314920182963409,HIGH_RISK,TRANSPORT_MODE_REVIEW,159.15496844605718,SENSITIVE,True
82606,0.716042172615564,7.833947328962854,12.322899668796747,HIGH_RISK,TRANSPORT_MODE_REVIEW,350.03696869900625,ROBUST,True
82611,0.6241742436859541,4.670023269910762,9.548532557208848,HIGH_RISK,TRANSPORT_MODE_REVIEW,350.02864559767164,ROBUST,True
82612,0.2850139773182825,0.0,13.374678860018665,LOW_RISK,NO_ACTION,0.0,ROBUST,False
82613,0.6893931706487532,100.91075410647113,11.175936054637743,HIGH_RISK,TRANSPORT_MODE_REVIEW,350.03352780816385,ROBUST,True
82617,0.3660309759993713,0.0,12.105139757889381,WATCH,MONITOR,-10.0,ROBUST,False
82618,0.43585175502759677,0.0,8.64299377821856,WATCH,MONITOR,-10.0,ROBUST,False
82619,0.24415124862262783,0.0,6.5982910212014,LOW_RISK,NO_ACTION,0.0,ROBUST,False
82620,0.7451580656592934,81.14254601691746,9.372748295313002,HIGH_RISK,HUMAN_REVIEW,-50.0,ROBUST,True
82621,0.4927671138005657,0.0,13.122297375226234,WATCH,MONITOR,-10.0,ROBUST,False
82622,0.6923037268433846,10.95064263781276,10.531162442798411,HIGH_RISK,TRANSPORT_MODE_REVIEW,350.03159348732834,ROBUST,True
82623,0.4588816523727166,0.0,9.677276802172448,WATCH,MONITOR,-10.0,ROBUST,False
82625,0.2755048882606519,0.0,12.514663351075232,LOW_RISK,NO_ACTION,0.0,ROBUST,False
82626,0.1936304815936461,0.0,12.788444817373746,LOW_RISK,NO_ACTION,0.0,ROBUST,False
82627,0.6617383130968265,21.632953184473454,9.783841031669194,HIGH_RISK,HUMAN_REVIEW,-50.0,ROBUST,True
82629,0.8224698325400489,7.58317511184026,4.711330381816482,HIGH_RISK,HUMAN_REVIEW,-50.0,ROBUST,True
82631,0.14377216193439174,0.0,11.626263078808801,LOW_RISK,NO_ACTION,0.0,ROBUST,False
82633,0.8653436182790277,10.175262027370664,12.698012041977233,CRITICAL,HUMAN_REVIEW,-50.0,ROBUST,True
82634,0.7661979766509392,21.401299432781332,13.702109638048414,HIGH_RISK,TRANSPORT_MODE_REVIEW,350.0411063289139,ROBUST,True
82635,0.7603677657468926,10.242392282831116,10.63128467965443,HIGH_RISK,SUPPLIER_ESCALATION,200.02126256935935,ROBUST,True
82636,0.65863740011052,9.421714122031798,12.976278663369975,HIGH_RISK,HUMAN_REVIEW,-50.0,ROBUST,True
82637,0.10986547531920432,0.0,10.475427090160382,LOW_RISK,NO_ACTION,0.0,ROBUST,False
82639,0.8749467453346542,9.029861330127703,13.760844212810678,CRITICAL,TRANSPORT_MODE_REVIEW,350.04128253263843,ROBUST,True
82640,0.6983514596550102,2.9283350050089423,11.856288902629167,HIGH_RISK,TRANSPORT_MODE_REVIEW,339.2849699371644,ROBUST,True
82641,0.7116246764888687,17.33389309517785,11.47061277658443,HIGH_RISK,TRANSPORT_MODE_REVIEW,350.03441183833,ROBUST,True
82645,0.8279470975285166,10.189861389414666,9.082620630373812,HIGH_RISK,HUMAN_REVIEW,-50.0,ROBUST,True
82646,0.49004076044008016,0.0,3.044522437723423,WATCH,MONITOR,-10.0,ROBUST,False
82648,0.8856187339917008,22.815897745478164,11.941479037922864,CRITICAL,HUMAN_REVIEW,-50.0,ROBUST,True
82649,0.1939716772116573,0.0,13.497649678574419,LOW_RISK,NO_ACTION,0.0,ROBUST,False
82650,0.779228772772026,20.884827732163405,13.123839127948639,HIGH_RISK,TRANSPORT_MODE_REVIEW,350.03937151738364,ROBUST,True
82651,0.15931301515836638,0.0,8.240648863374913,LOW_RISK,NO_ACTION,0.0,ROBUST,False
82653,0.38081426739285684,0.0,11.640447588047344,WATCH,MONITOR,-10.0,ROBUST,False
82654,0.39030355018131024,0.0,8.622640903272364,WATCH,MONITOR,-10.0,ROBUST,False
82655,0.739510900266273,11.976277954857943,12.708936962023442,HIGH_RISK,HUMAN_REVIEW,-50.0,ROBUST,True
82656,0.6680935618414563,2.0939491039120552,11.71837149489721,HIGH_RISK,TRANSPORT_MODE_REVIEW,214.11690326029935,ROBUST,True
82657,0.16791077590324888,0.0,10.85466056168403,LOW_RISK,NO_ACTION,0.0,ROBUST,False
82661,0.8757624093161176,42.496740621213355,8.496667983121275,CRITICAL,SUPPLIER_ESCALATION,200.0169933359657,ROBUST,True
82662,0.727131035979277,17.81584699887935,10.803397651407296,HIGH_RISK,EXPEDITE,250.054016988257,SENSITIVE,True
82663,0.39153365884892144,0.0,10.794111697661032,WATCH,MONITOR,-10.0,ROBUST,False
82664,0.27654403147424855,0.0,10.050740066056402,LOW_RISK,NO_ACTION,0.0,ROBUST,False
82665,0.23545587787458735,0.0,10.74507628970625,LOW_RISK,NO_ACTION,0.0,ROBUST,False
82666,0.21739143094360577,0.0,11.23589974470695,LOW_RISK,NO_ACTION,0.0,ROBUST,False
82667,0.18458812801989863,0.0,6.312224707282048,LOW_RISK,NO_ACTION,0.0,ROBUST,False
82668,0.8728645419036416,38.14323505372731,9.310080724059823,CRITICAL,HUMAN_REVIEW,-50.0,ROBUST,True
82669,0.13793217553764056,0.0,6.6419651529464545,LOW_RISK,NO_ACTION,0.0,ROBUST,False
82670,0.8286523761544934,9.88158541137589,7.6853171346844436,HIGH_RISK,HUMAN_REVIEW,-50.0,ROBUST,True
82671,0.843542015505266,42.7678687044278,14.047032655029328,HIGH_RISK,TRANSPORT_MODE_REVIEW,350.0421410979652,ROBUST,True
82672,0.17456553886653073,0.0,10.146325882193773,LOW_RISK,NO_ACTION,0.0,ROBUST,False
82674,0.730108299396114,2.508749324064258,13.758994448391004,HIGH_RISK,TRANSPORT_MODE_REVIEW,276.3469164776609,ROBUST,True
82675,0.23018759547064907,0.0,10.984166326029174,LOW_RISK,NO_ACTION,0.0,ROBUST,False
82676,0.3672948067909375,0.0,11.32961541978256,WATCH,MONITOR,-10.0,ROBUST,False
82677,0.38675367023891094,0.0,11.481745998161037,WATCH,MONITOR,-10.0,ROBUST,False
82678,0.8822976967723312,12.30038905807038,10.902518887949263,CRITICAL,HUMAN_REVIEW,-50.0,ROBUST,True
82680,0.4834790965461594,0.0,13.606024566142413,WATCH,MONITOR,-10.0,ROBUST,False
82683,0.1085759466492453,0.0,10.088806279990122,LOW_RISK,NO_ACTION,0.0,ROBUST,False
82685,0.8415291936123405,58.92358046879356,13.321800293892299,HIGH_RISK,TRANSPORT_MODE_REVIEW,350.03996540088156,ROBUST,True
82687,0.8535118946689928,2.118786673496102,12.37581963951765,CRITICAL,HUMAN_REVIEW,-50.0,SENSITIVE,True
82688,0.7185160013570387,16.535658129941858,11.41697608091839,HIGH_RISK,TRANSPORT_MODE_REVIEW,350.0342509282427,ROBUST,True
82691,0.6153790377527995,5.2403596904640555,11.524728533889316,HIGH_RISK,TRANSPORT_MODE_REVIEW,350.0345741856016,ROBUST,True
82693,0.7205628813710219,8.330975547183254,11.013102423527124,HIGH_RISK,SUPPLIER_ESCALATION,200.02202620484718,ROBUST,True
82694,0.16898073595058616,0.0,14.299171130180117,LOW_RISK,NO_ACTION,0.0,ROBUST,False
82695,0.34052334552588165,0.0,13.979207116284956,WATCH,MONITOR,-10.0,ROBUST,False
82696,0.38487519279179694,0.0,13.575565396793088,WATCH,MONITOR,-10.0,ROBUST,False
82697,0.22682950774522329,0.0,13.439571067081019,LOW_RISK,NO_ACTION,0.0,ROBUST,False
82698,0.3158026295937182,0.0,10.05195066017375,WATCH,MONITOR,-10.0,ROBUST,False
82699,0.6559259414561923,7.9810026946707024,11.74635576579003,HIGH_RISK,TRANSPORT_MODE_REVIEW,350.0352390672973,ROBUST,True
82700,0.2685359266444194,0.0,14.006925246638144,LOW_RISK,NO_ACTION,0.0,ROBUST,False
82701,0.44160621218218377,0.0,12.389543708055855,WATCH,MONITOR,-10.0,ROBUST,False
82702,0.40861997411512685,0.0,12.292254928916668,WATCH,MONITOR,-10.0,ROBUST,False
82703,0.12586621754022828,0.0,12.78347081415423,LOW_RISK,NO_ACTION,0.0,ROBUST,False
82704,0.34845011963633166,0.0,12.218008380401407,WATCH,MONITOR,-10.0,ROBUST,False
82705,0.19413022038389985,0.0,14.347961264991337,LOW_RISK,NO_ACTION,0.0,ROBUST,False
82706,0.3230073058669101,0.0,7.856675820877918,WATCH,MONITOR,-10.0,ROBUST,False
82707,0.8901813571110893,34.424038122934114,8.990995845221194,CRITICAL,HUMAN_REVIEW,-50.0,ROBUST,True
82708,0.8145375059450664,47.67167273409694,7.442023954474594,HIGH_RISK,HUMAN_REVIEW,-50.0,ROBUST,True
82709,0.8871404497619388,41.82621841224453,10.435296576799399,CRITICAL,TRANSPORT_MODE_REVIEW,350.03130588973,ROBUST,True
82710,0.21660554333774137,0.0,6.390559408208303,LOW_RISK,NO_ACTION,0.0,ROBUST,False
82711,0.19376229776330361,0.0,4.865224091322398,LOW_RISK,NO_ACTION,0.0,ROBUST,False
82712,0.31300594790260805,0.0,8.367309395478731,WATCH,MONITOR,-10.0,ROBUST,False
82713,0.7575148020736153,73.44507881152454,10.616439811369641,HIGH_RISK,HUMAN_REVIEW,-50.0,ROBUST,True
82714,0.31971000325129945,0.0,10.525732540014166,WATCH,MONITOR,-10.0,ROBUST,False
82721,0.10053345579631681,0.0,8.984417963211538,LOW_RISK,NO_ACTION,0.0,ROBUST,False
82723,0.7340179406107922,68.67547547123054,8.3953418915839,HIGH_RISK,HUMAN_REVIEW,-50.0,ROBUST,True
82724,0.18797372553223252,0.0,9.43838310268866,LOW_RISK,NO_ACTION,0.0,ROBUST,False
82725,0.48848751598431284,0.0,0.0,WATCH,MONITOR,-10.0,ROBUST,False
82726,0.6002830245802893,25.43633943262084,12.691484148981683,HIGH_RISK,TRANSPORT_MODE_REVIEW,350.03807445244684,ROBUST,True
82727,0.2398613521848951,0.0,10.93784572406446,LOW_RISK,NO_ACTION,0.0,ROBUST,False
82729,0.13713803461224822,0.0,12.6897356838327,LOW_RISK,NO_ACTION,0.0,ROBUST,False
82730,0.6727061085410286,14.862036758146376,5.574736246721107,HIGH_RISK,TRANSPORT_MODE_REVIEW,350.01672420874047,ROBUST,True
82731,0.18537915253041692,0.0,10.562509018366697,LOW_RISK,NO_ACTION,0.0,ROBUST,False
82732,0.3145718183593431,0.0,13.689708122706483,WATCH,MONITOR,-10.0,ROBUST,False
82733,0.43414494167155704,0.0,10.625456370494483,WATCH,MONITOR,-10.0,ROBUST,False
82735,0.34631702084055416,0.0,12.14362793084918,WATCH,MONITOR,-10.0,ROBUST,False
82736,0.35351536781800086,0.0,9.151205889350658,WATCH,MONITOR,-10.0,ROBUST,False
82739,0.3164121156251246,0.0,9.970075534593212,WATCH,MONITOR,-10.0,ROBUST,False
82740,0.47090625305256373,0.0,10.54975798717383,WATCH,MONITOR,-10.0,ROBUST,False
82742,0.8309239868571261,4.588767635903596,12.210296960534563,HIGH_RISK,TRANSPORT_MODE_REVIEW,350.0366308908816,ROBUST,True
82743,0.30508928042942085,0.0,7.447080892218029,WATCH,MONITOR,-10.0,ROBUST,False
82744,0.2223037948574018,0.0,8.153349757998892,LOW_RISK,NO_ACTION,0.0,ROBUST,False
82745,0.2838348023517776,0.0,13.841872751637922,LOW_RISK,NO_ACTION,0.0,ROBUST,False
82746,0.17462316487824628,0.0,13.552695717002438,LOW_RISK,NO_ACTION,0.0,ROBUST,False
82748,0.6205322127727878,20.778976959271574,10.031351163588793,HIGH_RISK,TRANSPORT_MODE_REVIEW,350.03009405349076,ROBUST,True
82749,0.3000369343128933,0.0,14.254330683981301,WATCH,MONITOR,-10.0,ROBUST,False
82750,0.14132019112531197,0.0,12.472710227893284,LOW_RISK,NO_ACTION,0.0,ROBUST,False
82751,0.17905911244784614,0.0,13.1791236008659,LOW_RISK,NO_ACTION,0.0,ROBUST,False
82752,0.2918527824798107,0.0,12.81431741457771,LOW_RISK,NO_ACTION,0.0,ROBUST,False
82753,0.7791937134992135,4.3166190627678205,12.190550447113246,HIGH_RISK,SUPPLIER_ESCALATION,200.02438110089417,ROBUST,True
82754,0.326556288252439,0.0,11.64070468301384,WATCH,MONITOR,-10.0,ROBUST,False
82755,0.3726140000833883,0.0,12.739308904545895,WATCH,MONITOR,-10.0,ROBUST,False
82756,0.8563642179606541,14.256739020440264,8.982309899088579,CRITICAL,HUMAN_REVIEW,-50.0,ROBUST,True
82757,0.32856455721769373,0.0,9.870458034321825,WATCH,MONITOR,-10.0,ROBUST,False
82758,0.278951929055227,0.0,9.153748856242663,LOW_RISK,NO_ACTION,0.0,ROBUST,False
82760,0.36365196504926434,0.0,13.74880542475026,WATCH,MONITOR,-10.0,ROBUST,False
82761,0.12023022643160415,0.0,6.540654748416958,LOW_RISK,NO_ACTION,0.0,ROBUST,False
82762,0.29732008649558367,0.0,6.534631506044636,LOW_RISK,NO_ACTION,0.0,ROBUST,False
82763,0.2183970500575868,0.0,10.015860424055777,LOW_RISK,NO_ACTION,0.0,ROBUST,False
82765,0.23047402451116372,0.0,10.348205424565993,LOW_RISK,NO_ACTION,0.0,ROBUST,False
82766,0.4843669726232246,0.0,11.041536556668365,WATCH,MONITOR,-10.0,ROBUST,False
82772,0.8119812386982653,10.88426042921155,8.996329986043195,HIGH_RISK,EXPEDITE,250.04498164993038,SENSITIVE,True
82773,0.22449810103143877,0.0,11.38927854530186,LOW_RISK,NO_ACTION,0.0,ROBUST,False
82774,0.7905970040124963,33.11590805444792,11.661919270950538,HIGH_RISK,TRANSPORT_MODE_REVIEW,350.03498575781214,ROBUST,True
82779,0.6589460900868633,10.587706791862741,12.245751907380084,HIGH_RISK,HUMAN_REVIEW,-50.0,ROBUST,True
82781,0.6635237586157259,0.8875154983230334,8.346272002771954,HIGH_RISK,TRANSPORT_MODE_REVIEW,33.1347321942107,SENSITIVE,True
82782,0.3975461123552685,0.0,11.51666964676516,WATCH,MONITOR,-10.0,ROBUST,False
82783,0.44254963928592095,0.0,10.80814690138033,WATCH,MONITOR,-10.0,ROBUST,False
82784,0.2240065423287396,0.0,13.570821816973565,LOW_RISK,NO_ACTION,0.0,ROBUST,False
82785,0.8573804741991986,8.039692828652353,14.810944984289883,CRITICAL,EXPEDITE,250.07405472492133,SENSITIVE,True
82786,0.8000782342376043,11.874949955578984,13.02934654187459,HIGH_RISK,HUMAN_REVIEW,-50.0,ROBUST,True
82787,0.4331423234471684,0.0,10.992066340225865,WATCH,MONITOR,-10.0,ROBUST,False
82788,0.11773874478144047,0.0,11.721629587692492,LOW_RISK,NO_ACTION,0.0,ROBUST,False
82790,0.223368435531472,0.0,9.60999530029921,LOW_RISK,NO_ACTION,0.0,ROBUST,False
82791,0.879049560858765,16.420274071342142,13.413392915834947,CRITICAL,TRANSPORT_MODE_REVIEW,350.0402401787478,ROBUST,True
82792,0.3261773998261371,0.0,9.351926736038054,WATCH,MONITOR,-10.0,ROBUST,False
82794,0.2745157437174777,0.0,10.173716959367646,LOW_RISK,NO_ACTION,0.0,ROBUST,False
82795,0.31597929088855375,0.0,11.642026520628923,WATCH,MONITOR,-10.0,ROBUST,False
82799,0.17903383433132733,0.0,11.787276066953106,LOW_RISK,NO_ACTION,0.0,ROBUST,False
82800,0.2722866486432042,0.0,11.681156549005491,LOW_RISK,NO_ACTION,0.0,ROBUST,False
82801,0.6908325384815901,8.851861800005738,13.928304278774712,HIGH_RISK,EXPEDITE,250.06964152139403,SENSITIVE,True
82802,0.46047564878184066,0.0,9.05481808525945,WATCH,MONITOR,-10.0,ROBUST,False
82803,0.20433406512159055,0.0,12.199146112389277,LOW_RISK,NO_ACTION,0.0,ROBUST,False
82804,0.447131400865973,0.0,13.451380752611149,WATCH,MONITOR,-10.0,ROBUST,False
82805,0.35769656033039277,0.0,11.242231605547303,WATCH,MONITOR,-10.0,ROBUST,False
82806,0.7139212214464946,22.47708949480617,10.867932055648492,HIGH_RISK,TRANSPORT_MODE_REVIEW,350.03260379616677,ROBUST,True
82808,0.38985253475975745,0.0,10.428321401368562,WATCH,MONITOR,-10.0,ROBUST,False
82809,0.11422075101962204,0.0,9.945343252598668,LOW_RISK,NO_ACTION,0.0,ROBUST,False
82810,0.4989524507255253,0.0,13.130680137082592,WATCH,MONITOR,-10.0,ROBUST,False
82811,0.4490546750764791,0.0,13.263677227990236,WATCH,MONITOR,-10.0,ROBUST,False
82812,0.8286636174942531,6.6613556123219535,12.188931573152257,HIGH_RISK,TRANSPORT_MODE_REVIEW,350.0365667947194,ROBUST,True
82813,0.7775150906677202,8.243490661165605,14.211035997495761,HIGH_RISK,TRANSPORT_MODE_REVIEW,350.04263310799263,ROBUST,True
82815,0.25257643284224357,0.0,11.325494557646817,LOW_RISK,NO_ACTION,0.0,ROBUST,False
82819,0.2424667861257772,0.0,10.325282926395671,LOW_RISK,NO_ACTION,0.0,ROBUST,False
82820,0.24893512735415244,0.0,9.127241331806468,LOW_RISK,NO_ACTION,0.0,ROBUST,False
82837,0.78074075113718,4.025873784550712,4.812184355372417,HIGH_RISK,TRANSPORT_MODE_REVIEW,350.01443655306605,ROBUST,True
82838,0.7469357603964722,4.360274054264412,4.250208060053033,HIGH_RISK,TRANSPORT_MODE_REVIEW,350.01275062418017,ROBUST,True
82839,0.1657054654882496,0.0,5.860786223465865,LOW_RISK,NO_ACTION,0.0,ROBUST,False
82840,0.4383925169784053,0.0,8.343077871169383,WATCH,MONITOR,-10.0,ROBUST,False
82841,0.42496099361252615,0.0,9.107115352300623,WATCH,MONITOR,-10.0,ROBUST,False
82842,0.2905932831421082,0.0,7.248816967937158,LOW_RISK,NO_ACTION,0.0,ROBUST,False
82843,0.4410919861114191,0.0,8.214140256873726,WATCH,MONITOR,-10.0,ROBUST,False
82844,0.19885802801211733,0.0,9.772581282688328,LOW_RISK,NO_ACTION,0.0,ROBUST,False
82845,0.10702618228158678,0.0,12.07170364506727,LOW_RISK,NO_ACTION,0.0,ROBUST,False
82846,0.3476831700119292,0.0,10.20975828042422,WATCH,MONITOR,-10.0,ROBUST,False
82847,0.7974922318518185,5.709315766564693,8.335263557810356,HIGH_RISK,HUMAN_REVIEW,-50.0,ROBUST,True
82848,0.3268658185183483,0.0,12.833346441084734,WATCH,MONITOR,-10.0,ROBUST,False
82849,0.45973576360736124,0.0,8.480632936104435,WATCH,MONITOR,-10.0,ROBUST,False
82850,0.48797022942637736,0.0,3.955848484968176,WATCH,MONITOR,-10.0,ROBUST,False
82851,0.7041007006236599,6.950536049995162,11.207003383697842,HIGH_RISK,SUPPLIER_ESCALATION,200.02241400676735,ROBUST,True
82854,0.40562223594097535,0.0,8.675392806089782,WATCH,MONITOR,-10.0,ROBUST,False
82855,0.13352337339486572,0.0,12.47915237076039,LOW_RISK,NO_ACTION,0.0,ROBUST,False
82856,0.16428623395660225,0.0,10.596659732783579,LOW_RISK,NO_ACTION,0.0,ROBUST,False
82857,0.3932819219811906,0.0,5.879135362134062,WATCH,MONITOR,-10.0,ROBUST,False
82858,0.2725461825552008,0.0,8.431663625093606,LOW_RISK,NO_ACTION,0.0,ROBUST,False
82859,0.2783861081617623,0.0,10.698229667844808,LOW_RISK,NO_ACTION,0.0,ROBUST,False
82860,0.22344307265417465,0.0,8.498336516565931,LOW_RISK,NO_ACTION,0.0,ROBUST,False
82861,0.3429425533910975,0.0,8.022044047035255,WATCH,MONITOR,-10.0,ROBUST,False
82862,0.17406601816648104,0.0,10.04405351942302,LOW_RISK,NO_ACTION,0.0,ROBUST,False
82863,0.6036009081818048,0.9229019924515245,9.880495243609861,HIGH_RISK,HUMAN_REVIEW,-50.0,SENSITIVE,True
82864,0.7658444627155048,1.9724160042513197,12.073689165230697,HIGH_RISK,HUMAN_REVIEW,-50.0,SENSITIVE,True
82865,0.12553041388388544,0.0,6.013715156042802,LOW_RISK,NO_ACTION,0.0,ROBUST,False
82866,0.23214307547962443,0.0,13.479513754306897,LOW_RISK,NO_ACTION,0.0,ROBUST,False
82867,0.19245613680393908,0.0,6.6315273565754715,LOW_RISK,NO_ACTION,0.0,ROBUST,False
82868,0.4555966554225329,0.0,8.735621644103475,WATCH,MONITOR,-10.0,ROBUST,False
82869,0.12198138154745064,0.0,8.543055850941965,LOW_RISK,NO_ACTION,0.0,ROBUST,False
82870,0.17064547702964916,0.0,7.368592020403056,LOW_RISK,NO_ACTION,0.0,ROBUST,False
82871,0.3194878422332198,0.0,5.929589143389895,WATCH,MONITOR,-10.0,ROBUST,False
82872,0.29242687633898945,0.0,9.328212292571072,LOW_RISK,NO_ACTION,0.0,ROBUST,False
82873,0.11834080734988062,0.0,12.073689165230697,LOW_RISK,NO_ACTION,0.0,ROBUST,False
82874,0.10290097120605779,0.0,13.134692105350227,LOW_RISK,NO_ACTION,0.0,ROBUST,False
82875,0.49522717678445993,0.0,9.441798064830424,WATCH,MONITOR,-10.0,ROBUST,False
82876,0.36353388014353527,0.0,5.545177444479562,WATCH,MONITOR,-10.0,ROBUST,False
82877,0.24616245236062273,0.0,9.521568058002977,LOW_RISK,NO_ACTION,0.0,ROBUST,False
82878,0.28817289906529653,0.0,9.236105579862208,LOW_RISK,NO_ACTION,0.0,ROBUST,False
82879,0.20662004818171478,0.0,9.347228624038305,LOW_RISK,NO_ACTION,0.0,ROBUST,False
82880,0.8306241394087539,46.07954206247313,10.064159777925026,HIGH_RISK,EXPEDITE,250.05032079888952,SENSITIVE,True
82881,0.35961778690728563,0.0,11.146935845249686,WATCH,MONITOR,-10.0,ROBUST,False
82882,0.45312471954694833,0.0,10.464274083455889,WATCH,MONITOR,-10.0,ROBUST,False
82883,0.17365200923247395,0.0,9.282616381396126,LOW_RISK,NO_ACTION,0.0,ROBUST,False
82884,0.43614460215412754,0.0,11.313266479778829,WATCH,MONITOR,-10.0,ROBUST,False
82885,0.14862265180730763,0.0,13.068713540128345,LOW_RISK,NO_ACTION,0.0,ROBUST,False
82886,0.1859968894353565,0.0,7.860998769528571,LOW_RISK,NO_ACTION,0.0,ROBUST,False
82887,0.1148701152198584,0.0,9.748002649695733,LOW_RISK,NO_ACTION,0.0,ROBUST,False
82888,0.1563247448371998,0.0,11.135479138929584,LOW_RISK,NO_ACTION,0.0,ROBUST,False
82889,0.46692125818562025,0.0,8.784009071186633,WATCH,MONITOR,-10.0,ROBUST,False
82890,0.2837754986473514,0.0,12.238941497488344,LOW_RISK,NO_ACTION,0.0,ROBUST,False
82891,0.13106634471134143,0.0,10.933124826700707,LOW_RISK,NO_ACTION,0.0,ROBUST,False
82892,0.48389073521558457,0.0,5.13202662682661,WATCH,MONITOR,-10.0,ROBUST,False
82893,0.4515969231034601,0.0,13.707605919880853,WATCH,MONITOR,-10.0,ROBUST,False
82894,0.4018730083472565,0.0,9.103418638251402,WATCH,MONITOR,-10.0,ROBUST,False
82895,0.4733891167790232,0.0,9.017604776833355,WATCH,MONITOR,-10.0,ROBUST,False
82896,0.18805176833430567,0.0,10.396994062531652,LOW_RISK,NO_ACTION,0.0,ROBUST,False
82897,0.4345477172040345,0.0,10.225607282932941,WATCH,MONITOR,-10.0,ROBUST,False
82898,0.37599647854172247,0.0,8.898502209646642,WATCH,MONITOR,-10.0,ROBUST,False
82899,0.44790369982707534,0.0,10.021315031649332,WATCH,MONITOR,-10.0,ROBUST,False
82900,0.4187646262970519,0.0,6.621405651764134,WATCH,MONITOR,-10.0,ROBUST,False
82901,0.23859802527073,0.0,5.420534999272286,LOW_RISK,NO_ACTION,0.0,ROBUST,False
82902,0.40975941480690226,0.0,10.871440510734077,WATCH,MONITOR,-10.0,ROBUST,False
82903,0.20498252119395613,0.0,9.77286620732769,LOW_RISK,NO_ACTION,0.0,ROBUST,False
82904,0.23143686521122195,0.0,9.371693622333941,LOW_RISK,NO_ACTION,0.0,ROBUST,False
82905,0.14316228688919047,0.0,6.5536484631491145,LOW_RISK,NO_ACTION,0.0,ROBUST,False
82906,0.4740306463921875,0.0,12.747818280594485,WATCH,MONITOR,-10.0,ROBUST,False
82907,0.21640134536011263,0.0,8.075747475340135,LOW_RISK,NO_ACTION,0.0,ROBUST,False
82908,0.6855617408041242,14.305536352288645,12.072194907220622,HIGH_RISK,TRANSPORT_MODE_REVIEW,350.0362165847214,ROBUST,True
82909,0.7892311260517861,11.417691034547554,6.22455842927536,HIGH_RISK,EXPEDITE,250.03112279214656,SENSITIVE,True
82910,0.48397124823340065,0.0,10.868587496017359,WATCH,MONITOR,-10.0,ROBUST,False
82911,0.23401966837539298,0.0,10.964415280897114,LOW_RISK,NO_ACTION,0.0,ROBUST,False
82912,0.4114183285690757,0.0,12.119503025497025,WATCH,MONITOR,-10.0,ROBUST,False
82914,0.442166461852472,0.0,12.500691477934783,WATCH,MONITOR,-10.0,ROBUST,False
82915,0.27424259899238634,0.0,10.303906617422061,LOW_RISK,NO_ACTION,0.0,ROBUST,False
82916,0.25126872578117254,0.0,9.16879936903131,LOW_RISK,NO_ACTION,0.0,ROBUST,False
82917,0.6168672884552917,8.274802518778587,7.998671361015776,HIGH_RISK,TRANSPORT_MODE_REVIEW,350.0239960140831,ROBUST,True
82918,0.46515839212249366,0.0,6.246494287284514,WATCH,MONITOR,-10.0,ROBUST,False
82919,0.8738402401223586,4.041933882758426,9.870602725200351,CRITICAL,TRANSPORT_MODE_REVIEW,350.02961180817556,ROBUST,True
82920,0.19085054623674624,0.0,12.900471542366335,LOW_RISK,NO_ACTION,0.0,ROBUST,False
82921,0.7639221222636396,4.153810221005219,11.247716959481364,HIGH_RISK,EXPEDITE,123.118254032452,SENSITIVE,True
82922,0.6749232537688066,30.97283150662295,11.49250436646015,HIGH_RISK,EXPEDITE,250.05746252183235,SENSITIVE,True
82923,0.3304917647111737,0.0,12.895214314729591,WATCH,MONITOR,-10.0,ROBUST,False
82924,0.4325742477170844,0.0,9.899529730681785,WATCH,MONITOR,-10.0,ROBUST,False
82925,0.1753579069601969,0.0,12.322273007196323,LOW_RISK,NO_ACTION,0.0,ROBUST,False
82926,0.4138040542710213,0.0,10.806105232822933,WATCH,MONITOR,-10.0,ROBUST,False
82927,0.6298739140620087,20.739235687388287,6.4309767518552015,HIGH_RISK,EXPEDITE,250.03215488375918,SENSITIVE,True
82928,0.4573366567310433,0.0,13.192894811363466,WATCH,MONITOR,-10.0,ROBUST,False
82929,0.8891055566061148,1.0831041223301614,11.852257893055606,CRITICAL,HUMAN_REVIEW,-50.0,SENSITIVE,True
82931,0.2682728948163714,0.0,12.935621376829017,LOW_RISK,NO_ACTION,0.0,ROBUST,False
82932,0.433137237146735,0.0,9.227738149152604,WATCH,MONITOR,-10.0,ROBUST,False
82933,0.6239145219561855,22.180254046636826,10.289926132105546,HIGH_RISK,HUMAN_REVIEW,-50.0,ROBUST,True
82934,0.8049342857169139,7.161427684083883,11.387944838692373,HIGH_RISK,HUMAN_REVIEW,-50.0,ROBUST,True
82935,0.8797700126117882,22.202935998962857,11.47564946763076,CRITICAL,HUMAN_REVIEW,-50.0,ROBUST,True
82936,0.7726995758992259,5.237824045173873,12.331310226890043,HIGH_RISK,SUPPLIER_ESCALATION,200.0246626204538,ROBUST,True
82937,0.4902172774895813,0.0,7.576097340623111,WATCH,MONITOR,-10.0,ROBUST,False
82938,0.17301262040346957,0.0,8.687661441179191,LOW_RISK,NO_ACTION,0.0,ROBUST,False
82941,0.8299041639313958,5.836456111393213,12.272567065150636,HIGH_RISK,EXPEDITE,250.06136283532567,SENSITIVE,True
82942,0.4011477778014283,0.0,12.349504800947706,WATCH,MONITOR,-10.0,ROBUST,False
82943,0.36311136289527146,0.0,10.200680502860115,WATCH,MONITOR,-10.0,ROBUST,False
82944,0.7946048860072094,55.68016786238684,13.132117649435262,HIGH_RISK,EXPEDITE,250.06566058824683,SENSITIVE,True
82945,0.311959670322003,0.0,8.620846650882362,WATCH,MONITOR,-10.0,ROBUST,False
82946,0.7870515933742012,47.66862509343344,8.789004994706985,HIGH_RISK,TRANSPORT_MODE_REVIEW,350.0263670149843,ROBUST,True
82947,0.6393863916014473,8.124774429094275,11.40017101475869,HIGH_RISK,TRANSPORT_MODE_REVIEW,350.0342005130442,ROBUST,True
82948,0.6929075133315568,8.662557775753562,10.116217065501464,HIGH_RISK,SUPPLIER_ESCALATION,200.020232434131,ROBUST,True
82949,0.660538484475737,12.578140778815833,8.773694146384443,HIGH_RISK,SUPPLIER_ESCALATION,200.01754738829277,ROBUST,True
82950,0.8726479493150587,16.01522402973459,11.561482840141641,CRITICAL,SUPPLIER_ESCALATION,200.02312296568016,ROBUST,True
82951,0.8281200201862449,11.881027843760327,12.484919552600571,HIGH_RISK,EXPEDITE,250.06242459776286,SENSITIVE,True
82952,0.8029195106730018,19.031840575116462,11.553600312664921,HIGH_RISK,EXPEDITE,250.0577680015631,SENSITIVE,True
82953,0.6902898958894865,23.822425525992486,9.377785149539706,HIGH_RISK,HUMAN_REVIEW,-50.0,ROBUST,True
82954,0.11070823428125115,0.0,12.624662512606092,LOW_RISK,NO_ACTION,0.0,ROBUST,False
82955,0.13677517436833508,0.0,8.885302512980633,LOW_RISK,NO_ACTION,0.0,ROBUST,False
82956,0.3743716882832878,0.0,6.709304340258298,WATCH,MONITOR,-10.0,ROBUST,False
82958,0.6677368656451887,12.87868371148378,12.42031461506161,HIGH_RISK,EXPEDITE,250.06210157307532,SENSITIVE,True
82959,0.44591608879995814,0.0,8.07081858495947,WATCH,MONITOR,-10.0,ROBUST,False
82960,0.6121001556415355,0.9656111695021443,14.155382323917845,HIGH_RISK,TRANSPORT_MODE_REVIEW,44.85534402060219,SENSITIVE,True
82961,0.6978510762384761,6.236109463678791,14.036421314446287,HIGH_RISK,TRANSPORT_MODE_REVIEW,350.0421092639433,ROBUST,True
82962,0.34668493230685393,0.0,11.252612095978138,WATCH,MONITOR,-10.0,ROBUST,False
82964,0.13748994642388657,0.0,12.361995725157097,LOW_RISK,NO_ACTION,0.0,ROBUST,False
82965,0.8953963432772518,2.3094478925275213,12.248051570548176,CRITICAL,HUMAN_REVIEW,-50.0,SENSITIVE,True
82966,0.4966030753114008,0.0,13.286183160425152,WATCH,MONITOR,-10.0,ROBUST,False
82967,0.6391059390129796,12.62201481289342,12.284969774201658,HIGH_RISK,HUMAN_REVIEW,-50.0,ROBUST,True
82968,0.661060462166069,18.425104449519747,9.820855662487624,HIGH_RISK,HUMAN_REVIEW,-50.0,ROBUST,True
82969,0.8307183399479172,21.288803455631566,11.357347099818442,HIGH_RISK,HUMAN_REVIEW,-50.0,ROBUST,True
82970,0.7276516977815528,29.204827224188215,9.338161743414068,HIGH_RISK,TRANSPORT_MODE_REVIEW,350.02801448522996,ROBUST,True
82971,0.44243813289455347,0.0,6.331501849893691,WATCH,MONITOR,-10.0,ROBUST,False
82972,0.1669691790985005,0.0,5.983936280687191,LOW_RISK,NO_ACTION,0.0,ROBUST,False
82973,0.20621424224550486,0.0,13.319075754505358,LOW_RISK,NO_ACTION,0.0,ROBUST,False
82974,0.27817347011441207,0.0,12.969823013655231,LOW_RISK,NO_ACTION,0.0,ROBUST,False
82975,0.38489955673760556,0.0,12.1676787424752,WATCH,MONITOR,-10.0,ROBUST,False
82976,0.8655716636122697,19.820071344658324,12.204359378726398,CRITICAL,TRANSPORT_MODE_REVIEW,350.0366130781358,ROBUST,True
82977,0.626011970278692,7.1926409768745225,12.838941550538891,HIGH_RISK,HUMAN_REVIEW,-50.0,ROBUST,True
82978,0.1377828205074877,0.0,10.536114793300285,LOW_RISK,NO_ACTION,0.0,ROBUST,False
82979,0.248321679017939,0.0,7.172478297861446,LOW_RISK,NO_ACTION,0.0,ROBUST,False
82980,0.38358164937136874,0.0,9.261354727463896,WATCH,MONITOR,-10.0,ROBUST,False
82981,0.19039470626459698,0.0,13.674689828271593,LOW_RISK,NO_ACTION,0.0,ROBUST,False
82984,0.3625652536918692,0.0,9.782731351400328,WATCH,MONITOR,-10.0,ROBUST,False
82985,0.1656867832909384,0.0,8.212188613621707,LOW_RISK,NO_ACTION,0.0,ROBUST,False
82986,0.12239211394467456,0.0,11.849819041386791,LOW_RISK,NO_ACTION,0.0,ROBUST,False
82987,0.8824003178360705,11.556447673873915,8.504310565585223,CRITICAL,TRANSPORT_MODE_REVIEW,350.02551293169677,ROBUST,True
82988,0.4719939132536539,0.0,9.281689398880985,WATCH,MONITOR,-10.0,ROBUST,False
82989,0.3207003531758206,0.0,11.798305589972799,WATCH,MONITOR,-10.0,ROBUST,False
82990,0.4185383101918596,0.0,7.02197642307216,WATCH,MONITOR,-10.0,ROBUST,False
82991,0.2330618003620205,0.0,7.358193752733032,LOW_RISK,NO_ACTION,0.0,ROBUST,False
82992,0.3370634591541787,0.0,10.873927018147802,WATCH,MONITOR,-10.0,ROBUST,False
82993,0.8102425254005221,1.7967224340506134,12.914671482015606,HIGH_RISK,TRANSPORT_MODE_REVIEW,169.53156918757213,SENSITIVE,True
82994,0.4782951837609176,0.0,10.460464433044717,WATCH,MONITOR,-10.0,ROBUST,False
82995,0.3990298544216442,0.0,12.058777247803885,WATCH,MONITOR,-10.0,ROBUST,False
82996,0.3922170525986316,0.0,11.041954968458946,WATCH,MONITOR,-10.0,ROBUST,False
82997,0.11854130777371182,0.0,13.692340206747854,LOW_RISK,NO_ACTION,0.0,ROBUST,False
82998,0.31986786760147645,0.0,13.292433102756606,WATCH,MONITOR,-10.0,ROBUST,False
82999,0.28679658156072596,0.0,5.08716414308538,LOW_RISK,NO_ACTION,0.0,ROBUST,False
83000,0.47113690664247787,0.0,4.9924713234685845,WATCH,MONITOR,-10.0,ROBUST,False
83001,0.2029367952758129,0.0,6.482403740066377,LOW_RISK,NO_ACTION,0.0,ROBUST,False
83002,0.20793338131643774,0.0,4.887864841928826,LOW_RISK,NO_ACTION,0.0,ROBUST,False
83003,0.26453849955260017,0.0,3.742420221041966,LOW_RISK,NO_ACTION,0.0,ROBUST,False
83004,0.19734788536255043,0.0,6.691649405019578,LOW_RISK,NO_ACTION,0.0,ROBUST,False
83005,0.8153028473380499,4.525321993748393,5.497496040408414,HIGH_RISK,TRANSPORT_MODE_REVIEW,350.0164924881213,ROBUST,True
83007,0.4429659386603203,0.0,6.062388885444681,WATCH,MONITOR,-10.0,ROBUST,False
83008,0.32331060976156634,0.0,4.4557416724961625,WATCH,MONITOR,-10.0,ROBUST,False
83009,0.4445450875826268,0.0,12.072729806556865,WATCH,MONITOR,-10.0,ROBUST,False
83010,0.4324539061614784,0.0,13.93062425632998,WATCH,MONITOR,-10.0,ROBUST,False
83011,0.8608601015444939,9.681715824561806,9.818800744368934,CRITICAL,HUMAN_REVIEW,-50.0,ROBUST,True
83012,0.31909497772970963,0.0,10.922953453937744,WATCH,MONITOR,-10.0,ROBUST,False
83013,0.1332870810960282,0.0,13.261417591137773,LOW_RISK,NO_ACTION,0.0,ROBUST,False
83014,0.4661007536123034,0.0,11.724930411713613,WATCH,MONITOR,-10.0,ROBUST,False
83015,0.26170508602606124,0.0,8.965251524489467,LOW_RISK,NO_ACTION,0.0,ROBUST,False
83016,0.2574704735556086,0.0,13.736468432874318,LOW_RISK,NO_ACTION,0.0,ROBUST,False
83017,0.2211021482471813,0.0,12.31816369027596,LOW_RISK,NO_ACTION,0.0,ROBUST,False
83018,0.7824634130299339,15.662680600285912,11.306984963997637,HIGH_RISK,TRANSPORT_MODE_REVIEW,350.0339209548922,ROBUST,True
83019,0.7333720503208285,18.64925270469716,14.550528063354186,HIGH_RISK,TRANSPORT_MODE_REVIEW,350.0436515841898,ROBUST,True
83020,0.24994090911872183,0.0,14.602291696070822,LOW_RISK,NO_ACTION,0.0,ROBUST,False
83021,0.6684993757105833,6.846051755937123,3.825375198702474,HIGH_RISK,TRANSPORT_MODE_REVIEW,350.0114761255961,ROBUST,True
83022,0.4337022014340688,0.0,6.963189985870238,WATCH,MONITOR,-10.0,ROBUST,False
83023,0.22167299105140648,0.0,9.607117179202906,LOW_RISK,NO_ACTION,0.0,ROBUST,False
83024,0.7422925994605291,2.534543100195239,14.09400917628775,HIGH_RISK,SUPPLIER_ESCALATION,200.02818801835258,ROBUST,True
83026,0.4495279105120209,0.0,9.907280350774824,WATCH,MONITOR,-10.0,ROBUST,False
83027,0.12106933273187886,0.0,9.516795129751248,LOW_RISK,NO_ACTION,0.0,ROBUST,False
83028,0.4556579847983142,0.0,13.213615552816822,WATCH,MONITOR,-10.0,ROBUST,False
83029,0.1876737382609327,0.0,9.642836819135377,LOW_RISK,NO_ACTION,0.0,ROBUST,False
83030,0.37141569768575033,0.0,8.45390828417631,WATCH,MONITOR,-10.0,ROBUST,False
83031,0.3330206785538401,0.0,12.977511648011237,WATCH,MONITOR,-10.0,ROBUST,False
83032,0.32117629927570085,0.0,12.977511648011237,WATCH,MONITOR,-10.0,ROBUST,False
83033,0.44374408990112857,0.0,11.129041108240564,WATCH,MONITOR,-10.0,ROBUST,False
83034,0.14062885745786452,0.0,9.956720215132854,LOW_RISK,NO_ACTION,0.0,ROBUST,False
83037,0.23881121013025441,0.0,12.15637702155571,LOW_RISK,NO_ACTION,0.0,ROBUST,False
83038,0.3153010985379062,0.0,11.267037714175425,WATCH,MONITOR,-10.0,ROBUST,False
83039,0.424515541578416,0.0,11.840032989230286,WATCH,MONITOR,-10.0,ROBUST,False
83040,0.1865772333646686,0.0,9.93212359907246,LOW_RISK,NO_ACTION,0.0,ROBUST,False
83041,0.4211719365497105,0.0,9.59590476797801,WATCH,MONITOR,-10.0,ROBUST,False
83042,0.2598553929975743,0.0,8.667163717992533,LOW_RISK,NO_ACTION,0.0,ROBUST,False
83043,0.17556554257347817,0.0,12.71842310614133,LOW_RISK,NO_ACTION,0.0,ROBUST,False
83044,0.403594576177393,0.0,10.166816735934962,WATCH,MONITOR,-10.0,ROBUST,False
83045,0.13635956058981913,0.0,9.787459226476006,LOW_RISK,NO_ACTION,0.0,ROBUST,False
83046,0.30590694963017717,0.0,7.98139158158007,WATCH,MONITOR,-10.0,ROBUST,False
83047,0.12555031354475538,0.0,11.685942199192375,LOW_RISK,NO_ACTION,0.0,ROBUST,False
83048,0.24256714206311503,0.0,11.61272301599288,LOW_RISK,NO_ACTION,0.0,ROBUST,False
83049,0.3404307196025571,0.0,13.994706117248505,WATCH,MONITOR,-10.0,ROBUST,False
83050,0.32244621659488526,0.0,9.134376833169144,WATCH,MONITOR,-10.0,ROBUST,False
83051,0.7746210393372671,6.305463937431634,12.406486380708131,HIGH_RISK,HUMAN_REVIEW,-50.0,ROBUST,True
83052,0.2716191975888463,0.0,13.267262778670135,LOW_RISK,NO_ACTION,0.0,ROBUST,False
83053,0.19070782134030662,0.0,12.40491760261858,LOW_RISK,NO_ACTION,0.0,ROBUST,False
83054,0.2823530353696412,0.0,9.377838434989451,LOW_RISK,NO_ACTION,0.0,ROBUST,False
83055,0.4813019422883337,0.0,9.411303751874792,WATCH,MONITOR,-10.0,ROBUST,False
83056,0.4401811671135162,0.0,10.864549526376923,WATCH,MONITOR,-10.0,ROBUST,False
83057,0.15809314763053753,0.0,11.40679798860655,LOW_RISK,NO_ACTION,0.0,ROBUST,False
83059,0.11191231492836838,0.0,10.968215530759236,LOW_RISK,NO_ACTION,0.0,ROBUST,False
83060,0.47340972508665224,0.0,14.26610697972511,WATCH,MONITOR,-10.0,ROBUST,False
83061,0.3106998999522991,0.0,11.61549107852535,WATCH,MONITOR,-10.0,ROBUST,False
83062,0.3151351292597231,0.0,11.907673348237187,WATCH,MONITOR,-10.0,ROBUST,False
83063,0.41228719828260896,0.0,12.241606377807443,WATCH,MONITOR,-10.0,ROBUST,False
83064,0.22587558954853063,0.0,9.034199674257309,LOW_RISK,NO_ACTION,0.0,ROBUST,False
83065,0.29276302753440087,0.0,11.408290796932382,LOW_RISK,NO_ACTION,0.0,ROBUST,False
83066,0.4874651652586951,0.0,12.463372569383804,WATCH,MONITOR,-10.0,ROBUST,False
83067,0.3688594747729629,0.0,6.064993780396097,WATCH,MONITOR,-10.0,ROBUST,False
83068,0.16149801279831438,0.0,9.153799649678469,LOW_RISK,NO_ACTION,0.0,ROBUST,False
83069,0.15329069919374133,0.0,11.80560254159177,LOW_RISK,NO_ACTION,0.0,ROBUST,False
83070,0.18170590333320216,0.0,14.295857732823327,LOW_RISK,NO_ACTION,0.0,ROBUST,False
83071,0.406684669768287,0.0,12.137794233042312,WATCH,MONITOR,-10.0,ROBUST,False
83072,0.21815080153624644,0.0,13.543721847591883,LOW_RISK,NO_ACTION,0.0,ROBUST,False
83073,0.10855553867003193,0.0,13.480102379032834,LOW_RISK,NO_ACTION,0.0,ROBUST,False
83074,0.4776697454022648,0.0,13.508966973628247,WATCH,MONITOR,-10.0,ROBUST,False
83075,0.8573573350552467,0.927941215571884,11.888708245874621,CRITICAL,HUMAN_REVIEW,-50.0,SENSITIVE,True
83076,0.10382327445922744,0.0,12.440296819370252,LOW_RISK,NO_ACTION,0.0,ROBUST,False
83077,0.19485264095332921,0.0,12.694216123362647,LOW_RISK,NO_ACTION,0.0,ROBUST,False
83078,0.19401151484725349,0.0,12.047139514659388,LOW_RISK,NO_ACTION,0.0,ROBUST,False
83079,0.6893578195170633,7.241575175574932,11.028433383156079,HIGH_RISK,EXPEDITE,250.05514216691586,SENSITIVE,True
83080,0.46815593260001476,0.0,13.1024997962505,WATCH,MONITOR,-10.0,ROBUST,False
83081,0.4516739671116392,0.0,11.055239263781333,WATCH,MONITOR,-10.0,ROBUST,False
83082,0.28275782199297117,0.0,11.07114133373139,LOW_RISK,NO_ACTION,0.0,ROBUST,False
83083,0.2643599619967226,0.0,8.944438055979298,LOW_RISK,NO_ACTION,0.0,ROBUST,False
83084,0.3220036345899405,0.0,10.215732960929731,WATCH,MONITOR,-10.0,ROBUST,False
83085,0.1973816047887063,0.0,10.667004189987752,LOW_RISK,NO_ACTION,0.0,ROBUST,False
83086,0.12087399678654515,0.0,12.468124707421358,LOW_RISK,NO_ACTION,0.0,ROBUST,False
83087,0.47568965446848266,0.0,11.655431811932765,WATCH,MONITOR,-10.0,ROBUST,False
83088,0.1746795939508691,0.0,12.48899716877066,LOW_RISK,NO_ACTION,0.0,ROBUST,False
83089,0.17936029169828657,0.0,11.191313150776038,LOW_RISK,NO_ACTION,0.0,ROBUST,False
83090,0.2889841315415791,0.0,6.26530121273771,LOW_RISK,NO_ACTION,0.0,ROBUST,False
83091,0.2966453379361323,0.0,10.233575165037859,LOW_RISK,NO_ACTION,0.0,ROBUST,False
83092,0.10737368388029678,0.0,10.411806437054931,LOW_RISK,NO_ACTION,0.0,ROBUST,False
83093,0.15918189550958828,0.0,13.060319874451974,LOW_RISK,NO_ACTION,0.0,ROBUST,False
83094,0.2512619274242967,0.0,12.326427482380103,LOW_RISK,NO_ACTION,0.0,ROBUST,False
83095,0.37349227740421564,0.0,9.770498869760827,WATCH,MONITOR,-10.0,ROBUST,False
83096,0.19136738273277434,0.0,11.375053235961534,LOW_RISK,NO_ACTION,0.0,ROBUST,False
83097,0.2692057784967051,0.0,9.297299414263042,LOW_RISK,NO_ACTION,0.0,ROBUST,False
83098,0.3229380258865867,0.0,12.141986928528002,WATCH,MONITOR,-10.0,ROBUST,False
83099,0.4554369978493168,0.0,10.24803141150499,WATCH,MONITOR,-10.0,ROBUST,False
83101,0.23042820093084934,0.0,8.900583091872544,LOW_RISK,NO_ACTION,0.0,ROBUST,False
83102,0.15342330634539342,0.0,7.61237638161571,LOW_RISK,NO_ACTION,0.0,ROBUST,False
83103,0.2957088903590433,0.0,14.30964574609772,LOW_RISK,NO_ACTION,0.0,ROBUST,False
83107,0.39868864067362486,0.0,12.557535248792428,WATCH,MONITOR,-10.0,ROBUST,False
83108,0.7817690445538449,126.407848840387,7.2724678346033365,HIGH_RISK,HUMAN_REVIEW,-50.0,ROBUST,True
83109,0.2698733966787842,0.0,10.656225879884644,LOW_RISK,NO_ACTION,0.0,ROBUST,False
83110,0.10711405650499338,0.0,10.827389247411618,LOW_RISK,NO_ACTION,0.0,ROBUST,False
83111,0.11342367265890047,0.0,10.048081281269111,LOW_RISK,NO_ACTION,0.0,ROBUST,False
83112,0.2931813452866663,0.0,11.206532768769305,LOW_RISK,NO_ACTION,0.0,ROBUST,False
83113,0.2192789192603718,0.0,12.328284703017642,LOW_RISK,NO_ACTION,0.0,ROBUST,False
83114,0.4380429196021649,0.0,8.234883329432812,WATCH,MONITOR,-10.0,ROBUST,False
83115,0.3408617224505817,0.0,8.876812596172412,WATCH,MONITOR,-10.0,ROBUST,False
83116,0.28157318469719617,0.0,7.3542343631809155,LOW_RISK,NO_ACTION,0.0,ROBUST,False
83117,0.26317414842171855,0.0,12.722598273363381,LOW_RISK,NO_ACTION,0.0,ROBUST,False
83118,0.7167625855870317,5.600134746904073,14.129591834730508,HIGH_RISK,EXPEDITE,250.07064795917358,SENSITIVE,True
83119,0.11617553248506454,0.0,11.376592895567896,LOW_RISK,NO_ACTION,0.0,ROBUST,False
83120,0.457117342568264,0.0,8.18796664129387,WATCH,MONITOR,-10.0,ROBUST,False
83121,0.4993212622935833,0.0,10.35365384138319,WATCH,MONITOR,-10.0,ROBUST,False
83122,0.7845209262044094,2.131727530831279,11.420973430279588,HIGH_RISK,TRANSPORT_MODE_REVIEW,219.78347602818212,ROBUST,True
83123,0.1481531859098479,0.0,11.294901287272843,LOW_RISK,NO_ACTION,0.0,ROBUST,False
83124,0.15743098537943812,0.0,9.901778092241102,LOW_RISK,NO_ACTION,0.0,ROBUST,False
83125,0.36441082329374686,0.0,13.334478336750738,WATCH,MONITOR,-10.0,ROBUST,False
83126,0.735847441585298,10.467935968465703,11.839918631106233,HIGH_RISK,TRANSPORT_MODE_REVIEW,350.03551975589335,ROBUST,True
83128,0.6836082947785578,9.29639384004243,12.115901737018875,HIGH_RISK,HUMAN_REVIEW,-50.0,ROBUST,True
83129,0.8876615619571231,1.7368979375844533,11.229451061185143,CRITICAL,SUPPLIER_ESCALATION,160.55419504805639,SENSITIVE,True
83130,0.6428442913418602,5.8271251116786065,11.88494264263897,HIGH_RISK,HUMAN_REVIEW,-50.0,ROBUST,True
83131,0.3451421446261276,0.0,9.142956205828648,WATCH,MONITOR,-10.0,ROBUST,False
83132,0.6847650802555917,29.151781139904006,8.886409166849282,HIGH_RISK,HUMAN_REVIEW,-50.0,ROBUST,True
83133,0.30509458811409007,0.0,9.96996793703604,WATCH,MONITOR,-10.0,ROBUST,False
83134,0.7214905762128565,7.470707595154486,10.164635693209368,HIGH_RISK,SUPPLIER_ESCALATION,200.02032927138634,ROBUST,True
83135,0.3580389782570613,0.0,7.755253119372007,WATCH,MONITOR,-10.0,ROBUST,False
83136,0.3229898195902615,0.0,11.424926691574262,WATCH,MONITOR,-10.0,ROBUST,False
83137,0.3575769221343642,0.0,13.171155446333852,WATCH,MONITOR,-10.0,ROBUST,False
83138,0.3451419095853455,0.0,10.767747876315898,WATCH,MONITOR,-10.0,ROBUST,False
83139,0.38767862420546184,0.0,14.735847540713213,WATCH,MONITOR,-10.0,ROBUST,False
83140,0.35712140351315047,0.0,11.7739811813543,WATCH,MONITOR,-10.0,ROBUST,False
83141,0.30789699457490693,0.0,8.387995252944556,WATCH,MONITOR,-10.0,ROBUST,False
83145,0.6776377225093572,11.668206368161517,11.717720914652741,HIGH_RISK,HUMAN_REVIEW,-50.0,ROBUST,True
83146,0.27979278607417124,0.0,13.357057878886977,LOW_RISK,NO_ACTION,0.0,ROBUST,False
83147,0.19666849038904044,0.0,10.532336183163109,LOW_RISK,NO_ACTION,0.0,ROBUST,False
83148,0.6909659351532751,2.086283320886233,8.442499817178916,HIGH_RISK,SUPPLIER_ESCALATION,200.01688499963439,ROBUST,True
83149,0.8899675318141633,16.631731467776245,12.856043499804516,CRITICAL,EXPEDITE,250.0642802174989,SENSITIVE,True
83150,0.3362620906434564,0.0,11.992944398205857,WATCH,MONITOR,-10.0,ROBUST,False
83154,0.48881958591028574,0.0,7.8113254464469115,WATCH,MONITOR,-10.0,ROBUST,False
83155,0.24459133363771024,0.0,11.935713003043361,LOW_RISK,NO_ACTION,0.0,ROBUST,False
83156,0.8728786173332833,29.924751348341,9.937652236256202,CRITICAL,HUMAN_REVIEW,-50.0,ROBUST,True
83157,0.1807198325368761,0.0,13.628386447348003,LOW_RISK,NO_ACTION,0.0,ROBUST,False
83158,0.8432050711012775,14.173860541847326,8.304247465078474,HIGH_RISK,HUMAN_REVIEW,-50.0,ROBUST,True
83159,0.4091217971446962,0.0,11.677252758391905,WATCH,MONITOR,-10.0,ROBUST,False
83160,0.19987242573573002,0.0,10.925009991772678,LOW_RISK,NO_ACTION,0.0,ROBUST,False
83161,0.34356194441201515,0.0,14.582829829336582,WATCH,MONITOR,-10.0,ROBUST,False
83162,0.37510921421819265,0.0,10.25814836948219,WATCH,MONITOR,-10.0,ROBUST,False
83163,0.2884946749166591,0.0,12.04351783303567,LOW_RISK,NO_ACTION,0.0,ROBUST,False
83164,0.6042589903415171,10.084694438128484,11.44278193172588,HIGH_RISK,TRANSPORT_MODE_REVIEW,350.0343283457953,ROBUST,True
83165,0.2775179363918915,0.0,12.127638559996667,LOW_RISK,NO_ACTION,0.0,ROBUST,False
83172,0.21396344921670607,0.0,12.921022706447598,LOW_RISK,NO_ACTION,0.0,ROBUST,False
83173,0.4584062091846489,0.0,12.105152257898368,WATCH,MONITOR,-10.0,ROBUST,False
83174,0.4446257136999826,0.0,12.630382994681945,WATCH,MONITOR,-10.0,ROBUST,False
83175,0.16561597883056522,0.0,12.720138254869683,LOW_RISK,NO_ACTION,0.0,ROBUST,False
83176,0.6862533598151277,7.4563885099169225,9.107753783201082,HIGH_RISK,EXPEDITE,250.045538768916,SENSITIVE,True
83177,0.7614660305605425,12.387944477797005,9.015905747298426,HIGH_RISK,HUMAN_REVIEW,-50.0,ROBUST,True
83178,0.7599970643578815,6.7598839042588095,12.08462904316712,HIGH_RISK,HUMAN_REVIEW,-50.0,ROBUST,True
83180,0.4889039206966843,0.0,11.161755909957382,WATCH,MONITOR,-10.0,ROBUST,False
83181,0.32340646126433004,0.0,11.68698128784715,WATCH,MONITOR,-10.0,ROBUST,False
83182,0.24930469281170753,0.0,8.407445287452738,LOW_RISK,NO_ACTION,0.0,ROBUST,False
83183,0.8559951559999759,4.2982946110440645,8.240648863374913,CRITICAL,EXPEDITE,144.77961239321053,SENSITIVE,True
83184,0.2812545325913999,0.0,10.725055212224547,LOW_RISK,NO_ACTION,0.0,ROBUST,False
83185,0.22609545136040846,0.0,5.8861873613114595,LOW_RISK,NO_ACTION,0.0,ROBUST,False
83186,0.6681783160678987,58.89335393363741,9.711321699267161,HIGH_RISK,EXPEDITE,250.04855660849535,SENSITIVE,True
83187,0.763136121117524,68.56297265826734,11.183205381171549,HIGH_RISK,HUMAN_REVIEW,-50.0,ROBUST,True
83188,0.8084910399364428,6.420852210214001,14.067825263578738,HIGH_RISK,HUMAN_REVIEW,-50.0,ROBUST,True
83189,0.7545501085159767,7.926559800694023,9.017529595154368,HIGH_RISK,HUMAN_REVIEW,-50.0,ROBUST,True
83190,0.8970855511754824,8.94049408042461,14.617512591866694,CRITICAL,HUMAN_REVIEW,-50.0,ROBUST,True
83193,0.17174134370582075,0.0,11.903204580704962,LOW_RISK,NO_ACTION,0.0,ROBUST,False
83194,0.32928918302249743,0.0,13.549847347954767,WATCH,MONITOR,-10.0,ROBUST,False
83195,0.4935383691390183,0.0,7.40970563380876,WATCH,MONITOR,-10.0,ROBUST,False
83196,0.6511387534744926,65.11559047053007,9.456095151790738,HIGH_RISK,HUMAN_REVIEW,-50.0,ROBUST,True
83198,0.4177409316990701,0.0,13.662360543970586,WATCH,MONITOR,-10.0,ROBUST,False
83199,0.2961913628832269,0.0,11.882010089318918,LOW_RISK,NO_ACTION,0.0,ROBUST,False
83200,0.11592227328883493,0.0,9.87822102528824,LOW_RISK,NO_ACTION,0.0,ROBUST,False
83205,0.8345339477786179,18.397863774113855,8.663023639627777,HIGH_RISK,SUPPLIER_ESCALATION,200.0173260472793,ROBUST,True
83206,0.7452519096490222,20.586606111112506,12.225515404159824,HIGH_RISK,TRANSPORT_MODE_REVIEW,350.0366765462127,ROBUST,True
83207,0.8382043350797889,5.7049606519509535,12.164005083946567,HIGH_RISK,TRANSPORT_MODE_REVIEW,350.0364920152519,ROBUST,True
83208,0.13426567761878916,0.0,10.08334774933398,LOW_RISK,NO_ACTION,0.0,ROBUST,False
83209,0.47874695899838593,0.0,10.580911772630838,WATCH,MONITOR,-10.0,ROBUST,False
83210,0.21668955487214436,0.0,7.813914863656834,LOW_RISK,NO_ACTION,0.0,ROBUST,False
83212,0.19058587667095797,0.0,8.844840891811065,LOW_RISK,NO_ACTION,0.0,ROBUST,False
83213,0.15165456162653373,0.0,8.519310947387238,LOW_RISK,NO_ACTION,0.0,ROBUST,False
83216,0.4784008773356191,0.0,11.949831098912712,WATCH,MONITOR,-10.0,ROBUST,False
83217,0.6782547737886266,5.489134390420633,13.205786825468111,HIGH_RISK,TRANSPORT_MODE_REVIEW,350.03961736047637,ROBUST,True
83218,0.6027261104853648,4.838062834168255,12.682402782655336,HIGH_RISK,SUPPLIER_ESCALATION,200.02536480556523,ROBUST,True
83219,0.2997618245520979,0.0,8.824957263900707,LOW_RISK,NO_ACTION,0.0,ROBUST,False
83220,0.28989111410819335,0.0,9.539130318080886,LOW_RISK,NO_ACTION,0.0,ROBUST,False
83221,0.14400849719659067,0.0,7.630339895195699,LOW_RISK,NO_ACTION,0.0,ROBUST,False
83222,0.8900905543854947,9.22597304901863,9.73580649864155,CRITICAL,EXPEDITE,250.04867903249328,SENSITIVE,True
83223,0.7713597551888741,3.024306701536113,5.1480757032174935,HIGH_RISK,TRANSPORT_MODE_REVIEW,350.0154442271096,ROBUST,True
83224,0.49085813312016235,0.0,5.494706180553427,WATCH,MONITOR,-10.0,ROBUST,False
83225,0.41863237600605896,0.0,11.513870518266653,WATCH,MONITOR,-10.0,ROBUST,False
83226,0.26519682407715506,0.0,15.20529905746644,LOW_RISK,NO_ACTION,0.0,ROBUST,False
83227,0.16053650347661322,0.0,12.864048503078678,LOW_RISK,NO_ACTION,0.0,ROBUST,False
83228,0.7749317271839694,11.403433684469679,12.749112087550692,HIGH_RISK,EXPEDITE,250.0637455604376,SENSITIVE,True
83230,0.1488215068325264,0.0,9.344958673700944,LOW_RISK,NO_ACTION,0.0,ROBUST,False
83231,0.1757335013988282,0.0,10.919195654512931,LOW_RISK,NO_ACTION,0.0,ROBUST,False
83232,0.184608207097691,0.0,9.697803198555224,LOW_RISK,NO_ACTION,0.0,ROBUST,False
83233,0.7373700885381214,31.464428870658942,13.165178315891827,HIGH_RISK,TRANSPORT_MODE_REVIEW,350.0394955349475,ROBUST,True
83234,0.7183438172516572,10.087157644977864,14.500720370800659,HIGH_RISK,HUMAN_REVIEW,-50.0,ROBUST,True
83235,0.8601180547136842,8.646095689197045,14.892682860595693,CRITICAL,EXPEDITE,250.07446341430295,SENSITIVE,True
83236,0.6731985907057416,8.583035598735902,11.698406192990333,HIGH_RISK,SUPPLIER_ESCALATION,200.02339681238595,ROBUST,True
83237,0.8900202682605325,10.340489300228617,13.606024566142413,CRITICAL,HUMAN_REVIEW,-50.0,ROBUST,True
83238,0.8874414359413489,39.242885710978854,11.426321059701827,CRITICAL,TRANSPORT_MODE_REVIEW,350.03427896317953,ROBUST,True
83239,0.18866553723495533,0.0,12.514663351075232,LOW_RISK,NO_ACTION,0.0,ROBUST,False
83244,0.1879698192157497,0.0,9.392745258631441,LOW_RISK,NO_ACTION,0.0,ROBUST,False
83245,0.47889081093868435,0.0,7.783415664636995,WATCH,MONITOR,-10.0,ROBUST,False
83246,0.8899866662688323,84.01092054958708,7.65983152707137,CRITICAL,TRANSPORT_MODE_REVIEW,350.0229794945808,ROBUST,True
83249,0.49618629282463056,0.0,12.21940635520757,WATCH,MONITOR,-10.0,ROBUST,False
83250,0.4230638406299121,0.0,8.710865088691389,WATCH,MONITOR,-10.0,ROBUST,False
83254,0.7578282039754626,16.43752430830392,11.387919909598647,HIGH_RISK,TRANSPORT_MODE_REVIEW,350.0341637597289,ROBUST,True
83255,0.18479260831970457,0.0,11.503497157838964,LOW_RISK,NO_ACTION,0.0,ROBUST,False
83256,0.2360900966089568,0.0,12.868969359704069,LOW_RISK,NO_ACTION,0.0,ROBUST,False
83259,0.22725301253339636,0.0,12.177008958698764,LOW_RISK,NO_ACTION,0.0,ROBUST,False
83260,0.48261109963120363,0.0,13.138062459408477,WATCH,MONITOR,-10.0,ROBUST,False
83262,0.41562959315267745,0.0,10.742918838113225,WATCH,MONITOR,-10.0,ROBUST,False
83263,0.3896035168646216,0.0,10.345689843670131,WATCH,MONITOR,-10.0,ROBUST,False
83264,0.17438528962325273,0.0,12.474575721187843,LOW_RISK,NO_ACTION,0.0,ROBUST,False
83266,0.6946899646101456,37.12997712870363,8.795430805040018,HIGH_RISK,SUPPLIER_ESCALATION,200.0175908616102,ROBUST,True
83267,0.747305928800673,62.12724964067156,10.63470093390253,HIGH_RISK,HUMAN_REVIEW,-50.0,ROBUST,True
83271,0.1654567365311695,0.0,10.871724605529456,LOW_RISK,NO_ACTION,0.0,ROBUST,False
83272,0.6576773755404276,26.213154391187764,13.449253999473877,HIGH_RISK,HUMAN_REVIEW,-50.0,ROBUST,True
83273,0.20889901454818852,0.0,12.246979436455112,LOW_RISK,NO_ACTION,0.0,ROBUST,False
83274,0.13234789833284244,0.0,14.083554393856978,LOW_RISK,NO_ACTION,0.0,ROBUST,False
83275,0.362728922605684,0.0,11.453976519673379,WATCH,MONITOR,-10.0,ROBUST,False
83277,0.3615218637537323,0.0,9.01627006814768,WATCH,MONITOR,-10.0,ROBUST,False
83278,0.13797280382624724,0.0,10.131825589121169,LOW_RISK,NO_ACTION,0.0,ROBUST,False
83279,0.22754072357463295,0.0,10.171553990207538,LOW_RISK,NO_ACTION,0.0,ROBUST,False
83283,0.4971257849022155,0.0,15.41676366205273,WATCH,MONITOR,-10.0,ROBUST,False
83284,0.37137066680349473,0.0,10.484656255847778,WATCH,MONITOR,-10.0,ROBUST,False
83285,0.39203006664133166,0.0,11.217760397952803,WATCH,MONITOR,-10.0,ROBUST,False
83286,0.18516691424172227,0.0,8.938137870372788,LOW_RISK,NO_ACTION,0.0,ROBUST,False
83287,0.13151282840156575,0.0,6.7933540186721615,LOW_RISK,NO_ACTION,0.0,ROBUST,False
83288,0.8030616827482729,4.607847367226533,10.547200761727254,HIGH_RISK,HUMAN_REVIEW,-50.0,ROBUST,True
83289,0.6192284133108527,2.2882826780029566,10.276653273093816,HIGH_RISK,TRANSPORT_MODE_REVIEW,243.2659175881161,ROBUST,True
83291,0.19381764029922124,0.0,12.661228020530254,LOW_RISK,NO_ACTION,0.0,ROBUST,False
83292,0.17710172875481583,0.0,7.029831308760809,LOW_RISK,NO_ACTION,0.0,ROBUST,False
83293,0.32990227626216173,0.0,10.331812700790097,WATCH,MONITOR,-10.0,ROBUST,False
83294,0.23124139033672872,0.0,8.928661577073855,LOW_RISK,NO_ACTION,0.0,ROBUST,False
83295,0.4281380060190122,0.0,12.220354374399916,WATCH,MONITOR,-10.0,ROBUST,False
83300,0.8531438590974918,9.785336102882551,8.794467288311486,CRITICAL,HUMAN_REVIEW,-50.0,ROBUST,True
83301,0.7380987151928295,1.1393098402668913,12.757391307316162,HIGH_RISK,SUPPLIER_ESCALATION,70.91101066148624,SENSITIVE,True
83302,0.6652763819794933,38.34143117133275,11.43605521971203,HIGH_RISK,HUMAN_REVIEW,-50.0,ROBUST,True
83303,0.6401334434981903,27.765886904222228,11.841516728140565,HIGH_RISK,HUMAN_REVIEW,-50.0,ROBUST,True
83304,0.8859921502747118,13.608083517849849,11.936780699997469,CRITICAL,HUMAN_REVIEW,-50.0,ROBUST,True
83305,0.4910894047490575,0.0,12.132666657697024,WATCH,MONITOR,-10.0,ROBUST,False
83306,0.6597280259807777,13.02344123991379,13.062802739356362,HIGH_RISK,TRANSPORT_MODE_REVIEW,350.03918840821825,ROBUST,True
83308,0.29604459065458216,0.0,9.841415320938065,LOW_RISK,NO_ACTION,0.0,ROBUST,False
83309,0.1346349432717401,0.0,13.002613338464787,LOW_RISK,NO_ACTION,0.0,ROBUST,False
83310,0.3369781763161657,0.0,11.947308393235778,WATCH,MONITOR,-10.0,ROBUST,False
83316,0.40350550028075105,0.0,11.277015772126346,WATCH,MONITOR,-10.0,ROBUST,False
83318,0.17628690120189813,0.0,10.067178295192607,LOW_RISK,NO_ACTION,0.0,ROBUST,False
83322,0.32728333631499634,0.0,8.14220588061999,WATCH,MONITOR,-10.0,ROBUST,False
83324,0.6640628563471024,58.96804805971841,3.039749158970765,HIGH_RISK,TRANSPORT_MODE_REVIEW,350.00911924747743,ROBUST,True
83326,0.40729911105852656,0.0,9.58288827137034,WATCH,MONITOR,-10.0,ROBUST,False
83330,0.811209435777497,10.669292471680789,13.107227810419827,HIGH_RISK,SUPPLIER_ESCALATION,200.0262144556209,ROBUST,True
83331,0.4517293699478879,0.0,11.486823760075433,WATCH,MONITOR,-10.0,ROBUST,False
83332,0.4750728408637881,0.0,10.33789638703407,WATCH,MONITOR,-10.0,ROBUST,False
83333,0.26220846208141435,0.0,14.19539454821147,LOW_RISK,NO_ACTION,0.0,ROBUST,False
83334,0.3275076410091509,0.0,12.284111069044386,WATCH,MONITOR,-10.0,ROBUST,False
83335,0.41626381041824434,0.0,12.158000263693356,WATCH,MONITOR,-10.0,ROBUST,False
83336,0.37885592557831327,0.0,11.446929669190235,WATCH,MONITOR,-10.0,ROBUST,False
83337,0.4982080913057515,0.0,13.89321299086826,WATCH,MONITOR,-10.0,ROBUST,False
83338,0.10547106044185767,0.0,12.107472559915555,LOW_RISK,NO_ACTION,0.0,ROBUST,False
83339,0.6950712413161875,14.61508443656045,12.926339247693537,HIGH_RISK,HUMAN_REVIEW,-50.0,ROBUST,True
83340,0.212411170508081,0.0,14.129328980803088,LOW_RISK,NO_ACTION,0.0,ROBUST,False
83341,0.20492634006621385,0.0,10.991763269102854,LOW_RISK,NO_ACTION,0.0,ROBUST,False
83342,0.18901191299955433,0.0,11.924021357084182,LOW_RISK,NO_ACTION,0.0,ROBUST,False
83347,0.38364953632609167,0.0,13.482636009893591,WATCH,MONITOR,-10.0,ROBUST,False
83348,0.8534592256231526,4.951262567595692,12.672982619354906,CRITICAL,TRANSPORT_MODE_REVIEW,350.0380189478581,ROBUST,True
83349,0.3966435335773354,0.0,9.392302697587676,WATCH,MONITOR,-10.0,ROBUST,False
83368,0.8061703030382049,5.306271545563151,5.321447783936891,HIGH_RISK,EXPEDITE,250.0266072389196,SENSITIVE,True
83369,0.693850259257266,4.342866282356377,4.30406509320417,HIGH_RISK,SUPPLIER_ESCALATION,200.00860813018642,ROBUST,True
83370,0.20113351326606452,0.0,5.3558312727486435,LOW_RISK,NO_ACTION,0.0,ROBUST,False
83371,0.3515442341378009,0.0,7.548793042743531,WATCH,MONITOR,-10.0,ROBUST,False
83372,0.4048684421934712,0.0,6.5172280432381795,WATCH,MONITOR,-10.0,ROBUST,False
83373,0.4505942452349462,0.0,8.215471692476854,WATCH,MONITOR,-10.0,ROBUST,False
83374,0.44085582554179037,0.0,9.642803076433855,WATCH,MONITOR,-10.0,ROBUST,False
83375,0.48595319766554124,0.0,7.601402334583733,WATCH,MONITOR,-10.0,ROBUST,False
83376,0.3325539581346045,0.0,8.098946748943339,WATCH,MONITOR,-10.0,ROBUST,False
83377,0.46346222453614383,0.0,13.09234427924287,WATCH,MONITOR,-10.0,ROBUST,False
83378,0.4234053093041643,0.0,9.419060402624668,WATCH,MONITOR,-10.0,ROBUST,False
83379,0.45786704972560544,0.0,12.701472542182179,WATCH,MONITOR,-10.0,ROBUST,False
83380,0.10465064051414666,0.0,9.00017474195223,LOW_RISK,NO_ACTION,0.0,ROBUST,False
83381,0.4863611967463244,0.0,8.098946748943339,WATCH,MONITOR,-10.0,ROBUST,False
83382,0.2894120651385913,0.0,10.534785924769006,LOW_RISK,NO_ACTION,0.0,ROBUST,False
83383,0.8962105416936601,3.3337082686184885,13.910821646859095,CRITICAL,SUPPLIER_ESCALATION,200.0278216432937,ROBUST,True
83384,0.15088164773511237,0.0,12.641837381724265,LOW_RISK,NO_ACTION,0.0,ROBUST,False
83385,0.25837643832558965,0.0,7.199379570666542,LOW_RISK,NO_ACTION,0.0,ROBUST,False
83386,0.20858426520839637,0.0,11.155378712545462,LOW_RISK,NO_ACTION,0.0,ROBUST,False
83387,0.21666350820037483,0.0,10.334228517748656,LOW_RISK,NO_ACTION,0.0,ROBUST,False
83388,0.14930224798035271,0.0,8.269193264103162,LOW_RISK,NO_ACTION,0.0,ROBUST,False
83389,0.42230553301720286,0.0,7.643521238877267,WATCH,MONITOR,-10.0,ROBUST,False
83390,0.10369692583243127,0.0,7.3783837129967145,LOW_RISK,NO_ACTION,0.0,ROBUST,False
83391,0.22500218279408102,0.0,13.431319053559353,LOW_RISK,NO_ACTION,0.0,ROBUST,False
83392,0.16976421728656602,0.0,6.415096959171596,LOW_RISK,NO_ACTION,0.0,ROBUST,False
83393,0.3356155762433362,0.0,9.387642686756642,WATCH,MONITOR,-10.0,ROBUST,False
83394,0.20170096104581756,0.0,11.733145868046538,LOW_RISK,NO_ACTION,0.0,ROBUST,False
83395,0.20359938181123988,0.0,11.464428257884679,LOW_RISK,NO_ACTION,0.0,ROBUST,False
83396,0.2953352575981275,0.0,8.639782436499988,LOW_RISK,NO_ACTION,0.0,ROBUST,False
83398,0.36107561573637026,0.0,10.236417809461043,WATCH,MONITOR,-10.0,ROBUST,False
83399,0.7556243541344129,3.168487340303609,10.907807476583594,HIGH_RISK,SUPPLIER_ESCALATION,200.02181561495308,ROBUST,True
83400,0.17020458098619845,0.0,11.25416768929685,LOW_RISK,NO_ACTION,0.0,ROBUST,False
83401,0.19886989783780706,0.0,12.303979451181764,LOW_RISK,NO_ACTION,0.0,ROBUST,False
83402,0.48949928564718426,0.0,9.94666389340673,WATCH,MONITOR,-10.0,ROBUST,False
83403,0.25886099997716816,0.0,7.34091337210705,LOW_RISK,NO_ACTION,0.0,ROBUST,False
83404,0.6545290793283582,1.1320573460210377,12.099115077485035,HIGH_RISK,HUMAN_REVIEW,-50.0,SENSITIVE,True
83405,0.7512398525755315,1.1885968225892856,10.534892299260504,HIGH_RISK,TRANSPORT_MODE_REVIEW,78.30204512790607,SENSITIVE,True
83406,0.2961838100629952,0.0,9.5078490052457,LOW_RISK,NO_ACTION,0.0,ROBUST,False
83407,0.12964766975438324,0.0,11.840308303600628,LOW_RISK,NO_ACTION,0.0,ROBUST,False
83408,0.11389685836893078,0.0,7.0781897973816665,LOW_RISK,NO_ACTION,0.0,ROBUST,False
83409,0.2874934107285841,0.0,9.868991341326888,LOW_RISK,NO_ACTION,0.0,ROBUST,False
83410,0.25946371500736487,0.0,9.976821653900506,LOW_RISK,NO_ACTION,0.0,ROBUST,False
83411,0.1547521278767311,0.0,11.562867346610785,LOW_RISK,NO_ACTION,0.0,ROBUST,False
83412,0.3750405715682935,0.0,6.9418474791499065,WATCH,MONITOR,-10.0,ROBUST,False
83413,0.4971613963597058,0.0,11.522687659314952,WATCH,MONITOR,-10.0,ROBUST,False
83414,0.25825872847868503,0.0,11.124889139405191,LOW_RISK,NO_ACTION,0.0,ROBUST,False
83415,0.34982345436695783,0.0,7.618742377670413,WATCH,MONITOR,-10.0,ROBUST,False
83416,0.48519037694579426,0.0,10.620131509007471,WATCH,MONITOR,-10.0,ROBUST,False
83417,0.43261398897875014,0.0,12.218628983735169,WATCH,MONITOR,-10.0,ROBUST,False
83418,0.28542088932107434,0.0,8.444299865895912,LOW_RISK,NO_ACTION,0.0,ROBUST,False
83419,0.8502974387248196,12.930676808445968,10.972022863066083,CRITICAL,TRANSPORT_MODE_REVIEW,350.0329160685892,ROBUST,True
83420,0.1512540161002096,0.0,13.014334861352134,LOW_RISK,NO_ACTION,0.0,ROBUST,False
83421,0.30484154218551973,0.0,10.09560266221766,WATCH,MONITOR,-10.0,ROBUST,False
83422,0.21162411087197464,0.0,6.849066282633458,LOW_RISK,NO_ACTION,0.0,ROBUST,False
83423,0.16446547515846444,0.0,9.41338325158339,LOW_RISK,NO_ACTION,0.0,ROBUST,False
83424,0.270512362501814,0.0,12.338244990067064,LOW_RISK,NO_ACTION,0.0,ROBUST,False
83425,0.15240582177344578,0.0,10.881832472145556,LOW_RISK,NO_ACTION,0.0,ROBUST,False
83426,0.3795940432697943,0.0,12.958613101875804,WATCH,MONITOR,-10.0,ROBUST,False
83427,0.28249601762133425,0.0,10.492689881579409,LOW_RISK,NO_ACTION,0.0,ROBUST,False
83428,0.31245785302586554,0.0,11.600945499760169,WATCH,MONITOR,-10.0,ROBUST,False
83429,0.7636283850635139,0.8619718747378894,12.626680652353615,HIGH_RISK,TRANSPORT_MODE_REVIEW,29.306665054277033,SENSITIVE,True
83430,0.15590866443739781,0.0,5.73152733496476,LOW_RISK,NO_ACTION,0.0,ROBUST,False
83431,0.3333661741040497,0.0,7.944846711001996,WATCH,MONITOR,-10.0,ROBUST,False
83432,0.49400389913177856,0.0,9.807538168484289,WATCH,MONITOR,-10.0,ROBUST,False
83433,0.6490063349229469,3.559387066333123,9.878081535533331,HIGH_RISK,TRANSPORT_MODE_REVIEW,350.02963424460665,ROBUST,True
83434,0.21429257142631253,0.0,12.033509321931893,LOW_RISK,NO_ACTION,0.0,ROBUST,False
83435,0.447783646615155,0.0,13.237477967034438,WATCH,MONITOR,-10.0,ROBUST,False
83436,0.12890880490209478,0.0,9.596600913913955,LOW_RISK,NO_ACTION,0.0,ROBUST,False
83437,0.4503542885467805,0.0,11.628047184686986,WATCH,MONITOR,-10.0,ROBUST,False
83438,0.3097143933499005,0.0,12.005193761731668,WATCH,MONITOR,-10.0,ROBUST,False
83439,0.26330670957057034,0.0,9.010791269515602,LOW_RISK,NO_ACTION,0.0,ROBUST,False
83440,0.22387222574058235,0.0,9.181014542594355,LOW_RISK,NO_ACTION,0.0,ROBUST,False
83441,0.21884686325113678,0.0,6.776506992372183,LOW_RISK,NO_ACTION,0.0,ROBUST,False
83442,0.22232103297979153,0.0,7.214357236286429,LOW_RISK,NO_ACTION,0.0,ROBUST,False
83443,0.45392123238407833,0.0,9.019331186784662,WATCH,MONITOR,-10.0,ROBUST,False
83444,0.3895180920699143,0.0,11.404905861514429,WATCH,MONITOR,-10.0,ROBUST,False
83445,0.3678892031324602,0.0,12.321189908948735,WATCH,MONITOR,-10.0,ROBUST,False
83446,0.4194996595808004,0.0,9.888702287201875,WATCH,MONITOR,-10.0,ROBUST,False
83447,0.6772437649477407,0.962937500868075,11.271376060416618,HIGH_RISK,SUPPLIER_ESCALATION,44.45147876090621,SENSITIVE,True
83448,0.3472171248327023,0.0,13.669259758417489,WATCH,MONITOR,-10.0,ROBUST,False
83449,0.2840264955831804,0.0,10.470249176632354,LOW_RISK,NO_ACTION,0.0,ROBUST,False
83450,0.41297665408007733,0.0,12.067912269961948,WATCH,MONITOR,-10.0,ROBUST,False
83451,0.2237024441893142,0.0,11.12818314891207,LOW_RISK,NO_ACTION,0.0,ROBUST,False
83452,0.3572714467479583,0.0,9.033269008764357,WATCH,MONITOR,-10.0,ROBUST,False
83453,0.4528849647269254,0.0,8.667387483624786,WATCH,MONITOR,-10.0,ROBUST,False
83454,0.2608601904779715,0.0,8.940956527805778,LOW_RISK,NO_ACTION,0.0,ROBUST,False
83455,0.1266488349469846,0.0,9.65534665470488,LOW_RISK,NO_ACTION,0.0,ROBUST,False
83456,0.8207761219121846,5.317012894384792,11.76539866605897,HIGH_RISK,SUPPLIER_ESCALATION,200.02353079733223,ROBUST,True
83457,0.2383889951228104,0.0,11.377075959024511,LOW_RISK,NO_ACTION,0.0,ROBUST,False
83458,0.7917323540984119,6.6846037711822905,10.760915359893499,HIGH_RISK,EXPEDITE,250.0538045767994,SENSITIVE,True
83459,0.7022885920928965,6.300128575128879,8.830088228856473,HIGH_RISK,HUMAN_REVIEW,-50.0,ROBUST,True
83460,0.8993016789793977,17.410535801966276,11.63370400960641,CRITICAL,EXPEDITE,250.05816852004818,SENSITIVE,True
83461,0.2864760920622136,0.0,10.191257121160007,LOW_RISK,NO_ACTION,0.0,ROBUST,False
83462,0.3618339200765841,0.0,10.704389879336146,WATCH,MONITOR,-10.0,ROBUST,False
83463,0.1413990014374271,0.0,11.649909639875577,LOW_RISK,NO_ACTION,0.0,ROBUST,False
83464,0.20140247557000587,0.0,11.370639519978672,LOW_RISK,NO_ACTION,0.0,ROBUST,False
83465,0.46759173020015943,0.0,12.632698608452573,WATCH,MONITOR,-10.0,ROBUST,False
83466,0.36797704534550657,0.0,13.015461852779636,WATCH,MONITOR,-10.0,ROBUST,False
83467,0.1053776175933665,0.0,9.191809735356747,LOW_RISK,NO_ACTION,0.0,ROBUST,False
83468,0.8923317931915427,5.468604414832958,10.49573646899098,CRITICAL,TRANSPORT_MODE_REVIEW,350.031487209407,ROBUST,True
83469,0.8926805757469958,9.280944401863682,9.845540592581278,CRITICAL,EXPEDITE,250.04922770296298,SENSITIVE,True
83470,0.6195830272699392,14.127713318164954,10.796120021695593,HIGH_RISK,HUMAN_REVIEW,-50.0,ROBUST,True
83471,0.8465517968258708,13.894294530870404,10.586609649448985,HIGH_RISK,TRANSPORT_MODE_REVIEW,350.03175982894845,ROBUST,True
83472,0.7938929800972144,23.14512370372613,14.76524554363604,HIGH_RISK,HUMAN_REVIEW,-50.0,ROBUST,True
83473,0.7942026403119273,13.681918541081542,9.951895262626941,HIGH_RISK,TRANSPORT_MODE_REVIEW,350.02985568578765,ROBUST,True
83474,0.6385049779844084,17.55120885038488,5.53338948872752,HIGH_RISK,TRANSPORT_MODE_REVIEW,350.0166001684661,ROBUST,True
83475,0.795056149933696,18.43108332059299,9.433701499618946,HIGH_RISK,TRANSPORT_MODE_REVIEW,350.02830110449895,ROBUST,True
83476,0.3386955451119632,0.0,9.26036786557583,WATCH,MONITOR,-10.0,ROBUST,False
83477,0.1490960218698482,0.0,14.153767629391211,LOW_RISK,NO_ACTION,0.0,ROBUST,False
83478,0.48524586375395196,0.0,10.512561308821011,WATCH,MONITOR,-10.0,ROBUST,False
83479,0.14915023195766108,0.0,7.774242133052768,LOW_RISK,NO_ACTION,0.0,ROBUST,False
83480,0.20195278256447347,0.0,9.036106025364846,LOW_RISK,NO_ACTION,0.0,ROBUST,False
83481,0.8479170934801665,12.616321729187487,11.7581116427122,HIGH_RISK,TRANSPORT_MODE_REVIEW,350.0352743349283,ROBUST,True
83482,0.8104497304395498,24.131175536997375,10.605510229095415,HIGH_RISK,HUMAN_REVIEW,-50.0,ROBUST,True
83483,0.7378030966781869,18.080711341145065,11.971841920526787,HIGH_RISK,HUMAN_REVIEW,-50.0,ROBUST,True
83484,0.30629447534961796,0.0,11.260558540151965,WATCH,MONITOR,-10.0,ROBUST,False
83485,0.25079729414665397,0.0,8.842546700589027,LOW_RISK,NO_ACTION,0.0,ROBUST,False
83486,0.468738199819114,0.0,8.916479248447686,WATCH,MONITOR,-10.0,ROBUST,False
83487,0.11450092700591795,0.0,7.972121128921655,LOW_RISK,NO_ACTION,0.0,ROBUST,False
83488,0.4424520881412184,0.0,4.705015520957808,WATCH,MONITOR,-10.0,ROBUST,False
83489,0.19232711407511266,0.0,7.2132527113039195,LOW_RISK,NO_ACTION,0.0,ROBUST,False
83490,0.4394945311015871,0.0,10.447002994124777,WATCH,MONITOR,-10.0,ROBUST,False
83491,0.619816592346648,13.53467900525147,10.072951807327527,HIGH_RISK,HUMAN_REVIEW,-49.99999999999977,ROBUST,True
83492,0.891770470694921,4.721600786518339,10.829941265919025,CRITICAL,SUPPLIER_ESCALATION,200.02165988253182,ROBUST,True
83493,0.7080179705792178,0.8732493839138071,12.423941590534188,HIGH_RISK,TRANSPORT_MODE_REVIEW,30.998256786410792,SENSITIVE,True
83494,0.2894158587595562,0.0,14.688636970883563,LOW_RISK,NO_ACTION,0.0,ROBUST,False
83495,0.39862666952135717,0.0,12.239415541186636,WATCH,MONITOR,-10.0,ROBUST,False
83496,0.4218686471422234,0.0,11.59128367775547,WATCH,MONITOR,-10.0,ROBUST,False
83497,0.7986696474988779,53.17862464002993,8.922727630454292,HIGH_RISK,EXPEDITE,250.04461363815244,SENSITIVE,True
83498,0.8145966931587407,53.58022186948335,9.701530474483002,HIGH_RISK,HUMAN_REVIEW,-50.0,ROBUST,True
83499,0.6804429688835762,59.21668163662005,9.571045185073789,HIGH_RISK,HUMAN_REVIEW,-50.0,ROBUST,True
83500,0.16925017566606232,0.0,12.996802422000108,LOW_RISK,NO_ACTION,0.0,ROBUST,False
83501,0.6375753693288624,22.53945127371096,10.71843192346452,HIGH_RISK,EXPEDITE,250.05359215961698,SENSITIVE,True
83502,0.7966529915538338,11.838137024561249,9.322500517663768,HIGH_RISK,TRANSPORT_MODE_REVIEW,350.0279675015531,ROBUST,True
83503,0.6119391382006958,23.379184219460072,13.342531017082711,HIGH_RISK,TRANSPORT_MODE_REVIEW,350.0400275930515,ROBUST,True
83504,0.7793047006570377,22.756328123960337,12.42341001353757,HIGH_RISK,TRANSPORT_MODE_REVIEW,350.0372702300406,ROBUST,True
83505,0.8609087654554901,22.28214048807109,13.354458868275632,CRITICAL,HUMAN_REVIEW,-50.0,ROBUST,True
83506,0.86724964448689,17.514272609416274,14.657462006011148,CRITICAL,SUPPLIER_ESCALATION,200.02931492401194,ROBUST,True
83507,0.7347113281109885,17.562802771416102,9.933829543151207,HIGH_RISK,TRANSPORT_MODE_REVIEW,350.02980148862935,ROBUST,True
83508,0.43262779934594464,0.0,10.675678557436337,WATCH,MONITOR,-10.0,ROBUST,False
83509,0.6230907549024052,12.590997552198997,9.513935162888012,HIGH_RISK,TRANSPORT_MODE_REVIEW,350.02854180548866,ROBUST,True
83510,0.2432341207573513,0.0,13.614965281303522,LOW_RISK,NO_ACTION,0.0,ROBUST,False
83511,0.8463778261118536,5.8783184651102385,11.764939426298607,HIGH_RISK,SUPPLIER_ESCALATION,200.02352987885251,ROBUST,True
83513,0.12807864456308546,0.0,8.854565023280287,LOW_RISK,NO_ACTION,0.0,ROBUST,False
83514,0.4921288290911304,0.0,9.636608913596417,WATCH,MONITOR,-10.0,ROBUST,False
83515,0.851651801029581,15.082970154645746,12.485978309945345,CRITICAL,HUMAN_REVIEW,-50.0,ROBUST,True
83517,0.1733857015875394,0.0,8.92275162850245,LOW_RISK,NO_ACTION,0.0,ROBUST,False
83518,0.3716276395907875,0.0,10.033384912555524,WATCH,MONITOR,-10.0,ROBUST,False
83519,0.40535250391342503,0.0,13.993824930040393,WATCH,MONITOR,-10.0,ROBUST,False
83520,0.2717371133483098,0.0,11.148228141913012,LOW_RISK,NO_ACTION,0.0,ROBUST,False
83521,0.6305636292418669,19.38543514089914,9.972873680021136,HIGH_RISK,SUPPLIER_ESCALATION,200.01994574736,ROBUST,True
83522,0.8733361504175873,13.26080551866068,11.102466910333591,CRITICAL,HUMAN_REVIEW,-50.0,ROBUST,True
83523,0.21153503343104335,0.0,12.490155799637337,LOW_RISK,NO_ACTION,0.0,ROBUST,False
83524,0.13739694463359592,0.0,11.63657428544591,LOW_RISK,NO_ACTION,0.0,ROBUST,False
83525,0.18435113624294086,0.0,11.290405719048971,LOW_RISK,NO_ACTION,0.0,ROBUST,False
83526,0.19549152476445802,0.0,10.00919125929715,LOW_RISK,NO_ACTION,0.0,ROBUST,False
83527,0.4670532763686841,0.0,11.140129559507509,WATCH,MONITOR,-10.0,ROBUST,False
83528,0.1312438755004625,0.0,11.022562871301508,LOW_RISK,NO_ACTION,0.0,ROBUST,False
83529,0.7639429083076129,20.1460582770726,13.979414378058229,HIGH_RISK,EXPEDITE,250.0698970718904,SENSITIVE,True
83530,0.3129594748907652,0.0,10.457042726281049,WATCH,MONITOR,-10.0,ROBUST,False
83531,0.45947722152086434,0.0,14.122437896532993,WATCH,MONITOR,-10.0,ROBUST,False
83532,0.49907848746448547,0.0,7.244941546337007,WATCH,MONITOR,-10.0,ROBUST,False
83533,0.40135524596793437,0.0,6.957259473885226,WATCH,MONITOR,-10.0,ROBUST,False
83534,0.4883163962276118,0.0,12.811188074149532,WATCH,MONITOR,-10.0,ROBUST,False
83536,0.4148404530143496,0.0,13.596749937560249,WATCH,MONITOR,-10.0,ROBUST,False
83537,0.48528105638856667,0.0,12.952762962683588,WATCH,MONITOR,-10.0,ROBUST,False
83538,0.38290829037778207,0.0,10.214249962952007,WATCH,MONITOR,-10.0,ROBUST,False
83539,0.13190537018042844,0.0,11.815153726763624,LOW_RISK,NO_ACTION,0.0,ROBUST,False
83540,0.26076807479707065,0.0,9.857406964148463,LOW_RISK,NO_ACTION,0.0,ROBUST,False
83541,0.3586389135209882,0.0,10.547251980881022,WATCH,MONITOR,-10.0,ROBUST,False
83542,0.7718310830060837,8.578614687851315,8.752897524775305,HIGH_RISK,HUMAN_REVIEW,-50.0,ROBUST,True
83543,0.8458487056158157,11.560496049081872,12.362046804665187,HIGH_RISK,TRANSPORT_MODE_REVIEW,350.037086140414,ROBUST,True
83544,0.3309597068532364,0.0,13.87772972898761,WATCH,MONITOR,-10.0,ROBUST,False
83545,0.473400750680974,0.0,13.134625608014018,WATCH,MONITOR,-10.0,ROBUST,False
83546,0.11399274940646142,0.0,10.283669040109793,LOW_RISK,NO_ACTION,0.0,ROBUST,False
83547,0.4076924814165751,0.0,10.718663409916182,WATCH,MONITOR,-10.0,ROBUST,False
83548,0.3890909112178509,0.0,13.472586267537213,WATCH,MONITOR,-10.0,ROBUST,False
83549,0.4855813701553149,0.0,8.621733370690162,WATCH,MONITOR,-10.0,ROBUST,False
83550,0.47228448893301744,0.0,14.336089067349832,WATCH,MONITOR,-10.0,ROBUST,False
83551,0.4048930248176772,0.0,8.03479304183395,WATCH,MONITOR,-10.0,ROBUST,False
83552,0.3081635058730395,0.0,12.521981322562505,WATCH,MONITOR,-10.0,ROBUST,False
83553,0.8025692512686112,7.6391346547935015,12.35737074633409,HIGH_RISK,EXPEDITE,250.06178685373163,SENSITIVE,True
83554,0.6617645964534964,6.766922259654273,8.882391706295847,HIGH_RISK,TRANSPORT_MODE_REVIEW,350.0266471751189,ROBUST,True
83555,0.4061407975678616,0.0,4.825108606353353,WATCH,MONITOR,-10.0,ROBUST,False
83556,0.45826768505515725,0.0,3.742420221041966,WATCH,MONITOR,-10.0,ROBUST,False
83557,0.41588480368421965,0.0,7.213849306310953,WATCH,MONITOR,-10.0,ROBUST,False
83558,0.17810677407642161,0.0,6.53451531816871,LOW_RISK,NO_ACTION,0.0,ROBUST,False
83559,0.8575800320947495,15.546545236871228,5.896329351992943,CRITICAL,HUMAN_REVIEW,-50.0,ROBUST,True
83560,0.8888197751583418,19.80700746960316,3.9047969603364066,CRITICAL,HUMAN_REVIEW,-50.0,ROBUST,True
83561,0.10368226695625721,0.0,5.778395081365247,LOW_RISK,NO_ACTION,0.0,ROBUST,False
83562,0.6552303970082871,22.919714273922786,7.218213494623056,HIGH_RISK,TRANSPORT_MODE_REVIEW,350.02165464048403,ROBUST,True
83563,0.1452882599733797,0.0,7.662232714693689,LOW_RISK,NO_ACTION,0.0,ROBUST,False
83564,0.4370876494157875,0.0,9.387230538772931,WATCH,MONITOR,-10.0,ROBUST,False
83565,0.2034025008591248,0.0,8.477172958732378,LOW_RISK,NO_ACTION,0.0,ROBUST,False
83566,0.785485506304116,15.928357809503629,11.578165115259303,HIGH_RISK,TRANSPORT_MODE_REVIEW,350.0347344953457,ROBUST,True
83567,0.48397462871955377,0.0,5.056946196959506,WATCH,MONITOR,-10.0,ROBUST,False
83568,0.2516346892195409,0.0,9.068154494241897,LOW_RISK,NO_ACTION,0.0,ROBUST,False
83569,0.10383425605775783,0.0,10.090651532517606,LOW_RISK,NO_ACTION,0.0,ROBUST,False
83570,0.2135384593384546,0.0,11.913485630155996,LOW_RISK,NO_ACTION,0.0,ROBUST,False
83571,0.147719832240725,0.0,11.690679941846778,LOW_RISK,NO_ACTION,0.0,ROBUST,False
83572,0.14112342469434158,0.0,13.624301261966629,LOW_RISK,NO_ACTION,0.0,ROBUST,False
83573,0.1309949160542998,0.0,11.76985019271531,LOW_RISK,NO_ACTION,0.0,ROBUST,False
83574,0.33730378807015093,0.0,12.836293125271986,WATCH,MONITOR,-10.0,ROBUST,False
83575,0.17573908945194347,0.0,7.527799366943125,LOW_RISK,NO_ACTION,0.0,ROBUST,False
83576,0.8873913199447363,14.434638435921084,12.321189908948735,CRITICAL,HUMAN_REVIEW,-50.0,ROBUST,True
83577,0.44480708645200673,0.0,5.937536205082426,WATCH,MONITOR,-10.0,ROBUST,False
83578,0.2697352559185103,0.0,12.298958343196928,LOW_RISK,NO_ACTION,0.0,ROBUST,False
83579,0.4662765400206551,0.0,12.502470376049185,WATCH,MONITOR,-10.0,ROBUST,False
83580,0.2991752213582425,0.0,13.576299868717943,LOW_RISK,NO_ACTION,0.0,ROBUST,False
83581,0.6527670850255987,2.921965650998041,13.93062425632998,HIGH_RISK,HUMAN_REVIEW,-50.0,SENSITIVE,True
83583,0.6706149785695072,21.219665187903626,11.80994471003505,HIGH_RISK,SUPPLIER_ESCALATION,200.0236198894204,ROBUST,True
83584,0.12927003950720084,0.0,14.014086788838723,LOW_RISK,NO_ACTION,0.0,ROBUST,False
83585,0.13579135319296698,0.0,7.802650756001848,LOW_RISK,NO_ACTION,0.0,ROBUST,False
83586,0.36078948556918433,0.0,10.583548227082584,WATCH,MONITOR,-10.0,ROBUST,False
83587,0.643272006335431,7.024918883251231,9.534233826390535,HIGH_RISK,TRANSPORT_MODE_REVIEW,350.02860270147926,ROBUST,True
83588,0.41616610012768407,0.0,10.099403781595854,WATCH,MONITOR,-10.0,ROBUST,False
83589,0.4665083349374126,0.0,10.93111391347095,WATCH,MONITOR,-10.0,ROBUST,False
83590,0.25534675106861904,0.0,11.786269613896252,LOW_RISK,NO_ACTION,0.0,ROBUST,False
83591,0.33856401063385855,0.0,14.537245681284663,WATCH,MONITOR,-10.0,ROBUST,False
83592,0.30027865111812396,0.0,9.920026034773068,WATCH,MONITOR,-10.0,ROBUST,False
83593,0.4926442622569732,0.0,11.687697428499687,WATCH,MONITOR,-10.0,ROBUST,False
83594,0.43243376294263813,0.0,10.871440510734077,WATCH,MONITOR,-10.0,ROBUST,False
83595,0.46469508331094145,0.0,11.103260750848305,WATCH,MONITOR,-10.0,ROBUST,False
83596,0.20173603503104168,0.0,9.99884318585288,LOW_RISK,NO_ACTION,0.0,ROBUST,False
83597,0.40901056926503776,0.0,10.491301994830229,WATCH,MONITOR,-10.0,ROBUST,False
83598,0.20618928999905958,0.0,8.572711149332726,LOW_RISK,NO_ACTION,0.0,ROBUST,False
83599,0.18349701337135596,0.0,11.684781448196281,LOW_RISK,NO_ACTION,0.0,ROBUST,False
83600,0.4777064638622204,0.0,8.071343493112597,WATCH,MONITOR,-10.0,ROBUST,False
83601,0.10772176668714667,0.0,14.865493019608264,LOW_RISK,NO_ACTION,0.0,ROBUST,False
83602,0.4861554814653719,0.0,12.17510299851502,WATCH,MONITOR,-10.0,ROBUST,False
83603,0.15970475879552248,0.0,12.056421162454088,LOW_RISK,NO_ACTION,0.0,ROBUST,False
83604,0.42777523271730733,0.0,12.18689492294037,WATCH,MONITOR,-10.0,ROBUST,False
83605,0.21036902122724124,0.0,8.152313249786781,LOW_RISK,NO_ACTION,0.0,ROBUST,False
83606,0.24028093097229097,0.0,13.505520761479971,LOW_RISK,NO_ACTION,0.0,ROBUST,False
83607,0.186703084528794,0.0,8.769186944459374,LOW_RISK,NO_ACTION,0.0,ROBUST,False
83608,0.3342056169924319,0.0,11.74006900564972,WATCH,MONITOR,-10.0,ROBUST,False
83609,0.23923821900314965,0.0,12.298583456208931,LOW_RISK,NO_ACTION,0.0,ROBUST,False
83610,0.36295721579786533,0.0,12.356505279124734,WATCH,MONITOR,-10.0,ROBUST,False
83611,0.10625892717682639,0.0,12.200461180669436,LOW_RISK,NO_ACTION,0.0,ROBUST,False
83612,0.12574995340601586,0.0,9.977481232444454,LOW_RISK,NO_ACTION,0.0,ROBUST,False
83613,0.13986446109249948,0.0,11.853247993978986,LOW_RISK,NO_ACTION,0.0,ROBUST,False
83614,0.2675974741240924,0.0,9.956720215132854,LOW_RISK,NO_ACTION,0.0,ROBUST,False
83615,0.42591846906399045,0.0,11.095823915322864,WATCH,MONITOR,-10.0,ROBUST,False
83616,0.45527116415135305,0.0,13.52816052371504,WATCH,MONITOR,-10.0,ROBUST,False
83617,0.19792429602436032,0.0,10.67024386656475,LOW_RISK,NO_ACTION,0.0,ROBUST,False
83618,0.32974788969560564,0.0,7.5902660934205235,WATCH,MONITOR,-10.0,ROBUST,False
83619,0.4073459970770402,0.0,9.395690670830147,WATCH,MONITOR,-10.0,ROBUST,False
83620,0.6911205138675298,9.270799874527837,7.1316985104669115,HIGH_RISK,TRANSPORT_MODE_REVIEW,350.02139509553126,ROBUST,True
83621,0.26360309469450927,0.0,13.712814267881345,LOW_RISK,NO_ACTION,0.0,ROBUST,False
83622,0.3095896810742856,0.0,9.036106025364846,WATCH,MONITOR,-10.0,ROBUST,False
83623,0.1539499385632191,0.0,9.038958755220563,LOW_RISK,NO_ACTION,0.0,ROBUST,False
83625,0.11039291749031213,0.0,9.521585638978019,LOW_RISK,NO_ACTION,0.0,ROBUST,False
83626,0.1611223237273133,0.0,7.748028524432376,LOW_RISK,NO_ACTION,0.0,ROBUST,False
83627,0.6424150662649021,14.452843882069955,14.603247386080247,HIGH_RISK,HUMAN_REVIEW,-50.0,ROBUST,True
83628,0.12944730461347267,0.0,11.707494382390312,LOW_RISK,NO_ACTION,0.0,ROBUST,False
83629,0.17587854594005134,0.0,13.199923868464074,LOW_RISK,NO_ACTION,0.0,ROBUST,False
83630,0.2351415542781215,0.0,13.324430370316595,LOW_RISK,NO_ACTION,0.0,ROBUST,False
83631,0.13114802572254655,0.0,8.197043022159876,LOW_RISK,NO_ACTION,0.0,ROBUST,False
83632,0.17667970846465378,0.0,12.31275446787772,LOW_RISK,NO_ACTION,0.0,ROBUST,False
83633,0.46450791559340443,0.0,12.945154011068828,WATCH,MONITOR,-10.0,ROBUST,False
83634,0.10771965289079391,0.0,11.940859707442046,LOW_RISK,NO_ACTION,0.0,ROBUST,False
83635,0.36137276966974485,0.0,10.905296680792132,WATCH,MONITOR,-10.0,ROBUST,False
83636,0.25376357236607394,0.0,9.796754984934262,LOW_RISK,NO_ACTION,0.0,ROBUST,False
83637,0.3690594957729485,0.0,8.428318260907062,WATCH,MONITOR,-10.0,ROBUST,False
83638,0.3354766881453618,0.0,11.17813557241432,WATCH,MONITOR,-10.0,ROBUST,False
83639,0.1893995017418577,0.0,13.243027503176322,LOW_RISK,NO_ACTION,0.0,ROBUST,False
83640,0.4388837950293555,0.0,14.183576944350913,WATCH,MONITOR,-10.0,ROBUST,False
83641,0.2967761530437427,0.0,13.451380752611149,LOW_RISK,NO_ACTION,0.0,ROBUST,False
83642,0.42901440756538867,0.0,14.49176207730498,WATCH,MONITOR,-10.0,ROBUST,False
83643,0.2624050144752877,0.0,9.336920158076104,LOW_RISK,NO_ACTION,0.0,ROBUST,False
83645,0.4938742215660956,0.0,6.800303689664,WATCH,MONITOR,-10.0,ROBUST,False
83646,0.40819574340051856,0.0,8.699681400989514,WATCH,MONITOR,-10.0,ROBUST,False
83647,0.48638008204502936,0.0,8.278387628612359,WATCH,MONITOR,-10.0,ROBUST,False
83648,0.30573059156394355,0.0,14.117428165168935,WATCH,MONITOR,-10.0,ROBUST,False
83649,0.2894764529162802,0.0,10.304837538464815,LOW_RISK,NO_ACTION,0.0,ROBUST,False
83650,0.8075332917425947,7.124185892858764,12.78530964374648,HIGH_RISK,HUMAN_REVIEW,-50.0,ROBUST,True
83651,0.45211650520537205,0.0,11.395041974268405,WATCH,MONITOR,-10.0,ROBUST,False
83652,0.4856583183462232,0.0,11.710759413394692,WATCH,MONITOR,-10.0,ROBUST,False
83653,0.2298207624129999,0.0,12.069437355080565,LOW_RISK,NO_ACTION,0.0,ROBUST,False
83654,0.4194818295370556,0.0,8.344077133701676,WATCH,MONITOR,-10.0,ROBUST,False
83656,0.18425823905421468,0.0,12.167482013833874,LOW_RISK,NO_ACTION,0.0,ROBUST,False
83657,0.3182297386981781,0.0,12.001737354744314,WATCH,MONITOR,-10.0,ROBUST,False
83658,0.17193925936367965,0.0,9.679406061493943,LOW_RISK,NO_ACTION,0.0,ROBUST,False
83659,0.23895894470013557,0.0,11.15520197149552,LOW_RISK,NO_ACTION,0.0,ROBUST,False
83660,0.4725433468825837,0.0,7.2617165442231855,WATCH,MONITOR,-10.0,ROBUST,False
83661,0.15843627990923445,0.0,11.935068060770865,LOW_RISK,NO_ACTION,0.0,ROBUST,False
83662,0.35296035805407866,0.0,8.11587945443055,WATCH,MONITOR,-10.0,ROBUST,False
83663,0.33718170917096135,0.0,11.065160239205854,WATCH,MONITOR,-10.0,ROBUST,False
83664,0.1482953410835946,0.0,9.389021978849541,LOW_RISK,NO_ACTION,0.0,ROBUST,False
83665,0.23039161750752488,0.0,6.089724916275501,LOW_RISK,NO_ACTION,0.0,ROBUST,False
83666,0.3251926018061063,0.0,7.766298246913095,WATCH,MONITOR,-10.0,ROBUST,False
83667,0.1748714435953961,0.0,10.071547477326314,LOW_RISK,NO_ACTION,0.0,ROBUST,False
83668,0.4202494625651262,0.0,8.657320284507062,WATCH,MONITOR,-10.0,ROBUST,False
83670,0.4888626038139,0.0,12.492833043370371,WATCH,MONITOR,-10.0,ROBUST,False
83671,0.8624230948969698,8.121938107389543,7.095395997253692,CRITICAL,TRANSPORT_MODE_REVIEW,350.0212861879917,ROBUST,True
83672,0.17476478591623038,0.0,12.66931949909269,LOW_RISK,NO_ACTION,0.0,ROBUST,False
83673,0.28197402871897786,0.0,11.890923037280725,LOW_RISK,NO_ACTION,0.0,ROBUST,False
83674,0.6201853838764544,0.8980528659338055,11.81689000563359,HIGH_RISK,SUPPLIER_ESCALATION,34.71854208200682,SENSITIVE,True
83675,0.6803991800653134,9.540620328861039,13.214718358543657,HIGH_RISK,SUPPLIER_ESCALATION,200.02642943671708,ROBUST,True
83676,0.8736624710344577,9.19270426361808,12.112323346916746,CRITICAL,HUMAN_REVIEW,-50.0,ROBUST,True
83677,0.3164882512131576,0.0,11.879098657390271,WATCH,MONITOR,-10.0,ROBUST,False
83678,0.4826402271069231,0.0,10.377908909238412,WATCH,MONITOR,-10.0,ROBUST,False
83679,0.25651074216277825,0.0,6.751428900705244,LOW_RISK,NO_ACTION,0.0,ROBUST,False
83680,0.2680538216732402,0.0,12.233984461165603,LOW_RISK,NO_ACTION,0.0,ROBUST,False
83681,0.48756068684561515,0.0,12.966025774670092,WATCH,MONITOR,-10.0,ROBUST,False
83682,0.7125964037319041,12.3758719173491,10.572718506540053,HIGH_RISK,HUMAN_REVIEW,-50.0,ROBUST,True
83683,0.3876687691368501,0.0,10.92698828870911,WATCH,MONITOR,-10.0,ROBUST,False
83684,0.32508080214842705,0.0,8.055475141757274,WATCH,MONITOR,-10.0,ROBUST,False
83685,0.4898436843452967,0.0,12.409017571151187,WATCH,MONITOR,-10.0,ROBUST,False
83686,0.3755465937702225,0.0,14.048526021215386,WATCH,MONITOR,-10.0,ROBUST,False
83687,0.4580131006420678,0.0,11.705029846839867,WATCH,MONITOR,-10.0,ROBUST,False
83688,0.37975154629328844,0.0,12.983508123862592,WATCH,MONITOR,-10.0,ROBUST,False
83694,0.7788130786432942,14.570311486307853,12.89056013899786,HIGH_RISK,HUMAN_REVIEW,-50.0,ROBUST,True
83695,0.2161643688568986,0.0,11.80632704978298,LOW_RISK,NO_ACTION,0.0,ROBUST,False
83699,0.2213914792055276,0.0,12.852109769748774,LOW_RISK,NO_ACTION,0.0,ROBUST,False
83700,0.8728693282140904,21.75291543879263,11.735007813407792,CRITICAL,TRANSPORT_MODE_REVIEW,350.0352050234401,ROBUST,True
83701,0.6808890026301548,4.850285208706859,12.948012371209098,HIGH_RISK,TRANSPORT_MODE_REVIEW,350.0388440371136,ROBUST,True
83702,0.3251080283206127,0.0,10.284319062979172,WATCH,MONITOR,-10.0,ROBUST,False
83704,0.8998050901416601,14.612616275220548,12.680066428513822,CRITICAL,HUMAN_REVIEW,-50.0,ROBUST,True
83705,0.6634293773996733,14.638486323409676,10.88432930546973,HIGH_RISK,TRANSPORT_MODE_REVIEW,350.03265298791666,ROBUST,True
83706,0.144200540491076,0.0,9.56681969678274,LOW_RISK,NO_ACTION,0.0,ROBUST,False
83707,0.4317786559046658,0.0,12.639125358683183,WATCH,MONITOR,-10.0,ROBUST,False
83708,0.8896345903801863,15.190456389687848,11.694449286991727,CRITICAL,TRANSPORT_MODE_REVIEW,350.0350833478608,ROBUST,True
83709,0.8747443044572232,166.075920177833,6.676503948273764,CRITICAL,SUPPLIER_ESCALATION,200.0133530078965,ROBUST,True
83710,0.7508626560196755,133.28142695185332,9.016007770516083,HIGH_RISK,SUPPLIER_ESCALATION,200.0180320155414,ROBUST,True
83711,0.8385330847580175,149.72998150948388,8.707648248106914,HIGH_RISK,TRANSPORT_MODE_REVIEW,350.026122944746,ROBUST,True
83712,0.6407237559299703,134.688958400245,7.7313164982640155,HIGH_RISK,TRANSPORT_MODE_REVIEW,350.02319394949154,ROBUST,True
83713,0.24061121663875215,0.0,10.37197378111155,LOW_RISK,NO_ACTION,0.0,ROBUST,False
83714,0.12532769878892838,0.0,7.1010167758144265,LOW_RISK,NO_ACTION,0.0,ROBUST,False
83715,0.49438467376056694,0.0,8.360176742525926,WATCH,MONITOR,-10.0,ROBUST,False
83716,0.11261385125248964,0.0,10.346884402405118,LOW_RISK,NO_ACTION,0.0,ROBUST,False
83717,0.63004649925203,4.6055773564110565,6.8160784904102325,HIGH_RISK,SUPPLIER_ESCALATION,200.01363215698075,ROBUST,True
83718,0.6815152796694539,13.535882193248906,10.001768315785286,HIGH_RISK,TRANSPORT_MODE_REVIEW,350.0300053049473,ROBUST,True
83719,0.35840411637867964,0.0,13.062396789036388,WATCH,MONITOR,-10.0,ROBUST,False
83720,0.24249930123503352,0.0,5.423186348593906,LOW_RISK,NO_ACTION,0.0,ROBUST,False
83726,0.3695002585035435,0.0,9.51493560712144,WATCH,MONITOR,-10.0,ROBUST,False
83727,0.3916942037873443,0.0,10.085850775128717,WATCH,MONITOR,-10.0,ROBUST,False
83728,0.3762210561598579,0.0,13.374678860018665,WATCH,MONITOR,-10.0,ROBUST,False
83730,0.14558479254326093,0.0,13.567691300166784,LOW_RISK,NO_ACTION,0.0,ROBUST,False
83731,0.36275729386187383,0.0,11.542105554732554,WATCH,MONITOR,-10.0,ROBUST,False
83732,0.21199501978163893,0.0,8.47407690034261,LOW_RISK,NO_ACTION,0.0,ROBUST,False
83733,0.11152054822773341,0.0,11.576472870114568,LOW_RISK,NO_ACTION,0.0,ROBUST,False
83735,0.8462547027789387,3.655329182476238,9.80028747921897,HIGH_RISK,EXPEDITE,48.33520064825518,SENSITIVE,True
83736,0.27341724112152044,0.0,12.12703484943049,LOW_RISK,NO_ACTION,0.0,ROBUST,False
83738,0.6210206087163568,59.131077359367616,12.476298999539472,HIGH_RISK,HUMAN_REVIEW,-50.0,ROBUST,True
83739,0.38192966615628654,0.0,15.012177741107317,WATCH,MONITOR,-10.0,ROBUST,False
83740,0.6361134448516601,8.868386492391116,14.190085816046361,HIGH_RISK,TRANSPORT_MODE_REVIEW,350.0425702574481,ROBUST,True
83742,0.22611220524156905,0.0,9.654472193654348,LOW_RISK,NO_ACTION,0.0,ROBUST,False
83743,0.12422090249650425,0.0,9.701310167030824,LOW_RISK,NO_ACTION,0.0,ROBUST,False
83746,0.7490230284017954,65.81094302097407,10.87597145477482,HIGH_RISK,TRANSPORT_MODE_REVIEW,350.03262791436464,ROBUST,True
83747,0.3271304365598336,0.0,13.146087560242336,WATCH,MONITOR,-10.0,ROBUST,False
83748,0.23977004507751523,0.0,11.088235334719904,LOW_RISK,NO_ACTION,0.0,ROBUST,False
83749,0.38207559156694193,0.0,13.614124462219909,WATCH,MONITOR,-10.0,ROBUST,False
83750,0.31494309969075085,0.0,14.0130170708584,WATCH,MONITOR,-10.0,ROBUST,False
83751,0.28769797834821587,0.0,13.738036465239684,LOW_RISK,NO_ACTION,0.0,ROBUST,False
83752,0.7083648176927435,9.349315107334368,13.509668723973045,HIGH_RISK,EXPEDITE,250.06754834362005,SENSITIVE,True
83760,0.7911906469614072,29.64020722957228,10.966109903471082,HIGH_RISK,EXPEDITE,250.05483054951765,SENSITIVE,True
83761,0.6212089824553099,15.366755153741488,12.366493625870792,HIGH_RISK,HUMAN_REVIEW,-50.0,ROBUST,True
83762,0.708462056328887,21.04220290663235,14.03667855916375,HIGH_RISK,EXPEDITE,250.07018339279603,SENSITIVE,True
83763,0.1562973453564613,0.0,9.028938392241612,LOW_RISK,NO_ACTION,0.0,ROBUST,False
83764,0.1626536724762075,0.0,10.381304329495126,LOW_RISK,NO_ACTION,0.0,ROBUST,False
83765,0.7423600687867322,1.0592442351163887,9.838983164149361,HIGH_RISK,HUMAN_REVIEW,-50.0,SENSITIVE,True
83766,0.44914931430685046,0.0,12.734606823197378,WATCH,MONITOR,-10.0,ROBUST,False
83767,0.26379851133822074,0.0,8.465268118551318,LOW_RISK,NO_ACTION,0.0,ROBUST,False
83768,0.16780806413178495,0.0,8.464635940677562,LOW_RISK,NO_ACTION,0.0,ROBUST,False
83771,0.7786244404860325,26.030445692995478,12.622566018163685,HIGH_RISK,SUPPLIER_ESCALATION,200.02524513203662,ROBUST,True
83772,0.4329957897677794,0.0,14.24055496777972,WATCH,MONITOR,-10.0,ROBUST,False
83773,0.7232827657050329,1.8498284607114042,12.001358229684332,HIGH_RISK,HUMAN_REVIEW,-50.0,SENSITIVE,True
83774,0.7812913259464437,2.6743044704457803,5.927245974781331,HIGH_RISK,TRANSPORT_MODE_REVIEW,301.16152182727484,ROBUST,True
83775,0.4442914237552339,0.0,10.620375673477872,WATCH,MONITOR,-10.0,ROBUST,False
83776,0.10616598337936307,0.0,8.651898894268529,LOW_RISK,NO_ACTION,0.0,ROBUST,False
83777,0.1428943207078094,0.0,10.285407639319104,LOW_RISK,NO_ACTION,0.0,ROBUST,False
83779,0.6280678220737006,1.0721408768607565,14.713792549524435,HIGH_RISK,SUPPLIER_ESCALATION,60.83690678755946,SENSITIVE,True
83780,0.60500146517989,4.788187297144135,12.992816789176404,HIGH_RISK,SUPPLIER_ESCALATION,200.02598563357833,ROBUST,True
83781,0.12783271341743163,0.0,8.753734589412401,LOW_RISK,NO_ACTION,0.0,ROBUST,False
83782,0.29854574898652286,0.0,10.546019629737621,LOW_RISK,NO_ACTION,0.0,ROBUST,False
83783,0.28908275945451567,0.0,12.15349958522302,LOW_RISK,NO_ACTION,0.0,ROBUST,False
83784,0.22428140942329639,0.0,9.696155832738006,LOW_RISK,NO_ACTION,0.0,ROBUST,False
83785,0.44816206797684,0.0,5.834810737062605,WATCH,MONITOR,-10.0,ROBUST,False
83787,0.1681732807519984,0.0,11.163382173096926,LOW_RISK,NO_ACTION,0.0,ROBUST,False
83788,0.24098511375969595,0.0,10.181157167204903,LOW_RISK,NO_ACTION,0.0,ROBUST,False
83789,0.8879237164385908,13.942036876095209,11.790564777297387,CRITICAL,HUMAN_REVIEW,-50.0,ROBUST,True
83791,0.1121689257573137,0.0,11.225256725762893,LOW_RISK,NO_ACTION,0.0,ROBUST,False
83792,0.3691801600985475,0.0,13.348594796344413,WATCH,MONITOR,-10.0,ROBUST,False
83793,0.7220321245716016,8.035366638833862,13.55623426081434,HIGH_RISK,HUMAN_REVIEW,-50.0,ROBUST,True
83795,0.8287083641121519,28.57481244255014,10.343270347945754,HIGH_RISK,SUPPLIER_ESCALATION,200.0206865406958,ROBUST,True
83796,0.643162846616934,25.214151081609295,9.142459738865602,HIGH_RISK,SUPPLIER_ESCALATION,200.01828491947754,ROBUST,True
83797,0.602585700777534,28.189503395559605,6.903245123504251,HIGH_RISK,HUMAN_REVIEW,-50.0,ROBUST,True
83804,0.334545656529181,0.0,8.547101447154903,WATCH,MONITOR,-10.0,ROBUST,False
83806,0.13091739726018636,0.0,6.844762229654215,LOW_RISK,NO_ACTION,0.0,ROBUST,False
83808,0.20314800141920344,0.0,7.370608404199031,LOW_RISK,NO_ACTION,0.0,ROBUST,False
83809,0.755404604672556,3.7205245228226262,9.47490836030572,HIGH_RISK,SUPPLIER_ESCALATION,200.01894981672064,ROBUST,True
83810,0.22607491606158556,0.0,10.97679912709094,LOW_RISK,NO_ACTION,0.0,ROBUST,False
83813,0.4500748853834916,0.0,7.789980307777472,WATCH,MONITOR,-10.0,ROBUST,False
83815,0.23886673586971707,0.0,5.794841205603168,LOW_RISK,NO_ACTION,0.0,ROBUST,False
83817,0.7328081105902308,34.58905450184341,13.738738578954775,HIGH_RISK,TRANSPORT_MODE_REVIEW,350.0412162157363,ROBUST,True
83818,0.27335233924597635,0.0,10.083932349317223,LOW_RISK,NO_ACTION,0.0,ROBUST,False
83819,0.2835666097194941,0.0,13.14850342975305,LOW_RISK,NO_ACTION,0.0,ROBUST,False
83822,0.4878288207346233,0.0,5.3531369363121435,WATCH,MONITOR,-10.0,ROBUST,False
83823,0.2184617873055432,0.0,11.908254981065436,LOW_RISK,NO_ACTION,0.0,ROBUST,False
83824,0.35092978780926853,0.0,11.712174932784832,WATCH,MONITOR,-10.0,ROBUST,False
83825,0.6710161427561498,31.345458630756323,7.455876687491824,HIGH_RISK,TRANSPORT_MODE_REVIEW,350.02236763006294,ROBUST,True
83826,0.7884091393708611,57.78073765841306,8.150395758948912,HIGH_RISK,TRANSPORT_MODE_REVIEW,350.024451187277,ROBUST,True
83827,0.2957323326496944,0.0,9.153748856242663,LOW_RISK,NO_ACTION,0.0,ROBUST,False
83828,0.7246883346087466,50.11280791204278,9.26276677415456,HIGH_RISK,HUMAN_REVIEW,-50.0,ROBUST,True
83829,0.13950118747267537,0.0,6.3240004751933885,LOW_RISK,NO_ACTION,0.0,ROBUST,False
83830,0.1278367389585236,0.0,7.9688733632226665,LOW_RISK,NO_ACTION,0.0,ROBUST,False
83832,0.16145260815730667,0.0,11.468679281266612,LOW_RISK,NO_ACTION,0.0,ROBUST,False
83833,0.40576004455572245,0.0,8.616096906730693,WATCH,MONITOR,-10.0,ROBUST,False
83842,0.7463700585837906,60.17389179602972,8.724291910071702,HIGH_RISK,HUMAN_REVIEW,-50.0,ROBUST,True
83843,0.3260071075624442,0.0,12.38954645489276,WATCH,MONITOR,-10.0,ROBUST,False
83844,0.28729056163705297,0.0,10.671131861661472,LOW_RISK,NO_ACTION,0.0,ROBUST,False
83845,0.4553303258810488,0.0,8.990995845221194,WATCH,MONITOR,-10.0,ROBUST,False
83847,0.406679129533393,0.0,11.174008061363278,WATCH,MONITOR,-10.0,ROBUST,False
83848,0.42477690052072214,0.0,11.668430227613417,WATCH,MONITOR,-10.0,ROBUST,False
83849,0.4253049205402617,0.0,11.60820518976535,WATCH,MONITOR,-10.0,ROBUST,False
83850,0.35708686189822325,0.0,11.825308442660923,WATCH,MONITOR,-10.0,ROBUST,False
83853,0.28320584972637836,0.0,10.686533936298828,LOW_RISK,NO_ACTION,0.0,ROBUST,False
83855,0.8402454299579251,20.212557162704062,9.030423920596073,HIGH_RISK,TRANSPORT_MODE_REVIEW,350.02709127176195,ROBUST,True
83859,0.47040296704130025,0.0,9.984056429450655,WATCH,MONITOR,-10.0,ROBUST,False
83860,0.10952241730333721,0.0,11.61159916361584,LOW_RISK,NO_ACTION,0.0,ROBUST,False
83861,0.12062194930650053,0.0,11.367575941096039,LOW_RISK,NO_ACTION,0.0,ROBUST,False
83862,0.483497318763375,0.0,13.273129318317359,WATCH,MONITOR,-10.0,ROBUST,False
83864,0.2108642455376779,0.0,15.043981126630602,LOW_RISK,NO_ACTION,0.0,ROBUST,False
83866,0.4493477758597675,0.0,11.44666300537096,WATCH,MONITOR,-10.0,ROBUST,False
83867,0.2555180475845611,0.0,11.698375456438715,LOW_RISK,NO_ACTION,0.0,ROBUST,False
83868,0.14764002304374224,0.0,11.108943256822236,LOW_RISK,NO_ACTION,0.0,ROBUST,False
83869,0.700622044048904,13.13491028214369,10.259256686352712,HIGH_RISK,HUMAN_REVIEW,-50.0,ROBUST,True
83872,0.8856792043600117,3.7331267714013743,10.114002902700863,CRITICAL,SUPPLIER_ESCALATION,200.02022800580545,ROBUST,True
83876,0.1999572779469459,0.0,10.596659732783579,LOW_RISK,NO_ACTION,0.0,ROBUST,False
83877,0.7894633136028482,15.164415933228717,15.126219201756523,HIGH_RISK,TRANSPORT_MODE_REVIEW,350.0453786576054,ROBUST,True
83878,0.38059916022631346,0.0,10.72380776663082,WATCH,MONITOR,-10.0,ROBUST,False
83879,0.49455943059412,0.0,13.949179296156462,WATCH,MONITOR,-10.0,ROBUST,False
83880,0.27660269731566844,0.0,10.094159563703375,LOW_RISK,NO_ACTION,0.0,ROBUST,False
83881,0.30727397693724395,0.0,9.995593513400427,WATCH,MONITOR,-10.0,ROBUST,False
83882,0.30872628055330226,0.0,11.79770101758256,WATCH,MONITOR,-10.0,ROBUST,False
83883,0.7340622585601317,15.813907913757124,10.990287010307503,HIGH_RISK,TRANSPORT_MODE_REVIEW,350.0329708610309,ROBUST,True
83885,0.30709626284178493,0.0,13.89996493528151,WATCH,MONITOR,-10.0,ROBUST,False
83886,0.10350990202476713,0.0,12.701076766795813,LOW_RISK,NO_ACTION,0.0,ROBUST,False
83888,0.6493698175288004,0.9788627827087034,15.177512482662628,HIGH_RISK,HUMAN_REVIEW,-50.0,SENSITIVE,True
83890,0.7218996692891303,12.750546291844833,13.387801374649944,HIGH_RISK,TRANSPORT_MODE_REVIEW,350.04016340412386,ROBUST,True
83891,0.14062264137167155,0.0,10.042527495201778,LOW_RISK,NO_ACTION,0.0,ROBUST,False
83893,0.3819587635819185,0.0,13.571214103141136,WATCH,MONITOR,-10.0,ROBUST,False
83894,0.7256770874378756,0.9726381642390678,8.707648248106914,HIGH_RISK,SUPPLIER_ESCALATION,45.90419402686703,SENSITIVE,True
83897,0.4578856419022451,0.0,11.720318912013186,WATCH,MONITOR,-10.0,ROBUST,False
83898,0.47144253183080786,0.0,9.567668602476774,WATCH,MONITOR,-10.0,ROBUST,False
83899,0.49035733515835955,0.0,8.914135416049955,WATCH,MONITOR,-10.0,ROBUST,False
83900,0.4756325219548081,0.0,15.599236410601549,WATCH,MONITOR,-10.0,ROBUST,False
83901,0.20875532876740988,0.0,13.977213844916086,LOW_RISK,NO_ACTION,0.0,ROBUST,False
83903,0.303910737881405,0.0,11.632225571514649,WATCH,MONITOR,-10.0,ROBUST,False
83904,0.1701819880787764,0.0,8.00510009808328,LOW_RISK,NO_ACTION,0.0,ROBUST,False
83905,0.42248386206897326,0.0,13.225293145186777,WATCH,MONITOR,-10.0,ROBUST,False
83906,0.4553726820576385,0.0,11.272444994002742,WATCH,MONITOR,-10.0,ROBUST,False
83907,0.4405155357190059,0.0,10.957224504089886,WATCH,MONITOR,-10.0,ROBUST,False
83908,0.273346779478734,0.0,12.481099780976658,LOW_RISK,NO_ACTION,0.0,ROBUST,False
83909,0.8152684147945608,16.276833554350144,12.604096536325388,HIGH_RISK,TRANSPORT_MODE_REVIEW,350.03781228960906,ROBUST,True
83910,0.1390316678305078,0.0,13.831390836230415,LOW_RISK,NO_ACTION,0.0,ROBUST,False
83911,0.11609790824770028,0.0,10.753393152669682,LOW_RISK,NO_ACTION,0.0,ROBUST,False
83912,0.7843498380765578,24.46018861110489,13.213842811079036,HIGH_RISK,TRANSPORT_MODE_REVIEW,350.0396415284331,ROBUST,True
83913,0.8677407281856035,17.83833616248823,9.285818833152089,CRITICAL,HUMAN_REVIEW,-50.0,ROBUST,True
83914,0.49821970589582765,0.0,13.20198938288495,WATCH,MONITOR,-10.0,ROBUST,False
83915,0.6992744297340585,2.925078390176571,7.5310163320779155,HIGH_RISK,HUMAN_REVIEW,-50.0,SENSITIVE,True
83916,0.44225107261409347,0.0,8.444063202419512,WATCH,MONITOR,-10.0,ROBUST,False
83917,0.29199322621159673,0.0,10.984674904959013,LOW_RISK,NO_ACTION,0.0,ROBUST,False
83919,0.4308600782015508,0.0,12.454326634328897,WATCH,MONITOR,-10.0,ROBUST,False
83920,0.426850912868058,0.0,10.640436284325322,WATCH,MONITOR,-10.0,ROBUST,False
83921,0.8054175491643014,5.469168326992072,10.347724555144831,HIGH_RISK,TRANSPORT_MODE_REVIEW,350.0310431736654,ROBUST,True
83922,0.6636243712432133,8.358468870915392,12.355875315017018,HIGH_RISK,HUMAN_REVIEW,-50.0,ROBUST,True
83925,0.6716993040634653,7.473478125251699,12.263439779253279,HIGH_RISK,HUMAN_REVIEW,-50.0,ROBUST,True
83926,0.6843853690659102,11.874437102661322,11.800482929658784,HIGH_RISK,HUMAN_REVIEW,-50.0,ROBUST,True
83929,0.13278751103739622,0.0,9.531234758634062,LOW_RISK,NO_ACTION,0.0,ROBUST,False
83930,0.2726462069489397,0.0,11.095571210219646,LOW_RISK,NO_ACTION,0.0,ROBUST,False
83932,0.4313291874567371,0.0,9.400911143578508,WATCH,MONITOR,-10.0,ROBUST,False
83948,0.8638179170421587,5.537623312476434,7.536705213496875,CRITICAL,HUMAN_REVIEW,-50.0,ROBUST,True
83949,0.8896829494142653,4.180739497024957,4.966335035199676,CRITICAL,EXPEDITE,127.13168750678062,SENSITIVE,True
83950,0.39187472231772214,0.0,5.67634275889742,WATCH,MONITOR,-10.0,ROBUST,False
83951,0.18377135445557344,0.0,6.091309882077698,LOW_RISK,NO_ACTION,0.0,ROBUST,False
83952,0.6021275438323113,5.338190889710514,9.504575923397805,HIGH_RISK,HUMAN_REVIEW,-50.0,ROBUST,True
83953,0.12431246745176137,0.0,8.685077700412423,LOW_RISK,NO_ACTION,0.0,ROBUST,False
83954,0.459311883017518,0.0,11.052872008161806,WATCH,MONITOR,-10.0,ROBUST,False
83955,0.22177737959614963,0.0,11.757633698093485,LOW_RISK,NO_ACTION,0.0,ROBUST,False
83956,0.30005923326575973,0.0,10.048496574446103,WATCH,MONITOR,-10.0,ROBUST,False
83957,0.2689407490802938,0.0,9.680406499268875,LOW_RISK,NO_ACTION,0.0,ROBUST,False
83958,0.16873382276676646,0.0,10.11894080919033,LOW_RISK,NO_ACTION,0.0,ROBUST,False
83959,0.24325874656067725,0.0,12.774002404996414,LOW_RISK,NO_ACTION,0.0,ROBUST,False
83960,0.17717377451711813,0.0,7.053585727193677,LOW_RISK,NO_ACTION,0.0,ROBUST,False
83961,0.6926753168531298,1.0029809586947427,9.372544251851037,HIGH_RISK,TRANSPORT_MODE_REVIEW,50.45654428763052,SENSITIVE,True
83962,0.7106175466412538,0.8158382287196312,10.254584468160798,HIGH_RISK,TRANSPORT_MODE_REVIEW,22.38410038997344,SENSITIVE,True
83963,0.8309194254890641,2.323815841137561,10.923756244778843,HIGH_RISK,SUPPLIER_ESCALATION,200.02184751248956,ROBUST,True
83964,0.4191725470045262,0.0,5.200484006199273,WATCH,MONITOR,-10.0,ROBUST,False
83965,0.3275880135044964,0.0,8.916734119504433,WATCH,MONITOR,-10.0,ROBUST,False
83966,0.45728263542033676,0.0,10.605499326234456,WATCH,MONITOR,-10.0,ROBUST,False
83967,0.3546177954306897,0.0,10.286945605381202,WATCH,MONITOR,-10.0,ROBUST,False
83968,0.3757360462530418,0.0,12.669180679712905,WATCH,MONITOR,-10.0,ROBUST,False
83969,0.3670428918908013,0.0,11.363052124271233,WATCH,MONITOR,-10.0,ROBUST,False
83970,0.2797836772734965,0.0,4.990432586778736,LOW_RISK,NO_ACTION,0.0,ROBUST,False
83971,0.37573552888003314,0.0,10.931763925379718,WATCH,MONITOR,-10.0,ROBUST,False
83972,0.12788309858758448,0.0,11.27054888910539,LOW_RISK,NO_ACTION,0.0,ROBUST,False
83973,0.4439405887662653,0.0,11.851733827865177,WATCH,MONITOR,-10.0,ROBUST,False
83974,0.411124857377567,0.0,10.822739495693249,WATCH,MONITOR,-10.0,ROBUST,False
83975,0.19809198329267153,0.0,8.110667521110752,LOW_RISK,NO_ACTION,0.0,ROBUST,False
83976,0.407212981701633,0.0,9.375165589945011,WATCH,MONITOR,-10.0,ROBUST,False
83977,0.1050570405600074,0.0,11.800327048088555,LOW_RISK,NO_ACTION,0.0,ROBUST,False
83978,0.18689862899235218,0.0,11.824087219587643,LOW_RISK,NO_ACTION,0.0,ROBUST,False
83979,0.12605489546835838,0.0,9.207463236989907,LOW_RISK,NO_ACTION,0.0,ROBUST,False
83980,0.41209076664715794,0.0,9.517898598432753,WATCH,MONITOR,-10.0,ROBUST,False
83981,0.4023496604713549,0.0,9.942978421501733,WATCH,MONITOR,-10.0,ROBUST,False
83982,0.4254544095207323,0.0,4.844187086458591,WATCH,MONITOR,-10.0,ROBUST,False
83983,0.10179267733021154,0.0,10.354435775246705,LOW_RISK,NO_ACTION,0.0,ROBUST,False
83984,0.3004930906713632,0.0,8.692725083850776,WATCH,MONITOR,-10.0,ROBUST,False
83985,0.38193447900693467,0.0,10.152337836193743,WATCH,MONITOR,-10.0,ROBUST,False
83986,0.6050907387946399,0.9064248761299699,8.95478080296514,HIGH_RISK,HUMAN_REVIEW,-50.0,SENSITIVE,True
83987,0.35991629100504985,0.0,10.687411927154141,WATCH,MONITOR,-10.0,ROBUST,False
83988,0.13364403972387429,0.0,13.93062425632998,LOW_RISK,NO_ACTION,0.0,ROBUST,False
83989,0.17253034244172527,0.0,12.346760072555744,LOW_RISK,NO_ACTION,0.0,ROBUST,False
83990,0.6042043552578171,24.302032037146,12.902915488708734,HIGH_RISK,HUMAN_REVIEW,-50.0,ROBUST,True
83991,0.3614260610724408,0.0,8.822985283040335,WATCH,MONITOR,-10.0,ROBUST,False
83992,0.15834765078155844,0.0,10.513062888672096,LOW_RISK,NO_ACTION,0.0,ROBUST,False
83993,0.17408933233237517,0.0,6.516193076042964,LOW_RISK,NO_ACTION,0.0,ROBUST,False
83995,0.1817785468262652,0.0,12.544332569000922,LOW_RISK,NO_ACTION,0.0,ROBUST,False
83996,0.1954803218795914,0.0,6.90625415285587,LOW_RISK,NO_ACTION,0.0,ROBUST,False
83997,0.19062153941051652,0.0,11.2176278007064,LOW_RISK,NO_ACTION,0.0,ROBUST,False
83998,0.25805964339905474,0.0,7.912335237714567,LOW_RISK,NO_ACTION,0.0,ROBUST,False
83999,0.3615158603346892,0.0,10.363245119704528,WATCH,MONITOR,-10.0,ROBUST,False
84000,0.2752127132537879,0.0,11.714752709553354,LOW_RISK,NO_ACTION,0.0,ROBUST,False
84001,0.41038956349995526,0.0,12.38995714695626,WATCH,MONITOR,-10.0,ROBUST,False
84002,0.7509661244575904,2.8274365967027135,7.464108608024089,HIGH_RISK,HUMAN_REVIEW,-50.0,SENSITIVE,True
84003,0.15061076561963027,0.0,13.154096513097812,LOW_RISK,NO_ACTION,0.0,ROBUST,False
84004,0.11953664932829758,0.0,10.77182676847709,LOW_RISK,NO_ACTION,0.0,ROBUST,False
84005,0.4511766255998425,0.0,10.240887929730164,WATCH,MONITOR,-10.0,ROBUST,False
84006,0.13193242662514937,0.0,10.890330685864631,LOW_RISK,NO_ACTION,0.0,ROBUST,False
84007,0.6517159086315498,5.931914623531815,8.754160749323518,HIGH_RISK,SUPPLIER_ESCALATION,200.01750832149867,ROBUST,True
84008,0.8617183690064445,5.891727477774795,10.400186361067139,CRITICAL,HUMAN_REVIEW,-50.0,ROBUST,True
84009,0.3513345461194616,0.0,10.74937727911096,WATCH,MONITOR,-10.0,ROBUST,False
84010,0.33294822526333945,0.0,11.095152626524921,WATCH,MONITOR,-10.0,ROBUST,False
84011,0.49476146657410225,0.0,8.382747094863314,WATCH,MONITOR,-10.0,ROBUST,False
84012,0.45477295852686883,0.0,13.038983942375959,WATCH,MONITOR,-10.0,ROBUST,False
84013,0.2643372709923639,0.0,8.984818995876008,LOW_RISK,NO_ACTION,0.0,ROBUST,False
84014,0.248634336365014,0.0,11.755337697135014,LOW_RISK,NO_ACTION,0.0,ROBUST,False
84015,0.21874081371199405,0.0,11.783723297487764,LOW_RISK,NO_ACTION,0.0,ROBUST,False
84016,0.16096276801515255,0.0,8.215925923320448,LOW_RISK,NO_ACTION,0.0,ROBUST,False
84017,0.15523346264080362,0.0,7.313886831633462,LOW_RISK,NO_ACTION,0.0,ROBUST,False
84018,0.15291348320384218,0.0,8.487970332739334,LOW_RISK,NO_ACTION,0.0,ROBUST,False
84019,0.7505608593073512,15.821975082460591,12.900112227781255,HIGH_RISK,HUMAN_REVIEW,-50.0,ROBUST,True
84020,0.19620481696221478,0.0,12.249991727121248,LOW_RISK,NO_ACTION,0.0,ROBUST,False
84021,0.22266745212524658,0.0,10.619990843208663,LOW_RISK,NO_ACTION,0.0,ROBUST,False
84022,0.4846315884155664,0.0,11.562724643722712,WATCH,MONITOR,-10.0,ROBUST,False
84023,0.3313893004007543,0.0,9.870602725200351,WATCH,MONITOR,-10.0,ROBUST,False
84024,0.4950383098053124,0.0,10.654804579709847,WATCH,MONITOR,-10.0,ROBUST,False
84025,0.24898677913026931,0.0,8.498336516565931,LOW_RISK,NO_ACTION,0.0,ROBUST,False
84026,0.2830506530357764,0.0,12.03157609337587,LOW_RISK,NO_ACTION,0.0,ROBUST,False
84027,0.8559854395701606,0.9827596283657962,12.688189981664507,CRITICAL,TRANSPORT_MODE_REVIEW,47.42641369574045,SENSITIVE,True
84028,0.17315506035862108,0.0,9.70746050308605,LOW_RISK,NO_ACTION,0.0,ROBUST,False
84029,0.15726588311103168,0.0,12.77280873810987,LOW_RISK,NO_ACTION,0.0,ROBUST,False
84030,0.4780316791231328,0.0,13.316751012078072,WATCH,MONITOR,-10.0,ROBUST,False
84031,0.49472427271950237,0.0,10.492689881579409,WATCH,MONITOR,-10.0,ROBUST,False
84032,0.11796379860349263,0.0,8.604771740866488,LOW_RISK,NO_ACTION,0.0,ROBUST,False
84033,0.16013834989270662,0.0,11.522687659314952,LOW_RISK,NO_ACTION,0.0,ROBUST,False
84034,0.8159990407882338,5.5076525233860565,10.48500236822369,HIGH_RISK,SUPPLIER_ESCALATION,200.02097000473645,ROBUST,True
84035,0.6303496858839309,5.762710480611499,11.4617135356935,HIGH_RISK,EXPEDITE,250.05730856767843,SENSITIVE,True
84038,0.24555215745075332,0.0,11.130550955205267,LOW_RISK,NO_ACTION,0.0,ROBUST,False
84039,0.15163853994385335,0.0,9.189831495344642,LOW_RISK,NO_ACTION,0.0,ROBUST,False
84040,0.28260470268871607,0.0,9.956151157618981,LOW_RISK,NO_ACTION,0.0,ROBUST,False
84041,0.2086778464677037,0.0,10.379317923304855,LOW_RISK,NO_ACTION,0.0,ROBUST,False
84042,0.791760548816988,6.391254331105091,11.214721565058865,HIGH_RISK,HUMAN_REVIEW,-50.0,ROBUST,True
84043,0.13772506058509904,0.0,8.885360642778952,LOW_RISK,NO_ACTION,0.0,ROBUST,False
84044,0.2712512202840567,0.0,7.711683258885441,LOW_RISK,NO_ACTION,0.0,ROBUST,False
84045,0.8621034103682246,3.983944282123408,13.372863696610574,CRITICAL,EXPEDITE,97.64491906237095,SENSITIVE,True
84046,0.23153321875247612,0.0,8.598957493218878,LOW_RISK,NO_ACTION,0.0,ROBUST,False
84047,0.859978706578651,4.558662037060682,11.682671277527392,CRITICAL,EXPEDITE,183.8525629091465,SENSITIVE,True
84048,0.7780725763242894,5.3495260827828375,12.76214926370048,HIGH_RISK,EXPEDITE,250.0638107463185,SENSITIVE,True
84049,0.6381331472601072,21.11691779465449,9.346705246496699,HIGH_RISK,TRANSPORT_MODE_REVIEW,350.0280401157397,ROBUST,True
84050,0.7282625566079136,21.84207413287982,13.330673698291173,HIGH_RISK,HUMAN_REVIEW,-50.0,ROBUST,True
84051,0.363838730823526,0.0,9.39012538111814,WATCH,MONITOR,-10.0,ROBUST,False
84052,0.4426337776909831,0.0,12.198708899580184,WATCH,MONITOR,-10.0,ROBUST,False
84053,0.8276604403253849,17.136486266025685,12.641062412902196,HIGH_RISK,HUMAN_REVIEW,-50.0,ROBUST,True
84054,0.6317389560818397,21.360560231208446,10.870114300753377,HIGH_RISK,TRANSPORT_MODE_REVIEW,350.03261034290244,ROBUST,True
84055,0.4957024954460235,0.0,12.996802422000108,WATCH,MONITOR,-10.0,ROBUST,False
84056,0.4078400605178929,0.0,13.56248423093478,WATCH,MONITOR,-10.0,ROBUST,False
84057,0.48483015121488926,0.0,11.2503969070073,WATCH,MONITOR,-10.0,ROBUST,False
84058,0.4118537424533917,0.0,9.655795128300506,WATCH,MONITOR,-10.0,ROBUST,False
84059,0.8850837670834222,21.762257146538776,8.820551743253025,CRITICAL,HUMAN_REVIEW,-50.0,ROBUST,True
84060,0.3826118529212764,0.0,10.585381654034832,WATCH,MONITOR,-10.0,ROBUST,False
84061,0.404200801766896,0.0,14.596669073722286,WATCH,MONITOR,-10.0,ROBUST,False
84062,0.3092712039358003,0.0,14.16587101945512,WATCH,MONITOR,-10.0,ROBUST,False
84063,0.4696950803256532,0.0,12.451682723787526,WATCH,MONITOR,-10.0,ROBUST,False
84064,0.7415707531693569,5.495664721869776,9.863974596684109,HIGH_RISK,EXPEDITE,250.04931987298357,SENSITIVE,True
84065,0.43755398626625286,0.0,9.48597541954729,WATCH,MONITOR,-10.0,ROBUST,False
84066,0.3692036403852209,0.0,12.761194350184017,WATCH,MONITOR,-10.0,ROBUST,False
84067,0.8495824625064157,16.407616954297215,9.214830277249035,HIGH_RISK,TRANSPORT_MODE_REVIEW,350.0276444908318,ROBUST,True
84068,0.11425191815605573,0.0,9.598419211041708,LOW_RISK,NO_ACTION,0.0,ROBUST,False
84069,0.6999899579611575,59.600930154921066,10.290568027519015,HIGH_RISK,EXPEDITE,250.05145284013633,SENSITIVE,True
84070,0.7475784072117388,42.3449498841733,12.068050039631943,HIGH_RISK,HUMAN_REVIEW,-50.0,ROBUST,True
84074,0.21925718845925612,0.0,9.15244639355728,LOW_RISK,NO_ACTION,0.0,ROBUST,False
84075,0.671501163188399,82.07066246010612,12.322515227624416,HIGH_RISK,TRANSPORT_MODE_REVIEW,350.0369675456823,ROBUST,True
84076,0.4318092662003019,0.0,9.316590491818841,WATCH,MONITOR,-10.0,ROBUST,False
84077,0.7459448297197269,45.409226439312945,13.3698002264714,HIGH_RISK,HUMAN_REVIEW,-50.0,ROBUST,True
84078,0.42580318725221267,0.0,12.822016591627555,WATCH,MONITOR,-10.0,ROBUST,False
84079,0.6320462978891972,35.801479722659636,8.500988603406414,HIGH_RISK,HUMAN_REVIEW,-50.0,ROBUST,True
84080,0.671653548121082,43.54453726226526,6.795146334599483,HIGH_RISK,SUPPLIER_ESCALATION,200.0135902926695,ROBUST,True
84081,0.8847843515267951,40.40674307360939,6.206575926724928,CRITICAL,HUMAN_REVIEW,-50.0,ROBUST,True
84082,0.691529906045858,32.37843351603274,11.758579894524749,HIGH_RISK,HUMAN_REVIEW,-50.0,ROBUST,True
84083,0.6506577868101105,17.776084274194567,13.841179279371246,HIGH_RISK,HUMAN_REVIEW,-50.0,ROBUST,True
84084,0.7382018374964979,39.76151915054612,9.900756827497968,HIGH_RISK,TRANSPORT_MODE_REVIEW,350.02970227048263,ROBUST,True
84085,0.6921263230080746,26.73667783769342,6.78332520060396,HIGH_RISK,HUMAN_REVIEW,-50.0,ROBUST,True
84086,0.6105477750813583,66.41016707481546,11.197760918548028,HIGH_RISK,EXPEDITE,250.05598880459183,SENSITIVE,True
84087,0.3106757435705405,0.0,11.092869425057021,WATCH,MONITOR,-10.0,ROBUST,False
84088,0.7632325871818406,12.479396405711363,9.611917933357155,HIGH_RISK,TRANSPORT_MODE_REVIEW,350.02883575379997,ROBUST,True
84089,0.76551371160599,13.470714343034063,11.602017991531666,HIGH_RISK,EXPEDITE,250.05801008995763,SENSITIVE,True
84090,0.7069676763530666,18.94249940074359,8.908436311453876,HIGH_RISK,SUPPLIER_ESCALATION,200.01781687262292,ROBUST,True
84091,0.7341908268757802,16.75911340191401,10.569419741982035,HIGH_RISK,TRANSPORT_MODE_REVIEW,350.031708259226,ROBUST,True
84092,0.11526144237415088,0.0,8.11102783819368,LOW_RISK,NO_ACTION,0.0,ROBUST,False
84093,0.2719270792565528,0.0,7.088926174018695,LOW_RISK,NO_ACTION,0.0,ROBUST,False
84094,0.6774680439779949,52.59450889222906,12.54654046061437,HIGH_RISK,HUMAN_REVIEW,-50.0,ROBUST,True
84095,0.673040113220028,22.382181195075617,11.283054334156558,HIGH_RISK,TRANSPORT_MODE_REVIEW,350.0338491630023,ROBUST,True
84096,0.7373293838112402,20.580312939009975,10.2456933210051,HIGH_RISK,HUMAN_REVIEW,-50.0,ROBUST,True
84097,0.8278560446150832,17.321316386026115,11.466686743101867,HIGH_RISK,HUMAN_REVIEW,-50.0,ROBUST,True
84098,0.11620027459276781,0.0,5.406094958721468,LOW_RISK,NO_ACTION,0.0,ROBUST,False
84099,0.8127888381422305,0.9385097065909633,14.237373156058146,HIGH_RISK,TRANSPORT_MODE_REVIEW,40.78981790154782,SENSITIVE,True
84101,0.422444727063362,0.0,12.20128550543743,WATCH,MONITOR,-10.0,ROBUST,False
84102,0.7256798933951838,1.8370642008734852,7.901377353792616,HIGH_RISK,TRANSPORT_MODE_REVIEW,175.57414546849702,SENSITIVE,True
84103,0.32183226861424974,0.0,10.473011237609711,WATCH,MONITOR,-10.0,ROBUST,False
84104,0.7016198867323294,22.699700290490064,12.45488784222084,HIGH_RISK,SUPPLIER_ESCALATION,200.0249097756846,ROBUST,True
84105,0.3442024696167277,0.0,12.317094520409007,WATCH,MONITOR,-10.0,ROBUST,False
84106,0.1899040950635278,0.0,11.304698111976174,LOW_RISK,NO_ACTION,0.0,ROBUST,False
84107,0.34522081034779145,0.0,11.747586435444756,WATCH,MONITOR,-10.0,ROBUST,False
84108,0.3513117836260854,0.0,9.851615143125416,WATCH,MONITOR,-10.0,ROBUST,False
84109,0.3936427923524507,0.0,6.6576258625829405,WATCH,MONITOR,-10.0,ROBUST,False
84110,0.6594589159265004,115.47453293320304,12.476209242401161,HIGH_RISK,HUMAN_REVIEW,-50.0,ROBUST,True
84111,0.48769685218321523,0.0,14.915212126484949,WATCH,MONITOR,-10.0,ROBUST,False
84112,0.1789153234868274,0.0,13.277456858369176,LOW_RISK,NO_ACTION,0.0,ROBUST,False
84113,0.816805072342346,6.886080211355537,12.497702241249518,HIGH_RISK,TRANSPORT_MODE_REVIEW,350.0374931067237,ROBUST,True
84115,0.3153357961400065,0.0,8.592486175451668,WATCH,MONITOR,-10.0,ROBUST,False
84116,0.3687824561979648,0.0,13.132117649435262,WATCH,MONITOR,-10.0,ROBUST,False
84117,0.13978463898087595,0.0,10.782969061276285,LOW_RISK,NO_ACTION,0.0,ROBUST,False
84118,0.2522303765512428,0.0,7.599321210025752,LOW_RISK,NO_ACTION,0.0,ROBUST,False
84119,0.4077516585852691,0.0,5.60609614069894,WATCH,MONITOR,-10.0,ROBUST,False
84120,0.38276440603959616,0.0,10.025678636235389,WATCH,MONITOR,-10.0,ROBUST,False
84121,0.11605575526616407,0.0,10.626217806887722,LOW_RISK,NO_ACTION,0.0,ROBUST,False
84122,0.31863770539889785,0.0,12.277196311927055,WATCH,MONITOR,-10.0,ROBUST,False
84123,0.1353112771873638,0.0,10.712838744972538,LOW_RISK,NO_ACTION,0.0,ROBUST,False
84124,0.49834257167126494,0.0,14.281506793322315,WATCH,MONITOR,-10.0,ROBUST,False
84125,0.4589186354133179,0.0,12.741398668292735,WATCH,MONITOR,-10.0,ROBUST,False
84126,0.10843226417141479,0.0,10.422291464947717,LOW_RISK,NO_ACTION,0.0,ROBUST,False
84127,0.4434598315610524,0.0,9.65509029374725,WATCH,MONITOR,-10.0,ROBUST,False
84128,0.46777184022336304,0.0,12.991085831529382,WATCH,MONITOR,-10.0,ROBUST,False
84129,0.24141928902538204,0.0,13.126357390703754,LOW_RISK,NO_ACTION,0.0,ROBUST,False
84130,0.38780066201910635,0.0,4.220683484265119,WATCH,MONITOR,-10.0,ROBUST,False
84131,0.27684149848311157,0.0,5.201806466167193,LOW_RISK,NO_ACTION,0.0,ROBUST,False
84132,0.3620929938305376,0.0,5.682218296740361,WATCH,MONITOR,-10.0,ROBUST,False
84133,0.2361269617192766,0.0,6.430525604644662,LOW_RISK,NO_ACTION,0.0,ROBUST,False
84134,0.22902369465330735,0.0,5.802118375377063,LOW_RISK,NO_ACTION,0.0,ROBUST,False
84135,0.2697735555430316,0.0,4.05629649458457,LOW_RISK,NO_ACTION,0.0,ROBUST,False
84136,0.15822710346100047,0.0,8.220941168281389,LOW_RISK,NO_ACTION,0.0,ROBUST,False
84137,0.4324555857741531,0.0,7.431299675155903,WATCH,MONITOR,-10.0,ROBUST,False
84138,0.8360169044200623,4.547137089974071,7.72499444077186,HIGH_RISK,EXPEDITE,182.1056901048521,SENSITIVE,True
84139,0.7529178225864539,8.24821556143677,5.76472077276128,HIGH_RISK,EXPEDITE,250.02882360386388,SENSITIVE,True
84140,0.4576218450808579,0.0,13.93062425632998,WATCH,MONITOR,-10.0,ROBUST,False
84141,0.2986495256252686,0.0,10.033384912555524,LOW_RISK,NO_ACTION,0.0,ROBUST,False
84142,0.3177015637403452,0.0,3.9998507157936665,WATCH,MONITOR,-10.0,ROBUST,False
84143,0.48259924991083947,0.0,12.355833647661628,WATCH,MONITOR,-10.0,ROBUST,False
84144,0.8268930290940882,9.741088955455766,8.55560588590265,HIGH_RISK,SUPPLIER_ESCALATION,200.01711121177163,ROBUST,True
84145,0.1677866835553758,0.0,11.471280215001514,LOW_RISK,NO_ACTION,0.0,ROBUST,False
84146,0.289286011967242,0.0,12.299084231044143,LOW_RISK,NO_ACTION,0.0,ROBUST,False
84147,0.4885184909714182,0.0,7.228910811491457,WATCH,MONITOR,-10.0,ROBUST,False
84148,0.24894651929144107,0.0,11.822988309034445,LOW_RISK,NO_ACTION,0.0,ROBUST,False
84149,0.24862924340648004,0.0,10.521418069648151,LOW_RISK,NO_ACTION,0.0,ROBUST,False
84150,0.17801209271566176,0.0,13.45292496622582,LOW_RISK,NO_ACTION,0.0,ROBUST,False
84151,0.1457292456476501,0.0,6.248042874508429,LOW_RISK,NO_ACTION,0.0,ROBUST,False
84152,0.3961219163023927,0.0,6.1463292576688975,WATCH,MONITOR,-10.0,ROBUST,False
84153,0.7399123783513646,18.77494010866504,11.97340576593422,HIGH_RISK,TRANSPORT_MODE_REVIEW,350.03592021729764,ROBUST,True
84154,0.7084998249585128,8.665508824447624,8.41604600941128,HIGH_RISK,HUMAN_REVIEW,-50.0,ROBUST,True
84155,0.4093672843621452,0.0,10.71582788518191,WATCH,MONITOR,-10.0,ROBUST,False
84156,0.19734099761343948,0.0,13.642942480966422,LOW_RISK,NO_ACTION,0.0,ROBUST,False
84157,0.11604663131540618,0.0,11.003365373413772,LOW_RISK,NO_ACTION,0.0,ROBUST,False
84158,0.6504354292793175,17.048228046498394,9.956720215132854,HIGH_RISK,TRANSPORT_MODE_REVIEW,350.02987016064526,ROBUST,True
84159,0.2361802782174423,0.0,9.831642402882784,LOW_RISK,NO_ACTION,0.0,ROBUST,False
84160,0.7462124423763734,18.09457252464639,11.754419609497031,HIGH_RISK,SUPPLIER_ESCALATION,200.02350883921872,ROBUST,True
84161,0.462382083899753,0.0,9.057249796706142,WATCH,MONITOR,-10.0,ROBUST,False
84162,0.33403995941799447,0.0,11.690259605253136,WATCH,MONITOR,-10.0,ROBUST,False
84163,0.18594846953965383,0.0,10.766370123689661,LOW_RISK,NO_ACTION,0.0,ROBUST,False
84164,0.45563849708649584,0.0,10.86426682891335,WATCH,MONITOR,-10.0,ROBUST,False
84165,0.49734434202189737,0.0,10.283509032779202,WATCH,MONITOR,-10.0,ROBUST,False
84166,0.1346714244603323,0.0,9.874018576260111,LOW_RISK,NO_ACTION,0.0,ROBUST,False
84167,0.4449006513209949,0.0,9.65252306301951,WATCH,MONITOR,-10.0,ROBUST,False
84168,0.2562062790737576,0.0,11.689007261554464,LOW_RISK,NO_ACTION,0.0,ROBUST,False
84169,0.3096289786026818,0.0,10.166816735934962,WATCH,MONITOR,-10.0,ROBUST,False
84170,0.46592639030599237,0.0,10.40273955963315,WATCH,MONITOR,-10.0,ROBUST,False
84173,0.4893516783100469,0.0,11.754446471642623,WATCH,MONITOR,-10.0,ROBUST,False
84174,0.20486556416351975,0.0,12.404927602627597,LOW_RISK,NO_ACTION,0.0,ROBUST,False
84175,0.18514030838396553,0.0,12.034401847499803,LOW_RISK,NO_ACTION,0.0,ROBUST,False
84176,0.13220662343660475,0.0,6.089044875446846,LOW_RISK,NO_ACTION,0.0,ROBUST,False
84177,0.3247191410648552,0.0,11.695255355062795,WATCH,MONITOR,-10.0,ROBUST,False
84178,0.10544175818026731,0.0,9.010500664481206,LOW_RISK,NO_ACTION,0.0,ROBUST,False
84179,0.26475931904397465,0.0,11.433236594688857,LOW_RISK,NO_ACTION,0.0,ROBUST,False
84180,0.12935360666080342,0.0,12.02617139742473,LOW_RISK,NO_ACTION,0.0,ROBUST,False
84181,0.2620903131717336,0.0,12.94448119996769,LOW_RISK,NO_ACTION,0.0,ROBUST,False
84182,0.1159728757062437,0.0,14.916786296498621,LOW_RISK,NO_ACTION,0.0,ROBUST,False
84183,0.4340869042435076,0.0,12.45895346859619,WATCH,MONITOR,-10.0,ROBUST,False
84184,0.18389559757542637,0.0,9.48276539531978,LOW_RISK,NO_ACTION,0.0,ROBUST,False
84185,0.6158477681725807,6.454542736431867,13.290113653516133,HIGH_RISK,SUPPLIER_ESCALATION,200.02658022730702,ROBUST,True
84186,0.4480191986425568,0.0,11.79753010698674,WATCH,MONITOR,-10.0,ROBUST,False
84187,0.3985064245328821,0.0,12.173126068755257,WATCH,MONITOR,-10.0,ROBUST,False
84188,0.850931921212837,6.923283867545986,10.709405226928913,CRITICAL,EXPEDITE,250.05354702613454,SENSITIVE,True
84189,0.7535815892045783,6.702492044801586,11.907673348237187,HIGH_RISK,HUMAN_REVIEW,-50.0,ROBUST,True
84190,0.3862695107421358,0.0,10.312906168555998,WATCH,MONITOR,-10.0,ROBUST,False
84191,0.25628102027524374,0.0,9.702198443673598,LOW_RISK,NO_ACTION,0.0,ROBUST,False
84192,0.4064319996472885,0.0,6.457491529965986,WATCH,MONITOR,-10.0,ROBUST,False
84193,0.27811790895008415,0.0,10.295579639062193,LOW_RISK,NO_ACTION,0.0,ROBUST,False
84194,0.23840096518891057,0.0,12.101911299469887,LOW_RISK,NO_ACTION,0.0,ROBUST,False
84195,0.2804821632849586,0.0,10.969003137964934,LOW_RISK,NO_ACTION,0.0,ROBUST,False
84196,0.3994235942682707,0.0,10.340967990076303,WATCH,MONITOR,-10.0,ROBUST,False
84197,0.46088811461614965,0.0,9.259225769705994,WATCH,MONITOR,-10.0,ROBUST,False
84198,0.11990687863543022,0.0,9.139536933830762,LOW_RISK,NO_ACTION,0.0,ROBUST,False
84199,0.30964461649078207,0.0,13.433477014000477,WATCH,MONITOR,-10.0,ROBUST,False
84200,0.11313417163355105,0.0,8.934764720186111,LOW_RISK,NO_ACTION,0.0,ROBUST,False
84201,0.28736381800974353,0.0,11.56833103236093,LOW_RISK,NO_ACTION,0.0,ROBUST,False
84202,0.4541131316387602,0.0,10.516197155805123,WATCH,MONITOR,-10.0,ROBUST,False
84203,0.24463610656812387,0.0,9.020718633579351,LOW_RISK,NO_ACTION,0.0,ROBUST,False
84204,0.4729801684322573,0.0,12.727363437894663,WATCH,MONITOR,-10.0,ROBUST,False
84205,0.35224338866024374,0.0,10.081511554723322,WATCH,MONITOR,-10.0,ROBUST,False
84206,0.47366213751720254,0.0,12.750762740284365,WATCH,MONITOR,-10.0,ROBUST,False
84207,0.4028666501650079,0.0,11.266390454198648,WATCH,MONITOR,-10.0,ROBUST,False
84208,0.14137406665950492,0.0,12.504672254208495,LOW_RISK,NO_ACTION,0.0,ROBUST,False
84209,0.19246054702507084,0.0,13.198121843885476,LOW_RISK,NO_ACTION,0.0,ROBUST,False
84210,0.25766818183340245,0.0,12.830793115732277,LOW_RISK,NO_ACTION,0.0,ROBUST,False
84211,0.16804275280483041,0.0,12.495007682693725,LOW_RISK,NO_ACTION,0.0,ROBUST,False
84212,0.8526581192619344,1.0942496600870035,9.303439017230614,CRITICAL,SUPPLIER_ESCALATION,64.14762929803277,SENSITIVE,True
84213,0.28854726228059624,0.0,14.120348943131974,LOW_RISK,NO_ACTION,0.0,ROBUST,False
84214,0.4825036792109525,0.0,14.128050860998327,WATCH,MONITOR,-10.0,ROBUST,False
84215,0.2734911531583911,0.0,5.504396139235654,LOW_RISK,NO_ACTION,0.0,ROBUST,False
84216,0.41425072171519917,0.0,13.880224866775286,WATCH,MONITOR,-10.0,ROBUST,False
84217,0.476764217940592,0.0,12.847508628603757,WATCH,MONITOR,-10.0,ROBUST,False
84218,0.45079553238959424,0.0,12.929413523830235,WATCH,MONITOR,-10.0,ROBUST,False
84223,0.6271256933374982,150.22449341366533,7.982744050040792,HIGH_RISK,HUMAN_REVIEW,-50.0,ROBUST,True
84224,0.8843569701760983,161.25008646428682,9.047256577089636,CRITICAL,HUMAN_REVIEW,-50.0,ROBUST,True
84225,0.6775671790920738,165.16957877932327,5.519058033245936,HIGH_RISK,EXPEDITE,250.02759529016475,SENSITIVE,True
84226,0.7011637471218857,129.24200715550802,7.417820613801719,HIGH_RISK,HUMAN_REVIEW,-50.0,ROBUST,True
84227,0.2443227304983005,0.0,12.647355889714433,LOW_RISK,NO_ACTION,0.0,ROBUST,False
84228,0.43054368407000165,0.0,11.038620437962983,WATCH,MONITOR,-10.0,ROBUST,False
84229,0.28085562204897896,0.0,11.930329684072573,LOW_RISK,NO_ACTION,0.0,ROBUST,False
84230,0.3094777328978753,0.0,12.40549137579267,WATCH,MONITOR,-10.0,ROBUST,False
84231,0.4929789428188299,0.0,10.46015614461037,WATCH,MONITOR,-10.0,ROBUST,False
84232,0.12399170887660659,0.0,12.811788888369922,LOW_RISK,NO_ACTION,0.0,ROBUST,False
84233,0.29518305591629956,0.0,5.6564113032401835,LOW_RISK,NO_ACTION,0.0,ROBUST,False
84234,0.40962468277844644,0.0,12.254228132143933,WATCH,MONITOR,-10.0,ROBUST,False
84235,0.16046478327529062,0.0,12.356627869445457,LOW_RISK,NO_ACTION,0.0,ROBUST,False
84236,0.34461263784590956,0.0,10.980887440644544,WATCH,MONITOR,-10.0,ROBUST,False
84237,0.1957859118137867,0.0,6.033685562541945,LOW_RISK,NO_ACTION,0.0,ROBUST,False
84238,0.44696164528982707,0.0,10.946648792515944,WATCH,MONITOR,-10.0,ROBUST,False
84241,0.23083986616003171,0.0,11.49713098630358,LOW_RISK,NO_ACTION,0.0,ROBUST,False
84242,0.23162512676036384,0.0,14.940677188543386,LOW_RISK,NO_ACTION,0.0,ROBUST,False
84243,0.6571145358891104,1.9603738621638063,12.713600116364304,HIGH_RISK,TRANSPORT_MODE_REVIEW,194.08100273393308,SENSITIVE,True
84244,0.17342516324796348,0.0,10.192224068866514,LOW_RISK,NO_ACTION,0.0,ROBUST,False
84245,0.21395545556122442,0.0,8.89192414015454,LOW_RISK,NO_ACTION,0.0,ROBUST,False
84247,0.2666527400477646,0.0,8.690036639176082,LOW_RISK,NO_ACTION,0.0,ROBUST,False
84248,0.24145514525604417,0.0,12.956907834392384,LOW_RISK,NO_ACTION,0.0,ROBUST,False
84249,0.30995088720223296,0.0,9.20141667395514,WATCH,MONITOR,-10.0,ROBUST,False
84250,0.3398560576275865,0.0,11.733350043225057,WATCH,MONITOR,-10.0,ROBUST,False
84251,0.32666698150006585,0.0,8.788227454895129,WATCH,MONITOR,-10.0,ROBUST,False
84252,0.3616673247967729,0.0,12.026982222995079,WATCH,MONITOR,-10.0,ROBUST,False
84253,0.22309980664312812,0.0,9.155546219889045,LOW_RISK,NO_ACTION,0.0,ROBUST,False
84254,0.7662297841187479,4.871223715644447,11.642962007715035,HIGH_RISK,SUPPLIER_ESCALATION,200.02328592401545,ROBUST,True
84255,0.40432301657243086,0.0,8.55159461813357,WATCH,MONITOR,-10.0,ROBUST,False
84256,0.4403121530522728,0.0,10.260017986033729,WATCH,MONITOR,-10.0,ROBUST,False
84257,0.2028024928889729,0.0,12.291942955083236,LOW_RISK,NO_ACTION,0.0,ROBUST,False
84258,0.2628367824632079,0.0,12.157464164855297,LOW_RISK,NO_ACTION,0.0,ROBUST,False
84259,0.2994276867854221,0.0,10.386482675686533,LOW_RISK,NO_ACTION,0.0,ROBUST,False
84260,0.31333073710117454,0.0,10.299242334321066,WATCH,MONITOR,-10.0,ROBUST,False
84262,0.36379606843506074,0.0,12.572640988008391,WATCH,MONITOR,-10.0,ROBUST,False
84263,0.11664129334212854,0.0,8.163599210717962,LOW_RISK,NO_ACTION,0.0,ROBUST,False
84264,0.6284547579759469,14.36870368480141,13.465070593225107,HIGH_RISK,SUPPLIER_ESCALATION,200.0269301411863,ROBUST,True
84265,0.12478840279176412,0.0,10.599049315643963,LOW_RISK,NO_ACTION,0.0,ROBUST,False
84267,0.8221528563654956,8.597857266404956,12.416653130969717,HIGH_RISK,HUMAN_REVIEW,-50.0,ROBUST,True
84270,0.4310684542276777,0.0,11.917396746062549,WATCH,MONITOR,-10.0,ROBUST,False
84271,0.2804861253113585,0.0,11.93666209418897,LOW_RISK,NO_ACTION,0.0,ROBUST,False
84272,0.6500362005551023,5.993669523922316,14.6413168983643,HIGH_RISK,HUMAN_REVIEW,-50.0,ROBUST,True
84273,0.8392261661824993,6.669707688473837,9.679406061493943,HIGH_RISK,TRANSPORT_MODE_REVIEW,350.0290382181844,ROBUST,True
84274,0.4557141848297054,0.0,12.842608733031057,WATCH,MONITOR,-10.0,ROBUST,False
84275,0.6258407314647109,21.62113020008831,12.803758539869795,HIGH_RISK,TRANSPORT_MODE_REVIEW,350.03841127561964,ROBUST,True
84276,0.7391429474023129,1.090695652691851,8.767095512031139,HIGH_RISK,TRANSPORT_MODE_REVIEW,63.61391013673938,SENSITIVE,True
84277,0.17353829075571914,0.0,9.28091439278746,LOW_RISK,NO_ACTION,0.0,ROBUST,False
84279,0.7012431137138916,182.07727049629872,8.796187635470453,HIGH_RISK,TRANSPORT_MODE_REVIEW,350.0263885629065,ROBUST,True
84280,0.6054243276617056,13.597154485756732,12.665495495231722,HIGH_RISK,TRANSPORT_MODE_REVIEW,350.0379964864858,ROBUST,True
84281,0.4409421841549941,0.0,13.350032034964661,WATCH,MONITOR,-10.0,ROBUST,False
84282,0.2368380023037703,0.0,10.29434650825493,LOW_RISK,NO_ACTION,0.0,ROBUST,False
84283,0.23411532683178826,0.0,8.82087950996874,LOW_RISK,NO_ACTION,0.0,ROBUST,False
84284,0.49421619226961566,0.0,12.19611674966152,WATCH,MONITOR,-10.0,ROBUST,False
84285,0.850887393930738,7.515140295097149,11.19822841866684,CRITICAL,SUPPLIER_ESCALATION,200.02239645683733,ROBUST,True
84286,0.15627816954429852,0.0,9.422386574864008,LOW_RISK,NO_ACTION,0.0,ROBUST,False
84287,0.18786987119788298,0.0,12.368370858171776,LOW_RISK,NO_ACTION,0.0,ROBUST,False
84288,0.29277771175708833,0.0,11.939637907915877,LOW_RISK,NO_ACTION,0.0,ROBUST,False
84289,0.646983844467795,24.5139213646435,12.482452841702601,HIGH_RISK,SUPPLIER_ESCALATION,200.02496490568365,ROBUST,True
84290,0.8924280244008587,9.57344930203757,13.357612875156184,CRITICAL,EXPEDITE,250.06678806437571,SENSITIVE,True
84291,0.26757633683205106,0.0,8.983282921340837,LOW_RISK,NO_ACTION,0.0,ROBUST,False
84292,0.7502629817668798,28.504760968426464,12.49191708056009,HIGH_RISK,HUMAN_REVIEW,-50.0,ROBUST,True
84293,0.2419767857956967,0.0,6.479860495907788,LOW_RISK,NO_ACTION,0.0,ROBUST,False
84294,0.49301950461583977,0.0,11.804202318447505,WATCH,MONITOR,-10.0,ROBUST,False
84295,0.17230796772036128,0.0,11.567044263857724,LOW_RISK,NO_ACTION,0.0,ROBUST,False
84296,0.7914673245121835,4.640731316396772,11.205081500694495,HIGH_RISK,TRANSPORT_MODE_REVIEW,350.033615244502,ROBUST,True
84297,0.13587971880330185,0.0,10.024148221608886,LOW_RISK,NO_ACTION,0.0,ROBUST,False
84298,0.3935455935975928,0.0,11.787902164924455,WATCH,MONITOR,-10.0,ROBUST,False
84299,0.49790147522478867,0.0,11.67944786985521,WATCH,MONITOR,-10.0,ROBUST,False
84302,0.42765545510065295,0.0,13.756042169951836,WATCH,MONITOR,-10.0,ROBUST,False
84303,0.3222814162881205,0.0,13.551652558429831,WATCH,MONITOR,-10.0,ROBUST,False
84304,0.2938965429598768,0.0,11.809070227632878,LOW_RISK,NO_ACTION,0.0,ROBUST,False
84305,0.43401198450673883,0.0,11.576641773183376,WATCH,MONITOR,-10.0,ROBUST,False
84306,0.4743896338842898,0.0,9.902023481306696,WATCH,MONITOR,-10.0,ROBUST,False
84307,0.8531041588994933,80.93737315945563,8.93443534375858,CRITICAL,SUPPLIER_ESCALATION,200.01786887068738,ROBUST,True
84308,0.2586156910257936,0.0,6.795482036499351,LOW_RISK,NO_ACTION,0.0,ROBUST,False
84309,0.4963669899178049,0.0,13.266856233079876,WATCH,MONITOR,-10.0,ROBUST,False
84311,0.7687966268708227,14.162606700533978,12.151207717287386,HIGH_RISK,EXPEDITE,250.06075603858676,SENSITIVE,True
84312,0.2014199103727637,0.0,10.024066675494513,LOW_RISK,NO_ACTION,0.0,ROBUST,False
84313,0.8140822098790415,3.478662904634574,10.550491313206766,HIGH_RISK,TRANSPORT_MODE_REVIEW,350.0316514739396,ROBUST,True
84314,0.20869540659379268,0.0,10.419658862626871,LOW_RISK,NO_ACTION,0.0,ROBUST,False
84319,0.7706438209301618,6.445820637965791,7.522400231387125,HIGH_RISK,TRANSPORT_MODE_REVIEW,350.0225672006941,ROBUST,True
84320,0.4411697432713799,0.0,10.124699239000511,WATCH,MONITOR,-10.0,ROBUST,False
84321,0.4115570580410287,0.0,10.087923539013936,WATCH,MONITOR,-10.0,ROBUST,False
84322,0.8899772310669951,17.354118005723354,6.751428900705244,CRITICAL,HUMAN_REVIEW,-50.0,ROBUST,True
84323,0.7356645300305154,2.9954470559400095,8.720150361810264,HIGH_RISK,HUMAN_REVIEW,-50.0,SENSITIVE,True
84328,0.6428356910003654,19.175143156548884,10.545367754151743,HIGH_RISK,EXPEDITE,250.05272683877092,SENSITIVE,True
84329,0.716830404023302,16.98207465747368,8.916908467543795,HIGH_RISK,EXPEDITE,250.04458454233736,SENSITIVE,True
84332,0.8855107219171612,20.26002752350188,11.737754954291937,CRITICAL,TRANSPORT_MODE_REVIEW,350.0352132648627,ROBUST,True
84333,0.3708760375907142,0.0,14.158579559436227,WATCH,MONITOR,-10.0,ROBUST,False
84334,0.37912187939776343,0.0,9.028938392241612,WATCH,MONITOR,-10.0,ROBUST,False
84335,0.3143743972516285,0.0,13.7878898953162,WATCH,MONITOR,-10.0,ROBUST,False
84336,0.45409159368446905,0.0,8.008631669303314,WATCH,MONITOR,-10.0,ROBUST,False
84337,0.200805893471621,0.0,6.70857236511277,LOW_RISK,NO_ACTION,0.0,ROBUST,False
84339,0.2524590613444203,0.0,14.487796538938042,LOW_RISK,NO_ACTION,0.0,ROBUST,False
84341,0.4110570278710757,0.0,13.067104335086304,WATCH,MONITOR,-10.0,ROBUST,False
84342,0.2970995584517351,0.0,8.703124890464322,LOW_RISK,NO_ACTION,0.0,ROBUST,False
84343,0.4556856053696764,0.0,8.53000082243521,WATCH,MONITOR,-10.0,ROBUST,False
84344,0.7455800227027864,4.64763706911655,12.931165292544579,HIGH_RISK,TRANSPORT_MODE_REVIEW,350.0387934958776,ROBUST,True
84345,0.24773206752785792,0.0,13.026460706111582,LOW_RISK,NO_ACTION,0.0,ROBUST,False
84346,0.45549431575465016,0.0,10.851555013581995,WATCH,MONITOR,-10.0,ROBUST,False
84347,0.28574812807281647,0.0,9.227835436936331,LOW_RISK,NO_ACTION,0.0,ROBUST,False
84348,0.7128571406308867,2.8408647469823496,7.605890001053122,HIGH_RISK,SUPPLIER_ESCALATION,200.01521178000212,ROBUST,True
84349,0.710202154583184,3.4329484572365576,5.991464547107982,HIGH_RISK,SUPPLIER_ESCALATION,200.0119829290942,ROBUST,True
84350,0.21066797687163277,0.0,12.117168095801205,LOW_RISK,NO_ACTION,0.0,ROBUST,False
84351,0.3623794843353568,0.0,9.785660765922685,WATCH,MONITOR,-10.0,ROBUST,False
84353,0.14793626461648157,0.0,10.054569958593438,LOW_RISK,NO_ACTION,0.0,ROBUST,False
84354,0.45170905647316373,0.0,5.915123313851259,WATCH,MONITOR,-10.0,ROBUST,False
84355,0.4116812547060432,0.0,13.606024566142413,WATCH,MONITOR,-10.0,ROBUST,False
84356,0.6808318338910965,10.143196262262581,14.1686521218615,HIGH_RISK,TRANSPORT_MODE_REVIEW,350.04250595636563,ROBUST,True
84357,0.3776079783298262,0.0,5.7126761418263206,WATCH,MONITOR,-10.0,ROBUST,False
84358,0.8800239381070365,0.9391238598343667,11.76478723232266,CRITICAL,HUMAN_REVIEW,-50.0,SENSITIVE,True
84359,0.8170603719993266,29.362926473703276,12.693458389208669,HIGH_RISK,TRANSPORT_MODE_REVIEW,350.0380803751673,ROBUST,True
84360,0.7731560028669927,12.871325493561748,11.771104058650094,HIGH_RISK,HUMAN_REVIEW,-50.0,ROBUST,True
84361,0.26359460149353375,0.0,8.612685172875459,LOW_RISK,NO_ACTION,0.0,ROBUST,False
84362,0.6087898329310255,9.136842347676254,8.796683805291725,HIGH_RISK,EXPEDITE,250.0439834190263,SENSITIVE,True
84366,0.3554893635268024,0.0,13.313303570158425,WATCH,MONITOR,-10.0,ROBUST,False
84367,0.7528526619672606,8.294292993495619,12.425979765245062,HIGH_RISK,HUMAN_REVIEW,-50.0,ROBUST,True
84368,0.40736421724561367,0.0,9.557526438575696,WATCH,MONITOR,-10.0,ROBUST,False
84369,0.40317509584246636,0.0,12.202909748841835,WATCH,MONITOR,-10.0,ROBUST,False
84370,0.3471436616249024,0.0,13.155732986957215,WATCH,MONITOR,-10.0,ROBUST,False
84371,0.6580017700836156,28.988777224324373,8.296297112642508,HIGH_RISK,TRANSPORT_MODE_REVIEW,350.0248888913379,ROBUST,True
84372,0.23370534991168368,0.0,7.700077886915884,LOW_RISK,NO_ACTION,0.0,ROBUST,False
84373,0.45249981132904227,0.0,11.029606701464333,WATCH,MONITOR,-10.0,ROBUST,False
84374,0.7400049467492593,63.04562792332207,10.938128270431044,HIGH_RISK,HUMAN_REVIEW,-50.0,ROBUST,True
84376,0.6158129369560317,26.23549549417636,11.319578915681081,HIGH_RISK,EXPEDITE,250.05659789457832,SENSITIVE,True
84380,0.3185116419161136,0.0,7.2356407546660275,WATCH,MONITOR,-10.0,ROBUST,False
84381,0.8151544341140273,18.27644508454921,12.337982098521458,HIGH_RISK,SUPPLIER_ESCALATION,200.0246759641973,ROBUST,True
84382,0.31696405147132345,0.0,11.617207369135766,WATCH,MONITOR,-10.0,ROBUST,False
84384,0.24844466551063527,0.0,6.867891158886994,LOW_RISK,NO_ACTION,0.0,ROBUST,False
84385,0.37899961441483787,0.0,9.584243947048952,WATCH,MONITOR,-10.0,ROBUST,False
84386,0.29031751669389433,0.0,9.055458091260913,LOW_RISK,NO_ACTION,0.0,ROBUST,False
84388,0.4344451219710751,0.0,8.824824939175638,WATCH,MONITOR,-10.0,ROBUST,False
84389,0.37122900492876665,0.0,9.460874940690095,WATCH,MONITOR,-10.0,ROBUST,False
84390,0.7382136514044826,57.26606559716057,11.208184445885808,HIGH_RISK,TRANSPORT_MODE_REVIEW,350.0336245533381,ROBUST,True
84391,0.186862133396426,0.0,10.773923019208427,LOW_RISK,NO_ACTION,0.0,ROBUST,False
84392,0.4936999065965162,0.0,13.381956112422118,WATCH,MONITOR,-10.0,ROBUST,False
84394,0.7935712933659995,37.58057923500689,8.689716905730082,HIGH_RISK,SUPPLIER_ESCALATION,200.01737943381158,ROBUST,True
84395,0.4156019538242779,0.0,11.145835327860867,WATCH,MONITOR,-10.0,ROBUST,False
84396,0.23208609006401099,0.0,10.360789923720711,LOW_RISK,NO_ACTION,0.0,ROBUST,False
84398,0.7253125700918928,78.98145535301094,9.47490836030572,HIGH_RISK,HUMAN_REVIEW,-50.0,ROBUST,True
84407,0.621925527307845,45.326085170169755,11.018667830931657,HIGH_RISK,HUMAN_REVIEW,-50.0,ROBUST,True
84408,0.6820999154764373,21.047638576811188,11.083305718287718,HIGH_RISK,HUMAN_REVIEW,-50.0,ROBUST,True
84409,0.15835569859331491,0.0,3.9051997800800207,LOW_RISK,NO_ACTION,0.0,ROBUST,False
84410,0.3212151375958405,0.0,13.471563018758955,WATCH,MONITOR,-10.0,ROBUST,False
84412,0.3594887520619623,0.0,8.842199949928172,WATCH,MONITOR,-10.0,ROBUST,False
84413,0.256078386899961,0.0,5.715052066914432,LOW_RISK,NO_ACTION,0.0,ROBUST,False
84415,0.2994179513325173,0.0,10.727043724846611,LOW_RISK,NO_ACTION,0.0,ROBUST,False
84416,0.45026135506983433,0.0,13.175777880437238,WATCH,MONITOR,-10.0,ROBUST,False
84417,0.14342525788112376,0.0,11.51293546492023,LOW_RISK,NO_ACTION,0.0,ROBUST,False
84418,0.4166931571998612,0.0,11.47130857126798,WATCH,MONITOR,-10.0,ROBUST,False
84420,0.8905257391501225,35.44358911316916,12.906354513568878,CRITICAL,TRANSPORT_MODE_REVIEW,350.03871906354016,ROBUST,True
84422,0.7621658026166772,17.866462627840498,7.373374309910049,HIGH_RISK,SUPPLIER_ESCALATION,200.01474674861947,ROBUST,True
84423,0.17422984109801912,0.0,13.124252871186114,LOW_RISK,NO_ACTION,0.0,ROBUST,False
84424,0.4060172759881959,0.0,10.630891221774164,WATCH,MONITOR,-10.0,ROBUST,False
84425,0.262050429334744,0.0,10.410636425329677,LOW_RISK,NO_ACTION,0.0,ROBUST,False
84426,0.44900820673847275,0.0,8.164891527874138,WATCH,MONITOR,-10.0,ROBUST,False
84427,0.30988301647290634,0.0,10.779876491374745,WATCH,MONITOR,-10.0,ROBUST,False
84429,0.1089001407705324,0.0,12.034845319541745,LOW_RISK,NO_ACTION,0.0,ROBUST,False
84430,0.7409412964346045,10.484104922512183,12.272426705080038,HIGH_RISK,EXPEDITE,250.06136213352534,SENSITIVE,True
84432,0.1440931634884931,0.0,9.710049637343035,LOW_RISK,NO_ACTION,0.0,ROBUST,False
84433,0.41575185338476983,0.0,9.178449211901505,WATCH,MONITOR,-10.0,ROBUST,False
84434,0.16724101992207202,0.0,9.661830555074506,LOW_RISK,NO_ACTION,0.0,ROBUST,False
84435,0.2381785543222054,0.0,8.975453132704802,LOW_RISK,NO_ACTION,0.0,ROBUST,False
84437,0.4045085718501441,0.0,12.679037012463258,WATCH,MONITOR,-10.0,ROBUST,False
84441,0.8490608653037286,16.389079552002766,10.540090836284206,HIGH_RISK,TRANSPORT_MODE_REVIEW,350.0316202725089,ROBUST,True
84442,0.7992036684202807,12.63144125246582,15.269200177733738,HIGH_RISK,EXPEDITE,250.07634600088863,SENSITIVE,True
84443,0.43176008807957433,0.0,14.768678212305096,WATCH,MONITOR,-10.0,ROBUST,False
84444,0.1763169061903355,0.0,2.1656192379208883,LOW_RISK,NO_ACTION,0.0,ROBUST,False
84445,0.4228719080809965,0.0,12.003186765022964,WATCH,MONITOR,-10.0,ROBUST,False
84446,0.36299762370250044,0.0,8.982309899088579,WATCH,MONITOR,-10.0,ROBUST,False
84447,0.17709740288494738,0.0,12.248418278723287,LOW_RISK,NO_ACTION,0.0,ROBUST,False
84448,0.22100158414056464,0.0,15.177512482662628,LOW_RISK,NO_ACTION,0.0,ROBUST,False
84449,0.15270835543881442,0.0,13.050607492308435,LOW_RISK,NO_ACTION,0.0,ROBUST,False
84450,0.8903593697854066,13.367423565596553,3.5145260669691587,CRITICAL,TRANSPORT_MODE_REVIEW,350.0105435782009,ROBUST,True
84451,0.8669509182264932,16.548792288177804,10.491301994830229,CRITICAL,EXPEDITE,250.05245650997404,SENSITIVE,True
84454,0.7801604304619245,22.895994544671737,12.771616541744516,HIGH_RISK,TRANSPORT_MODE_REVIEW,350.0383148496253,ROBUST,True
84455,0.4978020416882235,0.0,13.71982156641984,WATCH,MONITOR,-10.0,ROBUST,False
84456,0.10480366523370566,0.0,10.102830093664386,LOW_RISK,NO_ACTION,0.0,ROBUST,False
84460,0.3163679253149195,0.0,11.208127073862194,WATCH,MONITOR,-10.0,ROBUST,False
84461,0.32946663901960394,0.0,13.612064971606587,WATCH,MONITOR,-10.0,ROBUST,False
84465,0.4656835158723248,0.0,9.66342416468867,WATCH,MONITOR,-10.0,ROBUST,False
84466,0.30240213390677506,0.0,11.119156687322887,WATCH,MONITOR,-10.0,ROBUST,False
84467,0.31748056785796697,0.0,9.626109543746226,WATCH,MONITOR,-10.0,ROBUST,False
84468,0.28866112053135545,0.0,12.930720915627177,LOW_RISK,NO_ACTION,0.0,ROBUST,False
84469,0.20756172182459257,0.0,14.839399659631786,LOW_RISK,NO_ACTION,0.0,ROBUST,False
84470,0.12241165329956548,0.0,10.189645714425815,LOW_RISK,NO_ACTION,0.0,ROBUST,False
84471,0.26346307288393445,0.0,12.796608306256319,LOW_RISK,NO_ACTION,0.0,ROBUST,False
84472,0.12103658849627141,0.0,12.90719047589495,LOW_RISK,NO_ACTION,0.0,ROBUST,False
84473,0.3201969877863671,0.0,8.7801111487214,WATCH,MONITOR,-10.0,ROBUST,False
84474,0.22291745729691725,0.0,11.590636224996903,LOW_RISK,NO_ACTION,0.0,ROBUST,False
84475,0.6833673377963267,28.923786617686677,11.613864138678842,HIGH_RISK,HUMAN_REVIEW,-50.0,ROBUST,True
84476,0.15371878575807468,0.0,12.795209509614105,LOW_RISK,NO_ACTION,0.0,ROBUST,False
84477,0.47305198629574385,0.0,12.33391672098277,WATCH,MONITOR,-10.0,ROBUST,False
84479,0.7321809342177524,6.690529889510652,11.723280065158194,HIGH_RISK,HUMAN_REVIEW,-50.0,ROBUST,True
84480,0.1759986036809138,0.0,13.147714602330266,LOW_RISK,NO_ACTION,0.0,ROBUST,False
84481,0.805262722556546,6.687055606534297,13.707026379859789,HIGH_RISK,SUPPLIER_ESCALATION,200.0274140527597,ROBUST,True
84497,0.8647323574042745,5.780166339093515,6.605216726853675,CRITICAL,SUPPLIER_ESCALATION,200.01321043345376,ROBUST,True
84498,0.13827448292236252,0.0,7.926299304094606,LOW_RISK,NO_ACTION,0.0,ROBUST,False
84499,0.24182712844646034,0.0,5.755742213586912,LOW_RISK,NO_ACTION,0.0,ROBUST,False
84500,0.20044491472760245,0.0,5.257234921446806,LOW_RISK,NO_ACTION,0.0,ROBUST,False
84501,0.8665797841311458,5.683877261284971,7.793586803371584,CRITICAL,TRANSPORT_MODE_REVIEW,350.0233807604101,ROBUST,True
84502,0.44100425451568215,0.0,9.973992613421482,WATCH,MONITOR,-10.0,ROBUST,False
84503,0.3319330965067455,0.0,7.874358824729881,WATCH,MONITOR,-10.0,ROBUST,False
84504,0.3081385347486297,0.0,10.21759950813733,WATCH,MONITOR,-10.0,ROBUST,False
84505,0.4722903178181589,0.0,7.013195791440134,WATCH,MONITOR,-10.0,ROBUST,False
84506,0.4729711131915262,0.0,11.84624989530071,WATCH,MONITOR,-10.0,ROBUST,False
84507,0.48773205014066423,0.0,13.010967083026758,WATCH,MONITOR,-10.0,ROBUST,False
84508,0.8569715966050007,5.487766221885004,10.319388022365821,CRITICAL,TRANSPORT_MODE_REVIEW,350.03095816406716,ROBUST,True
84509,0.1642231243052681,0.0,5.093750200806762,LOW_RISK,NO_ACTION,0.0,ROBUST,False
84510,0.37069467947195467,0.0,8.405930849749982,WATCH,MONITOR,-10.0,ROBUST,False
84511,0.316573790643938,0.0,7.259116128097101,WATCH,MONITOR,-10.0,ROBUST,False
84512,0.1073863619572944,0.0,8.235095497258357,LOW_RISK,NO_ACTION,0.0,ROBUST,False
84513,0.12479001439580775,0.0,10.820893662145206,LOW_RISK,NO_ACTION,0.0,ROBUST,False
84514,0.45523215290352204,0.0,13.134610079478685,WATCH,MONITOR,-10.0,ROBUST,False
84515,0.4475483182157546,0.0,11.756637624652003,WATCH,MONITOR,-10.0,ROBUST,False
84516,0.24290836879841807,0.0,6.044626095222214,LOW_RISK,NO_ACTION,0.0,ROBUST,False
84517,0.45642024677221393,0.0,5.953503040820864,WATCH,MONITOR,-10.0,ROBUST,False
84518,0.33747002975916074,0.0,13.52629664617881,WATCH,MONITOR,-10.0,ROBUST,False
84519,0.42236225880756073,0.0,13.123165055974175,WATCH,MONITOR,-10.0,ROBUST,False
84520,0.27097242846408576,0.0,8.81704590029472,LOW_RISK,NO_ACTION,0.0,ROBUST,False
84521,0.1453593309379635,0.0,12.682364586833426,LOW_RISK,NO_ACTION,0.0,ROBUST,False
84522,0.2734908250584065,0.0,12.354496960983985,LOW_RISK,NO_ACTION,0.0,ROBUST,False
84523,0.8300546693453319,7.722502895758106,6.8074928570437425,HIGH_RISK,EXPEDITE,250.03403746428512,SENSITIVE,True
84524,0.32037767753624125,0.0,8.818445273396717,WATCH,MONITOR,-10.0,ROBUST,False
84525,0.14223308516177122,0.0,8.987870343794338,LOW_RISK,NO_ACTION,0.0,ROBUST,False
84526,0.4965607452198446,0.0,5.788062346702788,WATCH,MONITOR,-10.0,ROBUST,False
84527,0.19765472832276254,0.0,11.313266479778829,LOW_RISK,NO_ACTION,0.0,ROBUST,False
84528,0.17942096141483718,0.0,9.283683766200392,LOW_RISK,NO_ACTION,0.0,ROBUST,False
84529,0.31072116754237467,0.0,7.627291193879985,WATCH,MONITOR,-10.0,ROBUST,False
84530,0.3148832717579555,0.0,8.182011321913173,WATCH,MONITOR,-10.0,ROBUST,False
84531,0.27592829513329775,0.0,10.962610985437273,LOW_RISK,NO_ACTION,0.0,ROBUST,False
84532,0.4087568585301018,0.0,7.91881786397062,WATCH,MONITOR,-10.0,ROBUST,False
84533,0.3066617602914411,0.0,8.2732855507493,WATCH,MONITOR,-10.0,ROBUST,False
84534,0.3438781820579937,0.0,9.240167099487595,WATCH,MONITOR,-10.0,ROBUST,False
84535,0.3894985541631143,0.0,8.402118983570771,WATCH,MONITOR,-10.0,ROBUST,False
84536,0.11001004062554665,0.0,8.037284670284969,LOW_RISK,NO_ACTION,0.0,ROBUST,False
84537,0.3282576730180179,0.0,8.823574341300503,WATCH,MONITOR,-10.0,ROBUST,False
84538,0.45367778849134777,0.0,9.123256265069069,WATCH,MONITOR,-10.0,ROBUST,False
84539,0.10695549717017357,0.0,4.81380905109942,LOW_RISK,NO_ACTION,0.0,ROBUST,False
84540,0.7785830523312164,34.20940706350473,12.321189908948735,HIGH_RISK,TRANSPORT_MODE_REVIEW,350.03696356972705,ROBUST,True
84542,0.47049098008233203,0.0,7.613818684808629,WATCH,MONITOR,-10.0,ROBUST,False
84543,0.24126176091301513,0.0,9.977991874704234,LOW_RISK,NO_ACTION,0.0,ROBUST,False
84544,0.2834915296800964,0.0,12.321189908948735,LOW_RISK,NO_ACTION,0.0,ROBUST,False
84545,0.4926165572177251,0.0,10.088970772667661,WATCH,MONITOR,-10.0,ROBUST,False
84546,0.17972954358022952,0.0,10.424095176156737,LOW_RISK,NO_ACTION,0.0,ROBUST,False
84547,0.1261020756500024,0.0,5.929589143389895,LOW_RISK,NO_ACTION,0.0,ROBUST,False
84548,0.4437690363445218,0.0,10.152337836193743,WATCH,MONITOR,-10.0,ROBUST,False
84549,0.4473861364849474,0.0,9.480749115757506,WATCH,MONITOR,-10.0,ROBUST,False
84550,0.2888311338720053,0.0,10.907331181418146,LOW_RISK,NO_ACTION,0.0,ROBUST,False
84551,0.3056828697909145,0.0,9.047644956317406,WATCH,MONITOR,-10.0,ROBUST,False
84552,0.4343225478471344,0.0,10.428556260290124,WATCH,MONITOR,-10.0,ROBUST,False
84553,0.3954237992463181,0.0,11.236819859241594,WATCH,MONITOR,-10.0,ROBUST,False
84554,0.20605960088680428,0.0,13.014334861352134,LOW_RISK,NO_ACTION,0.0,ROBUST,False
84555,0.6123247094866666,11.680361921824687,7.065613363597717,HIGH_RISK,TRANSPORT_MODE_REVIEW,350.02119684009085,ROBUST,True
84556,0.29188006501341834,0.0,8.949073005695853,LOW_RISK,NO_ACTION,0.0,ROBUST,False
84557,0.4435649304382566,0.0,10.613893441097149,WATCH,MONITOR,-10.0,ROBUST,False
84558,0.4583338706760649,0.0,8.360745208140294,WATCH,MONITOR,-10.0,ROBUST,False
84559,0.4824904788304616,0.0,10.35891673868174,WATCH,MONITOR,-10.0,ROBUST,False
84560,0.4518252950451125,0.0,12.274964178549222,WATCH,MONITOR,-10.0,ROBUST,False
84561,0.33201742211923935,0.0,9.533956030123372,WATCH,MONITOR,-10.0,ROBUST,False
84562,0.27784223969444033,0.0,8.759511722116487,LOW_RISK,NO_ACTION,0.0,ROBUST,False
84563,0.40993993861363964,0.0,13.39358979519287,WATCH,MONITOR,-10.0,ROBUST,False
84564,0.6211650191129684,3.187209730165102,12.532611783292603,HIGH_RISK,TRANSPORT_MODE_REVIEW,350.03759783534986,ROBUST,True
84565,0.31525737203258175,0.0,11.99461677638609,WATCH,MONITOR,-10.0,ROBUST,False
84566,0.829905384167217,1.1166124284660222,11.777640809635281,HIGH_RISK,TRANSPORT_MODE_REVIEW,67.50501533000937,SENSITIVE,True
84567,0.7973849733613777,1.088674239723079,12.321189908948735,HIGH_RISK,HUMAN_REVIEW,-50.0,SENSITIVE,True
84568,0.8471689144873993,6.605469873901894,5.485792288582786,HIGH_RISK,HUMAN_REVIEW,-49.999999999999886,ROBUST,True
84569,0.24533351276650572,0.0,8.721439305625983,LOW_RISK,NO_ACTION,0.0,ROBUST,False
84570,0.35182695806750874,0.0,11.330965842670082,WATCH,MONITOR,-10.0,ROBUST,False
84571,0.3695351844667908,0.0,8.182011321913173,WATCH,MONITOR,-10.0,ROBUST,False
84572,0.18427516681212058,0.0,10.195866079361078,LOW_RISK,NO_ACTION,0.0,ROBUST,False
84573,0.4347755379239825,0.0,9.325542301664866,WATCH,MONITOR,-10.0,ROBUST,False
84574,0.21597483746495116,0.0,6.825460036255307,LOW_RISK,NO_ACTION,0.0,ROBUST,False
84575,0.17467357036572667,0.0,6.76365393500788,LOW_RISK,NO_ACTION,0.0,ROBUST,False
84576,0.262559941141799,0.0,7.510977752014095,LOW_RISK,NO_ACTION,0.0,ROBUST,False
84577,0.3922240323589862,0.0,13.049866574312697,WATCH,MONITOR,-10.0,ROBUST,False
84578,0.48618327137592143,0.0,13.96850714350942,WATCH,MONITOR,-10.0,ROBUST,False
84579,0.42371250574857333,0.0,12.538552494596068,WATCH,MONITOR,-10.0,ROBUST,False
84580,0.4761393510680767,0.0,12.075456428221527,WATCH,MONITOR,-10.0,ROBUST,False
84581,0.6584521474966092,11.333050415104507,8.91088257031158,HIGH_RISK,TRANSPORT_MODE_REVIEW,350.026732647711,ROBUST,True
84582,0.12847071954547074,0.0,11.117227502621036,LOW_RISK,NO_ACTION,0.0,ROBUST,False
84583,0.3230819047626685,0.0,11.373129922030577,WATCH,MONITOR,-10.0,ROBUST,False
84584,0.21611899321761374,0.0,8.083637203141548,LOW_RISK,NO_ACTION,0.0,ROBUST,False
84585,0.43122198918770915,0.0,9.639848776223355,WATCH,MONITOR,-10.0,ROBUST,False
84588,0.36879514856093043,0.0,13.199169591740592,WATCH,MONITOR,-10.0,ROBUST,False
84589,0.4882912655943178,0.0,12.677203607847131,WATCH,MONITOR,-10.0,ROBUST,False
84590,0.2019169422925217,0.0,12.349194372286126,LOW_RISK,NO_ACTION,0.0,ROBUST,False
84591,0.29431364574209296,0.0,11.443028613587972,LOW_RISK,NO_ACTION,0.0,ROBUST,False
84592,0.30049619097014135,0.0,6.650537747334176,WATCH,MONITOR,-10.0,ROBUST,False
84593,0.1956707179429505,0.0,9.822696064596606,LOW_RISK,NO_ACTION,0.0,ROBUST,False
84594,0.3360373597952031,0.0,6.414900540537383,WATCH,MONITOR,-10.0,ROBUST,False
84595,0.7115510353699258,5.941973303807213,12.789064611992499,HIGH_RISK,EXPEDITE,250.0639453230599,SENSITIVE,True
84596,0.2786886223959495,0.0,10.003834119334245,LOW_RISK,NO_ACTION,0.0,ROBUST,False
84597,0.666533847580064,20.95202134080552,9.79679003237487,HIGH_RISK,HUMAN_REVIEW,-50.0,ROBUST,True
84598,0.10677174097021402,0.0,8.103842070283948,LOW_RISK,NO_ACTION,0.0,ROBUST,False
84599,0.3088380947659156,0.0,8.202189252914545,WATCH,MONITOR,-10.0,ROBUST,False
84600,0.23409913428013246,0.0,10.158168529848494,LOW_RISK,NO_ACTION,0.0,ROBUST,False
84601,0.7423359539533569,2.7128125522013837,11.776834689218662,HIGH_RISK,HUMAN_REVIEW,-50.0,SENSITIVE,True
84602,0.6029907704203555,2.8718661105650836,12.000897933306716,HIGH_RISK,TRANSPORT_MODE_REVIEW,330.8143815568336,ROBUST,True
84603,0.21145133323590282,0.0,9.895293573393907,LOW_RISK,NO_ACTION,0.0,ROBUST,False
84604,0.2573792612894543,0.0,10.87820038834635,LOW_RISK,NO_ACTION,0.0,ROBUST,False
84605,0.15274079585735878,0.0,11.055236419033898,LOW_RISK,NO_ACTION,0.0,ROBUST,False
84606,0.8745416461214688,19.565098534309474,11.860146864636903,CRITICAL,HUMAN_REVIEW,-50.0,ROBUST,True
84607,0.8563546307732248,16.88549387433477,8.289971335110156,CRITICAL,EXPEDITE,250.04144985667517,SENSITIVE,True
84608,0.8049526689719454,8.65208509825635,9.196748418456716,HIGH_RISK,HUMAN_REVIEW,-50.0,ROBUST,True
84609,0.6156998571901988,10.712279035315818,9.080156512960869,HIGH_RISK,HUMAN_REVIEW,-50.0,ROBUST,True
84612,0.8348545853959972,16.689748632815373,9.196748418456716,HIGH_RISK,TRANSPORT_MODE_REVIEW,350.0275902452554,ROBUST,True
84613,0.3076366921358913,0.0,10.24521026695759,WATCH,MONITOR,-10.0,ROBUST,False
84614,0.4241607763435934,0.0,11.376177934686332,WATCH,MONITOR,-10.0,ROBUST,False
84615,0.2710804683276954,0.0,8.793338976049688,LOW_RISK,NO_ACTION,0.0,ROBUST,False
84616,0.3806397399598388,0.0,10.855625235901393,WATCH,MONITOR,-10.0,ROBUST,False
84617,0.8535989927066181,23.785704782945317,11.592913401913107,CRITICAL,HUMAN_REVIEW,-50.0,ROBUST,True
84618,0.26709447780462503,0.0,9.542115881938475,LOW_RISK,NO_ACTION,0.0,ROBUST,False
84619,0.4040822498116642,0.0,6.690842277418564,WATCH,MONITOR,-10.0,ROBUST,False
84620,0.6467077793267798,3.969387933817961,12.769683300490902,HIGH_RISK,TRANSPORT_MODE_REVIEW,350.03830904990144,ROBUST,True
84621,0.6676993749156165,20.594520910465892,11.521353449523248,HIGH_RISK,EXPEDITE,250.05760676724776,SENSITIVE,True
84622,0.1896689106987607,0.0,9.59681292459139,LOW_RISK,NO_ACTION,0.0,ROBUST,False
84623,0.24364397718703887,0.0,12.822736111015779,LOW_RISK,NO_ACTION,0.0,ROBUST,False
84624,0.19214992894640961,0.0,10.033384912555524,LOW_RISK,NO_ACTION,0.0,ROBUST,False
84625,0.33176225243466184,0.0,8.703938283269972,WATCH,MONITOR,-10.0,ROBUST,False
84626,0.8995682419756886,1.0861388085149897,12.575153813038382,CRITICAL,TRANSPORT_MODE_REVIEW,62.93447963982783,SENSITIVE,True
84627,0.4146452244871608,0.0,12.714322143932762,WATCH,MONITOR,-10.0,ROBUST,False
84628,0.8505732180476597,43.464168373907114,10.773361501541943,CRITICAL,SUPPLIER_ESCALATION,200.02154672300367,ROBUST,True
84629,0.49550416235770467,0.0,13.930194164236877,WATCH,MONITOR,-10.0,ROBUST,False
84630,0.8524846379273445,16.22852192293945,10.749892156946117,CRITICAL,TRANSPORT_MODE_REVIEW,350.03224967647066,ROBUST,True
84631,0.7663861473633435,12.139105008308844,11.802310212048512,HIGH_RISK,EXPEDITE,250.0590115510604,SENSITIVE,True
84632,0.43421571169657025,0.0,11.25757827316126,WATCH,MONITOR,-10.0,ROBUST,False
84633,0.877857895924388,56.5544225034581,9.527192821727743,CRITICAL,TRANSPORT_MODE_REVIEW,350.0285815784646,ROBUST,True
84634,0.3997101347296418,0.0,9.903255525619965,WATCH,MONITOR,-10.0,ROBUST,False
84638,0.6226236527978365,74.54850339514145,5.274024673978992,HIGH_RISK,HUMAN_REVIEW,-50.0,ROBUST,True
84639,0.2873297229474221,0.0,10.516982574148454,LOW_RISK,NO_ACTION,0.0,ROBUST,False
84640,0.8007946249090505,56.6237591203289,13.10882948606136,HIGH_RISK,EXPEDITE,250.06554414743005,SENSITIVE,True
84641,0.8664816589534519,46.257658251918656,11.71776198043361,CRITICAL,TRANSPORT_MODE_REVIEW,350.0351532859413,ROBUST,True
84642,0.7379825853881888,81.5208403411166,5.274024673978992,HIGH_RISK,HUMAN_REVIEW,-50.0,ROBUST,True
84643,0.7820919348822797,11.982117073730763,11.786556786324347,HIGH_RISK,TRANSPORT_MODE_REVIEW,350.03535967035896,ROBUST,True
84644,0.43694271508735283,0.0,10.024438011052741,WATCH,MONITOR,-10.0,ROBUST,False
84645,0.8414900501645056,12.807463058757705,9.161255164285691,HIGH_RISK,TRANSPORT_MODE_REVIEW,350.0274837654929,ROBUST,True
84646,0.330190111154546,0.0,7.065613363597717,WATCH,MONITOR,-10.0,ROBUST,False
84647,0.6805796798743793,14.495039888583413,12.827548352492368,HIGH_RISK,EXPEDITE,250.06413774176258,SENSITIVE,True
84648,0.7484477854801639,12.971897561578945,11.376931843546751,HIGH_RISK,HUMAN_REVIEW,-50.0,ROBUST,True
84649,0.3927871353410849,0.0,11.545077213299239,WATCH,MONITOR,-10.0,ROBUST,False
84650,0.7677409969388905,17.45157882100193,13.297801262668377,HIGH_RISK,EXPEDITE,250.06648900631308,SENSITIVE,True
84651,0.37031638545119405,0.0,10.57705300639956,WATCH,MONITOR,-10.0,ROBUST,False
84652,0.26587606166631456,0.0,7.79461720016548,LOW_RISK,NO_ACTION,0.0,ROBUST,False
84653,0.14963875044387295,0.0,10.27714546599518,LOW_RISK,NO_ACTION,0.0,ROBUST,False
84654,0.267963019079387,0.0,10.214678610538817,LOW_RISK,NO_ACTION,0.0,ROBUST,False
84655,0.1776931718782327,0.0,10.491301994830229,LOW_RISK,NO_ACTION,0.0,ROBUST,False
84656,0.2662238128493266,0.0,9.488976906626084,LOW_RISK,NO_ACTION,0.0,ROBUST,False
84657,0.6025486735821628,67.32047851501288,13.895384943780174,HIGH_RISK,EXPEDITE,250.06947692472022,SENSITIVE,True
84658,0.39535665477442306,0.0,8.849818036308557,WATCH,MONITOR,-10.0,ROBUST,False
84659,0.4096862232665436,0.0,9.692680097732987,WATCH,MONITOR,-10.0,ROBUST,False
84660,0.7098859158619566,0.9596204874684616,12.733427308952258,HIGH_RISK,SUPPLIER_ESCALATION,43.95529237799059,SENSITIVE,True
84661,0.10907473687297903,0.0,9.196576077200326,LOW_RISK,NO_ACTION,0.0,ROBUST,False
84662,0.8264797619355151,10.351434185596913,11.905547519668055,HIGH_RISK,EXPEDITE,250.05952773759827,SENSITIVE,True
84663,0.37449331203857905,0.0,8.49232656368611,WATCH,MONITOR,-10.0,ROBUST,False
84664,0.6720454788066043,24.02128508577854,11.995918737320425,HIGH_RISK,SUPPLIER_ESCALATION,200.02399183747457,ROBUST,True
84665,0.4275331596856472,0.0,8.881975184248867,WATCH,MONITOR,-10.0,ROBUST,False
84667,0.18010646188719848,0.0,14.325848462814728,LOW_RISK,NO_ACTION,0.0,ROBUST,False
84668,0.33168847582844274,0.0,14.191413018756835,WATCH,MONITOR,-10.0,ROBUST,False
84671,0.28665374798007487,0.0,12.930330772646771,LOW_RISK,NO_ACTION,0.0,ROBUST,False
84672,0.7068581830384139,5.4943303610497285,12.11053594007085,HIGH_RISK,SUPPLIER_ESCALATION,200.0242210718801,ROBUST,True
84673,0.45588548804975904,0.0,3.3575937441800234,WATCH,MONITOR,-10.0,ROBUST,False
84674,0.27494451662504593,0.0,12.478447482752932,LOW_RISK,NO_ACTION,0.0,ROBUST,False
84675,0.1301376470292603,0.0,12.275146180430411,LOW_RISK,NO_ACTION,0.0,ROBUST,False
84676,0.478655490885981,0.0,14.122437896532993,WATCH,MONITOR,-10.0,ROBUST,False
84677,0.7686332647869689,3.985893120687365,12.661117066665346,HIGH_RISK,EXPEDITE,97.93443396252098,SENSITIVE,True
84678,0.6017594183661483,7.500873427290047,5.4169888962655355,HIGH_RISK,EXPEDITE,250.02708494448132,SENSITIVE,True
84679,0.28715701125281,0.0,11.925395448220529,LOW_RISK,NO_ACTION,0.0,ROBUST,False
84680,0.13714378917740852,0.0,11.757877473694947,LOW_RISK,NO_ACTION,0.0,ROBUST,False
84681,0.41629924743099045,0.0,11.261395299133936,WATCH,MONITOR,-10.0,ROBUST,False
84682,0.1301911657696116,0.0,9.879082148697375,LOW_RISK,NO_ACTION,0.0,ROBUST,False
84683,0.12744039395805828,0.0,13.134625608014018,LOW_RISK,NO_ACTION,0.0,ROBUST,False
84684,0.31495353697574724,0.0,10.709081779874017,WATCH,MONITOR,-10.0,ROBUST,False
84685,0.1640512960738561,0.0,9.44387296977497,LOW_RISK,NO_ACTION,0.0,ROBUST,False
84686,0.1030921069361396,0.0,11.107741917220226,LOW_RISK,NO_ACTION,0.0,ROBUST,False
84687,0.2692453723983145,0.0,13.133050545637039,LOW_RISK,NO_ACTION,0.0,ROBUST,False
84688,0.15488689264402639,0.0,13.063302859239785,LOW_RISK,NO_ACTION,0.0,ROBUST,False
84689,0.1642061661122765,0.0,13.837182270764698,LOW_RISK,NO_ACTION,0.0,ROBUST,False
84690,0.13076425549413387,0.0,12.766383049307002,LOW_RISK,NO_ACTION,0.0,ROBUST,False
84691,0.18203750148944398,0.0,4.720639435794205,LOW_RISK,NO_ACTION,0.0,ROBUST,False
84692,0.38619367190975573,0.0,7.818832443803404,WATCH,MONITOR,-10.0,ROBUST,False
84693,0.4235709228871166,0.0,6.515897174280189,WATCH,MONITOR,-10.0,ROBUST,False
84694,0.28101345761172025,0.0,5.821535880243989,LOW_RISK,NO_ACTION,0.0,ROBUST,False
84695,0.3026215263525671,0.0,4.372985890021733,WATCH,MONITOR,-10.0,ROBUST,False
84696,0.11306201383768105,0.0,6.35363933911728,LOW_RISK,NO_ACTION,0.0,ROBUST,False
84697,0.12772650454852674,0.0,4.646312129319266,LOW_RISK,NO_ACTION,0.0,ROBUST,False
84698,0.20302709025980678,0.0,4.887864841928826,LOW_RISK,NO_ACTION,0.0,ROBUST,False
84699,0.317559368285259,0.0,5.9207738064852125,WATCH,MONITOR,-10.0,ROBUST,False
84700,0.39582045949399725,0.0,5.719196400708555,WATCH,MONITOR,-10.0,ROBUST,False
84701,0.3420012245352132,0.0,8.920121751872404,WATCH,MONITOR,-10.0,ROBUST,False
84702,0.2568511419947153,0.0,5.6153154933338705,LOW_RISK,NO_ACTION,0.0,ROBUST,False
84704,0.14732962920125528,0.0,6.8766773234112755,LOW_RISK,NO_ACTION,0.0,ROBUST,False
84705,0.4123092939548758,0.0,4.616999937741668,WATCH,MONITOR,-10.0,ROBUST,False
84706,0.24551442063962284,0.0,3.9998507157936665,LOW_RISK,NO_ACTION,0.0,ROBUST,False
84707,0.3944216057931159,0.0,4.041646773221651,WATCH,MONITOR,-10.0,ROBUST,False
84708,0.7600440626234348,9.733404827722557,13.505436989986958,HIGH_RISK,TRANSPORT_MODE_REVIEW,350.04051631097013,ROBUST,True
84709,0.39546482142473016,0.0,8.707760657064043,WATCH,MONITOR,-10.0,ROBUST,False
84710,0.46291582458102876,0.0,11.452655155377803,WATCH,MONITOR,-10.0,ROBUST,False
84711,0.4684118064215208,0.0,13.26953463764792,WATCH,MONITOR,-10.0,ROBUST,False
84712,0.756985874790075,8.01274216219636,11.619454297879592,HIGH_RISK,SUPPLIER_ESCALATION,200.02323890859577,ROBUST,True
84713,0.3046033459062555,0.0,6.09807428216624,WATCH,MONITOR,-10.0,ROBUST,False
84714,0.20627138620113492,0.0,14.032784887041199,LOW_RISK,NO_ACTION,0.0,ROBUST,False
84715,0.47431993261171657,0.0,11.528679121924323,WATCH,MONITOR,-10.0,ROBUST,False
84716,0.2831676668798484,0.0,12.197460466951757,LOW_RISK,NO_ACTION,0.0,ROBUST,False
84717,0.6925056365028596,19.865889249961214,10.226682752377577,HIGH_RISK,TRANSPORT_MODE_REVIEW,350.0306800482572,ROBUST,True
84718,0.27308196585061995,0.0,10.631422558581738,LOW_RISK,NO_ACTION,0.0,ROBUST,False
84719,0.1508213000952016,0.0,8.344904338320339,LOW_RISK,NO_ACTION,0.0,ROBUST,False
84720,0.30101267370283,0.0,7.745435610274381,WATCH,MONITOR,-10.0,ROBUST,False
84721,0.3245102059424849,0.0,6.716594773520978,WATCH,MONITOR,-10.0,ROBUST,False
84722,0.23510230459743414,0.0,13.563341590382926,LOW_RISK,NO_ACTION,0.0,ROBUST,False
84723,0.12866024569259388,0.0,11.454593350848796,LOW_RISK,NO_ACTION,0.0,ROBUST,False
84724,0.47740141425329563,0.0,9.05193063522854,WATCH,MONITOR,-10.0,ROBUST,False
84725,0.4093412453933719,0.0,9.854087202241,WATCH,MONITOR,-10.0,ROBUST,False
84726,0.4355524322020484,0.0,12.376386564999851,WATCH,MONITOR,-10.0,ROBUST,False
84727,0.24674735771449177,0.0,10.362732261608445,LOW_RISK,NO_ACTION,0.0,ROBUST,False
84728,0.40433241200778025,0.0,9.854087202241,WATCH,MONITOR,-10.0,ROBUST,False
84729,0.2941491580676777,0.0,11.969090024509446,LOW_RISK,NO_ACTION,0.0,ROBUST,False
84730,0.1804333953624184,0.0,8.66615098293596,LOW_RISK,NO_ACTION,0.0,ROBUST,False
84731,0.14976935076288533,0.0,11.687697428499687,LOW_RISK,NO_ACTION,0.0,ROBUST,False
84732,0.23802034772882275,0.0,12.839552090062417,LOW_RISK,NO_ACTION,0.0,ROBUST,False
84733,0.15502084459005588,0.0,12.94448119996769,LOW_RISK,NO_ACTION,0.0,ROBUST,False
84734,0.49930759048162743,0.0,11.43493149054214,WATCH,MONITOR,-10.0,ROBUST,False
84735,0.11967559609280883,0.0,8.262631209823601,LOW_RISK,NO_ACTION,0.0,ROBUST,False
84736,0.2764574397476306,0.0,10.621638029126663,LOW_RISK,NO_ACTION,0.0,ROBUST,False
84737,0.28083740895615367,0.0,7.8690499687653,LOW_RISK,NO_ACTION,0.0,ROBUST,False
84738,0.22025277143267022,0.0,11.522172578326892,LOW_RISK,NO_ACTION,0.0,ROBUST,False
84739,0.32854062628277814,0.0,12.598922346288212,WATCH,MONITOR,-10.0,ROBUST,False
84740,0.15999080966061788,0.0,11.427952917245891,LOW_RISK,NO_ACTION,0.0,ROBUST,False
84741,0.41356495223489353,0.0,8.964567702601611,WATCH,MONITOR,-10.0,ROBUST,False
84742,0.23297908729905534,0.0,10.957817003758691,LOW_RISK,NO_ACTION,0.0,ROBUST,False
84743,0.3365370359194567,0.0,12.853171254070125,WATCH,MONITOR,-10.0,ROBUST,False
84744,0.38625569442678376,0.0,7.497850388485693,WATCH,MONITOR,-10.0,ROBUST,False
84745,0.45561684707606454,0.0,13.187875986464178,WATCH,MONITOR,-10.0,ROBUST,False
84746,0.4343149745808801,0.0,10.591367887583303,WATCH,MONITOR,-10.0,ROBUST,False
84747,0.34332361124142385,0.0,13.508647025252118,WATCH,MONITOR,-10.0,ROBUST,False
84748,0.25535727215355475,0.0,13.943566512700675,LOW_RISK,NO_ACTION,0.0,ROBUST,False
84749,0.3012818680299856,0.0,12.745197054748889,WATCH,MONITOR,-10.0,ROBUST,False
84750,0.4074939173515211,0.0,11.383283641013712,WATCH,MONITOR,-10.0,ROBUST,False
84751,0.4510182170237892,0.0,7.346268241136502,WATCH,MONITOR,-10.0,ROBUST,False
84752,0.14151277127066875,0.0,11.89902071612362,LOW_RISK,NO_ACTION,0.0,ROBUST,False
84753,0.2539425049972214,0.0,11.793859319329234,LOW_RISK,NO_ACTION,0.0,ROBUST,False
84754,0.41044663936540027,0.0,9.914649030842147,WATCH,MONITOR,-10.0,ROBUST,False
84755,0.27266070503758444,0.0,10.26263643376687,LOW_RISK,NO_ACTION,0.0,ROBUST,False
84756,0.23289110562651355,0.0,11.34196892106309,LOW_RISK,NO_ACTION,0.0,ROBUST,False
84757,0.26452907872930786,0.0,12.396697137361691,LOW_RISK,NO_ACTION,0.0,ROBUST,False
84758,0.34113789871454037,0.0,10.91533788765145,WATCH,MONITOR,-10.0,ROBUST,False
84759,0.4999220576535206,0.0,12.093137066946596,WATCH,MONITOR,-10.0,ROBUST,False
84760,0.2971969716418127,0.0,8.421452919135401,LOW_RISK,NO_ACTION,0.0,ROBUST,False
84761,0.18339778998170422,0.0,12.995151539974842,LOW_RISK,NO_ACTION,0.0,ROBUST,False
84762,0.1651386301116379,0.0,9.954536116979748,LOW_RISK,NO_ACTION,0.0,ROBUST,False
84763,0.11693989899056573,0.0,10.231009857737751,LOW_RISK,NO_ACTION,0.0,ROBUST,False
84764,0.3235268939673286,0.0,11.907020039547985,WATCH,MONITOR,-10.0,ROBUST,False
84765,0.31782883659553374,0.0,11.712742086724331,WATCH,MONITOR,-10.0,ROBUST,False
84766,0.18209357071212368,0.0,10.195758579611061,LOW_RISK,NO_ACTION,0.0,ROBUST,False
84767,0.3781317625810269,0.0,12.375871789836483,WATCH,MONITOR,-10.0,ROBUST,False
84768,0.3964428166518723,0.0,10.152758783799777,WATCH,MONITOR,-10.0,ROBUST,False
84769,0.20363928215284452,0.0,11.443323693855804,LOW_RISK,NO_ACTION,0.0,ROBUST,False
84770,0.23763990561189463,0.0,12.540079703236023,LOW_RISK,NO_ACTION,0.0,ROBUST,False
84771,0.4961886689389027,0.0,7.4746360415372495,WATCH,MONITOR,-10.0,ROBUST,False
84772,0.24970578714029368,0.0,11.347196919573404,LOW_RISK,NO_ACTION,0.0,ROBUST,False
84773,0.40432066870244077,0.0,9.247905869862324,WATCH,MONITOR,-10.0,ROBUST,False
84774,0.6996002106353038,4.26976380889734,13.597035741128636,HIGH_RISK,TRANSPORT_MODE_REVIEW,350.0407911072234,ROBUST,True
84775,0.41733793114439044,0.0,10.233172521968305,WATCH,MONITOR,-10.0,ROBUST,False
84776,0.40760929551305913,0.0,10.739155908761724,WATCH,MONITOR,-10.0,ROBUST,False
84777,0.36710241007941424,0.0,11.962964496303252,WATCH,MONITOR,-10.0,ROBUST,False
84778,0.4419113385182317,0.0,10.071547477326314,WATCH,MONITOR,-10.0,ROBUST,False
84779,0.47568739795107406,0.0,9.34707163953584,WATCH,MONITOR,-10.0,ROBUST,False
84780,0.3319933281808336,0.0,7.725400675598835,WATCH,MONITOR,-10.0,ROBUST,False
84781,0.1949875628890983,0.0,10.172483624032427,LOW_RISK,NO_ACTION,0.0,ROBUST,False
84782,0.25945158465763,0.0,13.261611466040135,LOW_RISK,NO_ACTION,0.0,ROBUST,False
84783,0.40332228540531734,0.0,10.880325350278156,WATCH,MONITOR,-10.0,ROBUST,False
84784,0.3603533940495478,0.0,11.64283424133678,WATCH,MONITOR,-10.0,ROBUST,False
84785,0.1711193354260995,0.0,12.637905060705753,LOW_RISK,NO_ACTION,0.0,ROBUST,False
84786,0.12049581645856988,0.0,6.877914436971116,LOW_RISK,NO_ACTION,0.0,ROBUST,False
84788,0.37318463741682595,0.0,11.511934974596555,WATCH,MONITOR,-10.0,ROBUST,False
84789,0.20043160961173814,0.0,10.172483624032427,LOW_RISK,NO_ACTION,0.0,ROBUST,False
84790,0.29986809749162135,0.0,12.897536359855676,LOW_RISK,NO_ACTION,0.0,ROBUST,False
84791,0.3986987090050377,0.0,12.13722940570499,WATCH,MONITOR,-10.0,ROBUST,False
84792,0.32506671226253325,0.0,5.6564113032401835,WATCH,MONITOR,-10.0,ROBUST,False
84793,0.13332103324471856,0.0,8.27924052444832,LOW_RISK,NO_ACTION,0.0,ROBUST,False
84794,0.17423209471342216,0.0,9.723578283834271,LOW_RISK,NO_ACTION,0.0,ROBUST,False
84795,0.18773127361236766,0.0,9.808132371719273,LOW_RISK,NO_ACTION,0.0,ROBUST,False
84796,0.20314570145793798,0.0,11.433502748395819,LOW_RISK,NO_ACTION,0.0,ROBUST,False
84797,0.32616135678020175,0.0,11.433893080082035,WATCH,MONITOR,-10.0,ROBUST,False
84798,0.3015863119301574,0.0,12.40549137579267,WATCH,MONITOR,-10.0,ROBUST,False
84799,0.8370394121178325,8.419171693483655,13.980110688759428,HIGH_RISK,HUMAN_REVIEW,-50.0,ROBUST,True
84800,0.12702193738227485,0.0,7.967196986573665,LOW_RISK,NO_ACTION,0.0,ROBUST,False
84801,0.8031113444646031,5.751073243774491,6.1796024892233765,HIGH_RISK,TRANSPORT_MODE_REVIEW,350.0185388074676,ROBUST,True
84802,0.4937525250474414,0.0,8.583048345412239,WATCH,MONITOR,-10.0,ROBUST,False
84803,0.768563086872454,8.768017723548946,6.929712446334179,HIGH_RISK,EXPEDITE,250.0346485622315,SENSITIVE,True
84804,0.446938201880845,0.0,8.472572323638833,WATCH,MONITOR,-10.0,ROBUST,False
84805,0.7985580936645017,2.3754153954788206,13.347626345167944,HIGH_RISK,SUPPLIER_ESCALATION,200.02669525269033,ROBUST,True
84806,0.7066589391456023,1.1822798235675487,7.036895795805227,HIGH_RISK,HUMAN_REVIEW,-50.0,SENSITIVE,True
84808,0.3826750833842174,0.0,10.03885725443429,WATCH,MONITOR,-10.0,ROBUST,False
84809,0.6884104109656584,15.795484623985661,13.49668313203053,HIGH_RISK,EXPEDITE,250.06748341566026,SENSITIVE,True
84810,0.3753586819707634,0.0,6.655028425126253,WATCH,MONITOR,-10.0,ROBUST,False
84811,0.2089538317053158,0.0,8.93354548512146,LOW_RISK,NO_ACTION,0.0,ROBUST,False
84812,0.43282483870166033,0.0,13.060490101343552,WATCH,MONITOR,-10.0,ROBUST,False
84813,0.133489653243564,0.0,6.288416025566912,LOW_RISK,NO_ACTION,0.0,ROBUST,False
84814,0.40925546915411104,0.0,12.49275797139508,WATCH,MONITOR,-10.0,ROBUST,False
84816,0.13997476262744782,0.0,10.008387962361498,LOW_RISK,NO_ACTION,0.0,ROBUST,False
84817,0.45247569475772365,0.0,10.860090709121893,WATCH,MONITOR,-10.0,ROBUST,False
84819,0.2216818072540015,0.0,14.99094418665274,LOW_RISK,NO_ACTION,0.0,ROBUST,False
84820,0.36175734593222997,0.0,13.866204622849683,WATCH,MONITOR,-10.0,ROBUST,False
84821,0.2950009114481119,0.0,13.323979262397723,LOW_RISK,NO_ACTION,0.0,ROBUST,False
84822,0.2465212581049356,0.0,11.213223171586767,LOW_RISK,NO_ACTION,0.0,ROBUST,False
84824,0.3581767332733986,0.0,12.263502994614605,WATCH,MONITOR,-10.0,ROBUST,False
84825,0.8126700018754748,12.29687582952529,13.10263606727174,HIGH_RISK,HUMAN_REVIEW,-50.0,ROBUST,True
84826,0.11650789894984875,0.0,12.510615522357213,LOW_RISK,NO_ACTION,0.0,ROBUST,False
84827,0.46754114235324173,0.0,11.331885246911062,WATCH,MONITOR,-10.0,ROBUST,False
84828,0.3436326620084054,0.0,11.60428968789858,WATCH,MONITOR,-10.0,ROBUST,False
84829,0.422925720307621,0.0,10.213212388363457,WATCH,MONITOR,-10.0,ROBUST,False
84830,0.7313344431898859,10.410618446441218,13.305686099531647,HIGH_RISK,HUMAN_REVIEW,-50.0,ROBUST,True
84831,0.6692203770621161,4.827296078411157,10.862538878631286,HIGH_RISK,HUMAN_REVIEW,-50.0,ROBUST,True
84832,0.4475403007204656,0.0,9.402694764470512,WATCH,MONITOR,-10.0,ROBUST,False
84833,0.26593918792392923,0.0,8.801282818757294,LOW_RISK,NO_ACTION,0.0,ROBUST,False
84835,0.313863826699634,0.0,14.10100072995642,WATCH,MONITOR,-10.0,ROBUST,False
84836,0.10807796923373317,0.0,11.744045122410057,LOW_RISK,NO_ACTION,0.0,ROBUST,False
84837,0.16343920233521692,0.0,13.717401464853955,LOW_RISK,NO_ACTION,0.0,ROBUST,False
84838,0.35667460318991995,0.0,6.23342985266278,WATCH,MONITOR,-10.0,ROBUST,False
84839,0.6268956693707037,7.132374480628707,8.982108899113026,HIGH_RISK,HUMAN_REVIEW,-50.0,ROBUST,True
84841,0.7012077235071839,16.851625513043007,12.401169910973037,HIGH_RISK,TRANSPORT_MODE_REVIEW,350.037203509733,ROBUST,True
84842,0.6269102757044537,169.40878969111094,12.08718358595477,HIGH_RISK,TRANSPORT_MODE_REVIEW,350.03626155075835,ROBUST,True
84843,0.278162171431134,0.0,10.534785924769006,LOW_RISK,NO_ACTION,0.0,ROBUST,False
84844,0.24203790654527593,0.0,12.562586276458662,LOW_RISK,NO_ACTION,0.0,ROBUST,False
84846,0.2982645376140354,0.0,11.626573920573831,LOW_RISK,NO_ACTION,0.0,ROBUST,False
84847,0.4481316138216377,0.0,10.553213530225218,WATCH,MONITOR,-10.0,ROBUST,False
84848,0.8800365315749556,27.496913518392955,10.404438582580822,CRITICAL,HUMAN_REVIEW,-50.0,ROBUST,True
84849,0.13359580055566359,0.0,8.56708750769008,LOW_RISK,NO_ACTION,0.0,ROBUST,False
84850,0.45612367910982576,0.0,12.65221119312484,WATCH,MONITOR,-10.0,ROBUST,False
84851,0.28870686045992944,0.0,11.683617830746957,LOW_RISK,NO_ACTION,0.0,ROBUST,False
84852,0.3975448579543994,0.0,10.933688229324613,WATCH,MONITOR,-10.0,ROBUST,False
84853,0.15601569250574088,0.0,12.845015034246334,LOW_RISK,NO_ACTION,0.0,ROBUST,False
84854,0.3682878102828192,0.0,11.935382456546865,WATCH,MONITOR,-10.0,ROBUST,False
84855,0.1945304070437832,0.0,13.113526446491344,LOW_RISK,NO_ACTION,0.0,ROBUST,False
84856,0.27535235885637266,0.0,5.633360010359655,LOW_RISK,NO_ACTION,0.0,ROBUST,False
84857,0.633973035491946,7.510200096245094,12.624165026336183,HIGH_RISK,TRANSPORT_MODE_REVIEW,350.0378724950789,ROBUST,True
84858,0.7710561647399413,14.812648183840027,11.981832743443029,HIGH_RISK,HUMAN_REVIEW,-50.0,ROBUST,True
84859,0.858553146988449,11.20688190501749,9.0280988119824,CRITICAL,TRANSPORT_MODE_REVIEW,350.027084296436,ROBUST,True
84860,0.7431329453081779,4.674547696021309,10.770359022400294,HIGH_RISK,TRANSPORT_MODE_REVIEW,350.0323110770672,ROBUST,True
84863,0.8983692770053575,5.833246747356226,13.610111758167683,CRITICAL,TRANSPORT_MODE_REVIEW,350.04083033527456,ROBUST,True
84864,0.37676401064782483,0.0,14.028696455998507,WATCH,MONITOR,-10.0,ROBUST,False
84865,0.11161596088368775,0.0,13.924365859736941,LOW_RISK,NO_ACTION,0.0,ROBUST,False
84866,0.8978496395045926,7.635447942316285,11.817517602939146,CRITICAL,HUMAN_REVIEW,-50.0,ROBUST,True
84867,0.15628313233022972,0.0,10.143527551510068,LOW_RISK,NO_ACTION,0.0,ROBUST,False
84868,0.4780645828711588,0.0,10.9682872510886,WATCH,MONITOR,-10.0,ROBUST,False
84869,0.47323762924394175,0.0,6.160151912626133,WATCH,MONITOR,-10.0,ROBUST,False
84870,0.6912922775462593,68.68767931476671,11.213969412695036,HIGH_RISK,TRANSPORT_MODE_REVIEW,350.0336419082396,ROBUST,True
84873,0.3457685192892118,0.0,13.485861391171175,WATCH,MONITOR,-10.0,ROBUST,False
84874,0.600428502923753,61.08963141161758,9.97083306787673,HIGH_RISK,HUMAN_REVIEW,-50.0,ROBUST,True
84875,0.7348750058760787,63.55520142383465,10.43250273860232,HIGH_RISK,SUPPLIER_ESCALATION,200.0208650054774,ROBUST,True
84876,0.30919492327668385,0.0,9.018089684104343,WATCH,MONITOR,-10.0,ROBUST,False
84877,0.771694555689023,6.367333862954219,6.342121418721152,HIGH_RISK,EXPEDITE,250.03171060709371,SENSITIVE,True
84879,0.8997621896830323,7.685179437053558,13.567691300166784,CRITICAL,TRANSPORT_MODE_REVIEW,350.04070307390043,ROBUST,True
84880,0.1307397847444937,0.0,8.05666453253302,LOW_RISK,NO_ACTION,0.0,ROBUST,False
84883,0.257177775749344,0.0,5.056882545261575,LOW_RISK,NO_ACTION,0.0,ROBUST,False
84884,0.3679705368645293,0.0,8.914760527397261,WATCH,MONITOR,-10.0,ROBUST,False
84887,0.28795596321657585,0.0,10.760134431482768,LOW_RISK,NO_ACTION,0.0,ROBUST,False
84889,0.2534888698877818,0.0,11.967187086434018,LOW_RISK,NO_ACTION,0.0,ROBUST,False
84890,0.8378520135820582,7.088785190426947,12.132515014218837,HIGH_RISK,HUMAN_REVIEW,-50.0,ROBUST,True
84891,0.8717270371909344,53.01412808370782,12.421833008060531,CRITICAL,TRANSPORT_MODE_REVIEW,350.0372654990242,ROBUST,True
84893,0.14005731509534047,0.0,10.33379973284988,LOW_RISK,NO_ACTION,0.0,ROBUST,False
84894,0.42299949266266434,0.0,8.94389780251682,WATCH,MONITOR,-10.0,ROBUST,False
84895,0.15409593119388904,0.0,14.56044780799859,LOW_RISK,NO_ACTION,0.0,ROBUST,False
84896,0.3381493466195574,0.0,10.91663091039628,WATCH,MONITOR,-10.0,ROBUST,False
84898,0.23709616543553835,0.0,12.033212191025715,LOW_RISK,NO_ACTION,0.0,ROBUST,False
84899,0.1903913538620734,0.0,9.81611920274838,LOW_RISK,NO_ACTION,0.0,ROBUST,False
84900,0.3557873757968415,0.0,9.674951990424205,WATCH,MONITOR,-10.0,ROBUST,False
84901,0.28280092375077626,0.0,7.067149331132387,LOW_RISK,NO_ACTION,0.0,ROBUST,False
84903,0.26005818691382365,0.0,7.899921277567464,LOW_RISK,NO_ACTION,0.0,ROBUST,False
84904,0.33714080195688867,0.0,9.830432871630217,WATCH,MONITOR,-10.0,ROBUST,False
84905,0.2965070513960003,0.0,9.346221751217941,LOW_RISK,NO_ACTION,0.0,ROBUST,False
84906,0.7360248691872804,3.242821753038128,6.1034530490560295,HIGH_RISK,TRANSPORT_MODE_REVIEW,350.0183103591472,ROBUST,True
84907,0.8967839835319156,3.42481849824713,8.521135410648862,CRITICAL,TRANSPORT_MODE_REVIEW,350.025563406232,ROBUST,True
84908,0.36779943062027787,0.0,11.32961541978256,WATCH,MONITOR,-10.0,ROBUST,False
84909,0.11067726343474171,0.0,10.137990738198363,LOW_RISK,NO_ACTION,0.0,ROBUST,False
84910,0.2863486915630702,0.0,13.406093179916478,LOW_RISK,NO_ACTION,0.0,ROBUST,False
84911,0.12307331383341752,0.0,11.713422508992204,LOW_RISK,NO_ACTION,0.0,ROBUST,False
84913,0.694780746715691,1.657585549645143,12.608574701465145,HIGH_RISK,HUMAN_REVIEW,-50.0,SENSITIVE,True
84914,0.3242034936311893,0.0,6.5355315046537745,WATCH,MONITOR,-10.0,ROBUST,False
84915,0.4464755661062323,0.0,6.151242222800372,WATCH,MONITOR,-10.0,ROBUST,False
84916,0.453122271675394,0.0,9.431481920619719,WATCH,MONITOR,-10.0,ROBUST,False
84917,0.12797760405545253,0.0,13.240532116445376,LOW_RISK,NO_ACTION,0.0,ROBUST,False
84918,0.26764203451468266,0.0,5.5310151306670585,LOW_RISK,NO_ACTION,0.0,ROBUST,False
84919,0.7651635901859987,13.141203865819298,11.824831259612653,HIGH_RISK,TRANSPORT_MODE_REVIEW,350.0354744937788,ROBUST,True
84920,0.8477664679280443,8.429697951748306,10.703139294084407,HIGH_RISK,TRANSPORT_MODE_REVIEW,350.0321094178822,ROBUST,True
84921,0.6910511727443857,8.802968732662974,10.82270758980286,HIGH_RISK,HUMAN_REVIEW,-50.0,ROBUST,True
84922,0.3976941033748955,0.0,13.321471334244487,WATCH,MONITOR,-10.0,ROBUST,False
84925,0.6950739041455632,11.98459804046254,9.177791353490834,HIGH_RISK,SUPPLIER_ESCALATION,200.01835558270704,ROBUST,True
84926,0.10339440483337721,0.0,13.398337589552467,LOW_RISK,NO_ACTION,0.0,ROBUST,False
84927,0.18667369759560107,0.0,13.835902227427322,LOW_RISK,NO_ACTION,0.0,ROBUST,False
84928,0.4308746856981287,0.0,14.701548658953449,WATCH,MONITOR,-10.0,ROBUST,False
84929,0.6938533884017004,36.369667817034994,11.123917098803812,HIGH_RISK,TRANSPORT_MODE_REVIEW,350.0333717512958,ROBUST,True
84930,0.45775594147939636,0.0,13.317972923191881,WATCH,MONITOR,-10.0,ROBUST,False
84931,0.12287186181210662,0.0,11.49238800775266,LOW_RISK,NO_ACTION,0.0,ROBUST,False
84934,0.3387855862865772,0.0,9.919459814123258,WATCH,MONITOR,-10.0,ROBUST,False
84935,0.3276186299574697,0.0,7.51770018234822,WATCH,MONITOR,-10.0,ROBUST,False
84936,0.6658168167588738,1.1883565036232473,9.08391509953841,HIGH_RISK,SUPPLIER_ESCALATION,78.26427047307402,SENSITIVE,True
84937,0.3054088307649934,0.0,11.475233981948293,WATCH,MONITOR,-10.0,ROBUST,False
84938,0.7299752796927084,10.708643220507236,10.450006521756132,HIGH_RISK,HUMAN_REVIEW,-50.0,ROBUST,True
84939,0.8399075586008373,76.26220850863703,11.086630922579978,HIGH_RISK,TRANSPORT_MODE_REVIEW,350.0332598927689,ROBUST,True
84940,0.20933183324986518,0.0,12.53870609485521,LOW_RISK,NO_ACTION,0.0,ROBUST,False
84942,0.7278954881972104,57.72876917631807,10.518786698697703,HIGH_RISK,HUMAN_REVIEW,-50.0,ROBUST,True
84943,0.2873203790399833,0.0,13.489410543385643,LOW_RISK,NO_ACTION,0.0,ROBUST,False
84944,0.44320546302733077,0.0,11.52346136691743,WATCH,MONITOR,-10.0,ROBUST,False
84945,0.8321985261882028,20.290283244330336,0.0,HIGH_RISK,EXPEDITE,250.0,SENSITIVE,True
84947,0.20666386335528047,0.0,10.188269047376986,LOW_RISK,NO_ACTION,0.0,ROBUST,False
84949,0.4939463761379371,0.0,8.014666370464942,WATCH,MONITOR,-10.0,ROBUST,False
84950,0.46445430805203336,0.0,12.762160790070247,WATCH,MONITOR,-10.0,ROBUST,False
84951,0.11159709799959194,0.0,11.563547664223805,LOW_RISK,NO_ACTION,0.0,ROBUST,False
84952,0.6392643415660728,80.96975755502316,11.104716596191,HIGH_RISK,HUMAN_REVIEW,-50.0,ROBUST,True
84953,0.1441339095300812,0.0,13.387801374649944,LOW_RISK,NO_ACTION,0.0,ROBUST,False
84955,0.11099407793174838,0.0,11.367699904177401,LOW_RISK,NO_ACTION,0.0,ROBUST,False
84956,0.20947820638653958,0.0,9.821931450258463,LOW_RISK,NO_ACTION,0.0,ROBUST,False
84957,0.8129355150671917,47.34030264071014,8.669433476171736,HIGH_RISK,TRANSPORT_MODE_REVIEW,350.02600830042866,ROBUST,True
84966,0.7446675691011979,1.7962896447891488,9.051168775080928,HIGH_RISK,TRANSPORT_MODE_REVIEW,169.4597052391162,SENSITIVE,True
84967,0.7560970878574157,66.50149639870996,9.96114306502429,HIGH_RISK,HUMAN_REVIEW,-50.0,ROBUST,True
84968,0.8925733605851875,34.77418335010218,11.219909190927746,CRITICAL,EXPEDITE,250.05609954595457,SENSITIVE,True
84969,0.8897311331652862,3.598967408200553,13.382507563936874,CRITICAL,SUPPLIER_ESCALATION,200.02676501512792,ROBUST,True
84970,0.6645807137357502,46.555920879818025,13.317409137081045,HIGH_RISK,SUPPLIER_ESCALATION,200.02663481827494,ROBUST,True
84971,0.8433313698915954,21.159573931757738,7.736307096548285,HIGH_RISK,HUMAN_REVIEW,-50.0,ROBUST,True
84972,0.659172799850105,3.5210342542230313,8.403688490619416,HIGH_RISK,EXPEDITE,28.18472780849197,SENSITIVE,True
84974,0.3840567530250113,0.0,9.576540605955984,WATCH,MONITOR,-10.0,ROBUST,False
84975,0.40467254239212735,0.0,12.819007645723564,WATCH,MONITOR,-10.0,ROBUST,False
84978,0.4753460060761038,0.0,9.059633754551479,WATCH,MONITOR,-10.0,ROBUST,False
84979,0.14546050452467335,0.0,11.41442712839071,LOW_RISK,NO_ACTION,0.0,ROBUST,False
84980,0.6267029204688026,1.8017368845321489,10.90080881172162,HIGH_RISK,TRANSPORT_MODE_REVIEW,170.28017306912966,SENSITIVE,True
84981,0.4403223831869796,0.0,9.472781556562168,WATCH,MONITOR,-10.0,ROBUST,False
84982,0.8755564591329363,32.72381611869186,6.732210706467206,CRITICAL,HUMAN_REVIEW,-50.0,ROBUST,True
84984,0.18438771588467975,0.0,9.723894270613332,LOW_RISK,NO_ACTION,0.0,ROBUST,False
84988,0.30157160308969766,0.0,10.303973619097128,WATCH,MONITOR,-10.0,ROBUST,False
84991,0.37222193905779277,0.0,9.453600226875217,WATCH,MONITOR,-10.0,ROBUST,False
84992,0.7857364200140089,21.789314596387268,7.3134870182077325,HIGH_RISK,TRANSPORT_MODE_REVIEW,350.0219404610548,ROBUST,True
84994,0.34018914530010963,0.0,13.606024566142413,WATCH,MONITOR,-10.0,ROBUST,False
84995,0.20303151299919975,0.0,11.931575732234919,LOW_RISK,NO_ACTION,0.0,ROBUST,False
84996,0.8744247986182981,3.912067372016384,6.548691770407046,CRITICAL,SUPPLIER_ESCALATION,200.0130973835408,ROBUST,True
84997,0.6500850537103408,4.456149290396787,12.239843196959031,HIGH_RISK,TRANSPORT_MODE_REVIEW,350.03671952959087,ROBUST,True
84999,0.31167603949862677,0.0,13.657258043771574,WATCH,MONITOR,-10.0,ROBUST,False
85000,0.27974634865006026,0.0,7.270591205034342,LOW_RISK,NO_ACTION,0.0,ROBUST,False
85001,0.2972782079151717,0.0,12.485153937076465,LOW_RISK,NO_ACTION,0.0,ROBUST,False
85002,0.21943550251531707,0.0,13.092112395661816,LOW_RISK,NO_ACTION,0.0,ROBUST,False
85003,0.16358603760905224,0.0,11.14521412919898,LOW_RISK,NO_ACTION,0.0,ROBUST,False
85004,0.11893999093073578,0.0,12.295781713809689,LOW_RISK,NO_ACTION,0.0,ROBUST,False
85005,0.1783914889966671,0.0,14.720828104047461,LOW_RISK,NO_ACTION,0.0,ROBUST,False
85007,0.3327774566023132,0.0,9.618388807086617,WATCH,MONITOR,-10.0,ROBUST,False
85008,0.6680275852201548,21.890766901514613,13.677627998442286,HIGH_RISK,HUMAN_REVIEW,-50.0,ROBUST,True
85009,0.16769903897715782,0.0,2.967332799032293,LOW_RISK,NO_ACTION,0.0,ROBUST,False
85010,0.1434221431090594,0.0,9.387733135533384,LOW_RISK,NO_ACTION,0.0,ROBUST,False
85011,0.8343871942217077,27.072401195507418,10.565634141976286,HIGH_RISK,EXPEDITE,250.05282817070974,SENSITIVE,True
85012,0.2220633322149159,0.0,10.112884247305127,LOW_RISK,NO_ACTION,0.0,ROBUST,False
85013,0.6981020305488306,6.806622848997013,12.298530123884492,HIGH_RISK,EXPEDITE,250.06149265061936,SENSITIVE,True
85018,0.7883876206028724,1.1938789557886198,11.405974796800882,HIGH_RISK,TRANSPORT_MODE_REVIEW,79.09546072157312,SENSITIVE,True
85019,0.23070241889721235,0.0,8.106514516255185,LOW_RISK,NO_ACTION,0.0,ROBUST,False
85020,0.8728760085161332,8.685968518231451,12.722873740554315,CRITICAL,TRANSPORT_MODE_REVIEW,350.03816862122176,ROBUST,True
85022,0.7901668385497326,10.136037269228757,12.735617133062158,HIGH_RISK,HUMAN_REVIEW,-50.0,ROBUST,True
85024,0.1316578673112838,0.0,14.467836264837162,LOW_RISK,NO_ACTION,0.0,ROBUST,False
85025,0.1470706050581196,0.0,6.864012356034218,LOW_RISK,NO_ACTION,0.0,ROBUST,False
85026,0.17034315252647703,0.0,11.037964126568465,LOW_RISK,NO_ACTION,0.0,ROBUST,False
85027,0.40988943732182415,0.0,8.096878370057738,WATCH,MONITOR,-10.0,ROBUST,False
85029,0.305542943707649,0.0,13.774689605110144,WATCH,MONITOR,-10.0,ROBUST,False
85030,0.10422684910977718,0.0,12.392767624954505,LOW_RISK,NO_ACTION,0.0,ROBUST,False
85031,0.36940661098884364,0.0,12.022333204012591,WATCH,MONITOR,-10.0,ROBUST,False
85032,0.26947607146419883,0.0,10.803181313502913,LOW_RISK,NO_ACTION,0.0,ROBUST,False
85035,0.3043409459855192,0.0,10.189643460991862,WATCH,MONITOR,-10.0,ROBUST,False
85036,0.18564649736517425,0.0,13.96530978393384,LOW_RISK,NO_ACTION,0.0,ROBUST,False
85037,0.32071289135764147,0.0,14.309895165881722,WATCH,MONITOR,-10.0,ROBUST,False
85038,0.4916612959005955,0.0,10.953980452014958,WATCH,MONITOR,-10.0,ROBUST,False
85039,0.12937787640230458,0.0,10.269528993563922,LOW_RISK,NO_ACTION,0.0,ROBUST,False
85041,0.21356695986577226,0.0,8.604396050072083,LOW_RISK,NO_ACTION,0.0,ROBUST,False
85042,0.19719903714433193,0.0,9.82186417960255,LOW_RISK,NO_ACTION,0.0,ROBUST,False
85043,0.19941972430047183,0.0,9.19450769399281,LOW_RISK,NO_ACTION,0.0,ROBUST,False
85044,0.6578518826826737,8.69254716509533,13.085244932934916,HIGH_RISK,HUMAN_REVIEW,-50.0,ROBUST,True
85045,0.6573316868073434,10.033666205430068,12.182161539983605,HIGH_RISK,TRANSPORT_MODE_REVIEW,350.03654648462,ROBUST,True
85047,0.465143475985755,0.0,11.967474535354775,WATCH,MONITOR,-10.0,ROBUST,False
85048,0.679676279492208,9.855638842959909,10.616514808373473,HIGH_RISK,EXPEDITE,250.05308257404158,SENSITIVE,True
85051,0.3171799751792451,0.0,14.110904814922879,WATCH,MONITOR,-10.0,ROBUST,False
85064,0.3547595888661922,0.0,4.707726774313183,WATCH,MONITOR,-10.0,ROBUST,False
85065,0.308730989745538,0.0,5.673323267171493,WATCH,MONITOR,-10.0,ROBUST,False
85066,0.27363055767876787,0.0,5.041617031704984,LOW_RISK,NO_ACTION,0.0,ROBUST,False
85067,0.17679020234369514,0.0,5.3558312727486435,LOW_RISK,NO_ACTION,0.0,ROBUST,False
85068,0.8795194274261474,4.184788057874171,9.071193240566025,CRITICAL,TRANSPORT_MODE_REVIEW,350.0272135797217,ROBUST,True
85069,0.26048593108453155,0.0,6.8794792536304,LOW_RISK,NO_ACTION,0.0,ROBUST,False
85070,0.4182253450009079,0.0,12.79968773655393,WATCH,MONITOR,-10.0,ROBUST,False
85071,0.6448198165361316,1.035240977727081,11.358386376388722,HIGH_RISK,HUMAN_REVIEW,-50.0,SENSITIVE,True
85072,0.1535994724822683,0.0,9.05624235742875,LOW_RISK,NO_ACTION,0.0,ROBUST,False
85073,0.13540762102522705,0.0,9.108604390860876,LOW_RISK,NO_ACTION,0.0,ROBUST,False
85074,0.8702280487352198,1.0563976464504623,8.950994348034714,CRITICAL,TRANSPORT_MODE_REVIEW,58.469102776932004,SENSITIVE,True
85075,0.3142033555857991,0.0,11.711784520403112,WATCH,MONITOR,-10.0,ROBUST,False
85076,0.7150702173021877,2.374458624690994,10.27163147557801,HIGH_RISK,TRANSPORT_MODE_REVIEW,256.1931832675959,ROBUST,True
85077,0.12326044822656046,0.0,9.69110464724541,LOW_RISK,NO_ACTION,0.0,ROBUST,False
85078,0.3106062466086521,0.0,6.879396955877082,WATCH,MONITOR,-10.0,ROBUST,False
85079,0.31577060583049454,0.0,7.156395022369249,WATCH,MONITOR,-10.0,ROBUST,False
85080,0.44428081301685995,0.0,9.90353755128617,WATCH,MONITOR,-10.0,ROBUST,False
85081,0.13904399929188302,0.0,13.02785267793042,LOW_RISK,NO_ACTION,0.0,ROBUST,False
85082,0.19617822547036373,0.0,10.239995502805316,LOW_RISK,NO_ACTION,0.0,ROBUST,False
85084,0.26261532555480527,0.0,11.947278341165381,LOW_RISK,NO_ACTION,0.0,ROBUST,False
85085,0.4463365901679769,0.0,6.304448802421981,WATCH,MONITOR,-10.0,ROBUST,False
85086,0.47555332602822686,0.0,12.400832195454004,WATCH,MONITOR,-10.0,ROBUST,False
85087,0.49708984783745114,0.0,12.318285708762225,WATCH,MONITOR,-10.0,ROBUST,False
85088,0.48367739458340864,0.0,10.202201548926158,WATCH,MONITOR,-10.0,ROBUST,False
85089,0.10237670233774177,0.0,12.041675482667685,LOW_RISK,NO_ACTION,0.0,ROBUST,False
85090,0.11908333658154882,0.0,9.184817414745098,LOW_RISK,NO_ACTION,0.0,ROBUST,False
85091,0.15904272766303548,0.0,12.295690381347166,LOW_RISK,NO_ACTION,0.0,ROBUST,False
85092,0.23954483870810928,0.0,8.210966899540852,LOW_RISK,NO_ACTION,0.0,ROBUST,False
85093,0.43196721239478353,0.0,5.027689048662084,WATCH,MONITOR,-10.0,ROBUST,False
85094,0.4570624781341922,0.0,11.827419439316904,WATCH,MONITOR,-10.0,ROBUST,False
85095,0.17473376251783324,0.0,11.628047184686986,LOW_RISK,NO_ACTION,0.0,ROBUST,False
85096,0.3478656606478835,0.0,8.322029526608985,WATCH,MONITOR,-10.0,ROBUST,False
85097,0.46694479402611067,0.0,12.737098758611223,WATCH,MONITOR,-10.0,ROBUST,False
85098,0.28549269437252833,0.0,9.703877405604631,LOW_RISK,NO_ACTION,0.0,ROBUST,False
85099,0.1414174287811136,0.0,12.926959012669705,LOW_RISK,NO_ACTION,0.0,ROBUST,False
85100,0.28312546003385,0.0,10.241137666615815,LOW_RISK,NO_ACTION,0.0,ROBUST,False
85101,0.2503179609152229,0.0,10.513280297700861,LOW_RISK,NO_ACTION,0.0,ROBUST,False
85102,0.3310631984264028,0.0,5.476463551931511,WATCH,MONITOR,-10.0,ROBUST,False
85103,0.27546347376284147,0.0,9.548026157663058,LOW_RISK,NO_ACTION,0.0,ROBUST,False
85104,0.10693837074148718,0.0,9.718723014091033,LOW_RISK,NO_ACTION,0.0,ROBUST,False
85105,0.4975990933654685,0.0,6.795705775173514,WATCH,MONITOR,-10.0,ROBUST,False
85106,0.31741609509222835,0.0,8.83579236650274,WATCH,MONITOR,-10.0,ROBUST,False
85107,0.2894523021938438,0.0,13.132117649435262,LOW_RISK,NO_ACTION,0.0,ROBUST,False
85108,0.4818469486016216,0.0,11.498025002406266,WATCH,MONITOR,-10.0,ROBUST,False
85109,0.16234414703483085,0.0,7.843299467778179,LOW_RISK,NO_ACTION,0.0,ROBUST,False
85110,0.1756950410180993,0.0,12.158671765857967,LOW_RISK,NO_ACTION,0.0,ROBUST,False
85111,0.42320589962511346,0.0,10.687411927154141,WATCH,MONITOR,-10.0,ROBUST,False
85112,0.2043324320100035,0.0,9.721274789823882,LOW_RISK,NO_ACTION,0.0,ROBUST,False
85113,0.4196908425166108,0.0,10.03153066204946,WATCH,MONITOR,-10.0,ROBUST,False
85114,0.20861339316340102,0.0,11.950218643242945,LOW_RISK,NO_ACTION,0.0,ROBUST,False
85115,0.1132750520900006,0.0,10.37721050651053,LOW_RISK,NO_ACTION,0.0,ROBUST,False
85116,0.3068058895546864,0.0,9.591581091193483,WATCH,MONITOR,-10.0,ROBUST,False
85117,0.17867457365074457,0.0,8.48237397743796,LOW_RISK,NO_ACTION,0.0,ROBUST,False
85118,0.8842870975562002,8.341940874493009,9.896090259905653,CRITICAL,SUPPLIER_ESCALATION,200.01979218051997,ROBUST,True
85119,0.35647985329285925,0.0,9.379519274537154,WATCH,MONITOR,-10.0,ROBUST,False
85120,0.4694410671911672,0.0,6.581637252040098,WATCH,MONITOR,-10.0,ROBUST,False
85121,0.41319534290629434,0.0,9.777130363659605,WATCH,MONITOR,-10.0,ROBUST,False
85122,0.17231038193629072,0.0,14.249247997151752,LOW_RISK,NO_ACTION,0.0,ROBUST,False
85123,0.4200632946659185,0.0,8.828494129466652,WATCH,MONITOR,-10.0,ROBUST,False
85124,0.3566948179256093,0.0,11.473084967790502,WATCH,MONITOR,-10.0,ROBUST,False
85125,0.36758065670425,0.0,10.907807476583594,WATCH,MONITOR,-10.0,ROBUST,False
85126,0.43290515438805954,0.0,10.043292972227004,WATCH,MONITOR,-10.0,ROBUST,False
85127,0.32952962767557614,0.0,12.86290168439768,WATCH,MONITOR,-10.0,ROBUST,False
85128,0.2864014057412052,0.0,13.017005083966255,LOW_RISK,NO_ACTION,0.0,ROBUST,False
85129,0.35465641414349125,0.0,12.206077645517674,WATCH,MONITOR,-10.0,ROBUST,False
85130,0.21918297158334366,0.0,10.287933293420217,LOW_RISK,NO_ACTION,0.0,ROBUST,False
85131,0.17303885243483974,0.0,11.786008995353765,LOW_RISK,NO_ACTION,0.0,ROBUST,False
85132,0.34663513522849854,0.0,9.395491255780296,WATCH,MONITOR,-10.0,ROBUST,False
85133,0.1935393476341911,0.0,9.499346567390095,LOW_RISK,NO_ACTION,0.0,ROBUST,False
85134,0.1319660437386427,0.0,9.010791269515602,LOW_RISK,NO_ACTION,0.0,ROBUST,False
85135,0.7421319877543269,0.9349523381932583,10.934908916663861,HIGH_RISK,TRANSPORT_MODE_REVIEW,40.253074347648294,SENSITIVE,True
85136,0.734031647651882,8.100377164228284,10.470249176632354,HIGH_RISK,SUPPLIER_ESCALATION,200.0209404983533,ROBUST,True
85137,0.24485951339209475,0.0,10.580030645015116,LOW_RISK,NO_ACTION,0.0,ROBUST,False
85138,0.40092438826938237,0.0,7.277579392425961,WATCH,MONITOR,-10.0,ROBUST,False
85139,0.250070559325241,0.0,10.757924157061597,LOW_RISK,NO_ACTION,0.0,ROBUST,False
85140,0.7622296893901629,5.010883313435609,11.26547641362791,HIGH_RISK,SUPPLIER_ESCALATION,200.0225309528272,ROBUST,True
85141,0.8031902059006979,5.203271471646673,9.112734158302297,HIGH_RISK,TRANSPORT_MODE_REVIEW,350.02733820247494,ROBUST,True
85142,0.3602299164437385,0.0,10.535090391592119,WATCH,MONITOR,-10.0,ROBUST,False
85143,0.2424556648059873,0.0,7.996030995548864,LOW_RISK,NO_ACTION,0.0,ROBUST,False
85144,0.48550705997692356,0.0,13.203796256802766,WATCH,MONITOR,-10.0,ROBUST,False
85145,0.4744587946394121,0.0,12.747879796847993,WATCH,MONITOR,-10.0,ROBUST,False
85146,0.4392111610629126,0.0,12.700515501608285,WATCH,MONITOR,-10.0,ROBUST,False
85147,0.4681201082290992,0.0,9.637723515385277,WATCH,MONITOR,-10.0,ROBUST,False
85148,0.2796558753837564,0.0,12.037364011035839,LOW_RISK,NO_ACTION,0.0,ROBUST,False
85149,0.31457215871579686,0.0,14.097578198950563,WATCH,MONITOR,-10.0,ROBUST,False
85150,0.8527663504395544,6.006141794243994,13.019290465407108,CRITICAL,EXPEDITE,250.06509645232688,SENSITIVE,True
85151,0.3784583699754165,0.0,12.743575973702026,WATCH,MONITOR,-10.0,ROBUST,False
85152,0.7981409164093294,4.724519547097818,12.565497305532237,HIGH_RISK,TRANSPORT_MODE_REVIEW,350.03769649191656,ROBUST,True
85153,0.7412449258097694,13.65006889540344,6.698268054115413,HIGH_RISK,HUMAN_REVIEW,-49.99999999999977,ROBUST,True
85154,0.6596789339385115,5.434410959788877,12.122023966323129,HIGH_RISK,HUMAN_REVIEW,-50.0,ROBUST,True
85155,0.7805059825861396,4.862473982781214,11.49686975918798,HIGH_RISK,TRANSPORT_MODE_REVIEW,350.0344906092775,ROBUST,True
85156,0.4331990968957672,0.0,12.896719202134523,WATCH,MONITOR,-10.0,ROBUST,False
85157,0.7240027379613576,20.11059079959076,9.946427303027384,HIGH_RISK,TRANSPORT_MODE_REVIEW,350.02983928190906,ROBUST,True
85158,0.7639844818991013,20.002624538853745,12.236034279245583,HIGH_RISK,HUMAN_REVIEW,-50.0,ROBUST,True
85159,0.7308140922355737,3.376684218341333,13.268299265173605,HIGH_RISK,EXPEDITE,6.5474356079329254,SENSITIVE,True
85160,0.41424071696920906,0.0,9.623552725860742,WATCH,MONITOR,-10.0,ROBUST,False
85161,0.8483774863635938,15.159710512261382,10.242267125209032,HIGH_RISK,HUMAN_REVIEW,-50.0,ROBUST,True
85162,0.8313729222099534,22.93288225250854,12.984101729025092,HIGH_RISK,HUMAN_REVIEW,-50.0,ROBUST,True
85163,0.3501987348466816,0.0,13.319087385842057,WATCH,MONITOR,-10.0,ROBUST,False
85164,0.6582386311337917,6.891088918561458,12.509305857261776,HIGH_RISK,HUMAN_REVIEW,-50.0,ROBUST,True
85165,0.7609822527791323,10.118741285331499,7.015730373647435,HIGH_RISK,HUMAN_REVIEW,-50.0,ROBUST,True
85167,0.8804466121331405,18.077285570108444,9.093750374366808,CRITICAL,HUMAN_REVIEW,-50.0,ROBUST,True
85168,0.1913280695187771,0.0,9.48440514846878,LOW_RISK,NO_ACTION,0.0,ROBUST,False
85169,0.252743050088733,0.0,11.550626755154074,LOW_RISK,NO_ACTION,0.0,ROBUST,False
85171,0.36153535592665054,0.0,8.097754911670451,WATCH,MONITOR,-10.0,ROBUST,False
85172,0.13043574853983053,0.0,13.314519680814096,LOW_RISK,NO_ACTION,0.0,ROBUST,False
85173,0.34144076808849505,0.0,5.638354669333745,WATCH,MONITOR,-10.0,ROBUST,False
85174,0.6472114750049731,10.810986297956307,10.344271540768647,HIGH_RISK,TRANSPORT_MODE_REVIEW,350.0310328146222,ROBUST,True
85175,0.6093204390733369,11.860000837906878,11.913511757656458,HIGH_RISK,SUPPLIER_ESCALATION,200.0238270235152,ROBUST,True
85176,0.12706941466319335,0.0,9.781050955841017,LOW_RISK,NO_ACTION,0.0,ROBUST,False
85177,0.672213775699052,23.165433129874554,8.471844299272256,HIGH_RISK,TRANSPORT_MODE_REVIEW,350.025415532898,ROBUST,True
85178,0.6719846711170894,22.34487966235828,10.538979136857908,HIGH_RISK,TRANSPORT_MODE_REVIEW,350.03161693741094,ROBUST,True
85179,0.6250137161306278,18.92544332899649,10.869384496474423,HIGH_RISK,TRANSPORT_MODE_REVIEW,350.0326081534895,ROBUST,True
85180,0.1049664356677694,0.0,8.722351982112949,LOW_RISK,NO_ACTION,0.0,ROBUST,False
85181,0.7739211344819316,1.0179340618755977,10.311226407055956,HIGH_RISK,TRANSPORT_MODE_REVIEW,52.70060542991911,SENSITIVE,True
85183,0.8001110571376062,49.57259338150994,12.886980530554935,HIGH_RISK,HUMAN_REVIEW,-50.0,ROBUST,True
85184,0.8734730661789158,12.306003082926571,12.177678315028167,CRITICAL,EXPEDITE,250.0608883915752,SENSITIVE,True
85185,0.7036860506702368,10.72835677118872,10.033384912555524,HIGH_RISK,SUPPLIER_ESCALATION,200.02006676982523,ROBUST,True
85186,0.40292223813395023,0.0,9.429475901892854,WATCH,MONITOR,-10.0,ROBUST,False
85187,0.6116398364186663,67.27407729909173,8.971551315547257,HIGH_RISK,HUMAN_REVIEW,-50.0,ROBUST,True
85188,0.6560317584693388,29.806635663414987,13.238803289251399,HIGH_RISK,HUMAN_REVIEW,-50.0,ROBUST,True
85189,0.8493737415269828,17.990237304985946,9.888932134526929,HIGH_RISK,SUPPLIER_ESCALATION,200.01977786426914,ROBUST,True
85190,0.1202405548487219,0.0,12.242309295407384,LOW_RISK,NO_ACTION,0.0,ROBUST,False
85191,0.4570045676376606,0.0,10.665875307235522,WATCH,MONITOR,-10.0,ROBUST,False
85192,0.1908127337129075,0.0,6.447305862541213,LOW_RISK,NO_ACTION,0.0,ROBUST,False
85193,0.7600663300660738,19.125790029798054,11.15723403722085,HIGH_RISK,TRANSPORT_MODE_REVIEW,350.0334717021119,ROBUST,True
85194,0.35771526261111153,0.0,6.3784261836515865,WATCH,MONITOR,-10.0,ROBUST,False
85195,0.16745128435403817,0.0,9.766986039180951,LOW_RISK,NO_ACTION,0.0,ROBUST,False
85196,0.4904925026803898,0.0,8.707152175339404,WATCH,MONITOR,-10.0,ROBUST,False
85198,0.29526238243492364,0.0,12.467322212029588,LOW_RISK,NO_ACTION,0.0,ROBUST,False
85200,0.8417717527600324,6.401424682871999,10.812489384804964,HIGH_RISK,HUMAN_REVIEW,-50.0,ROBUST,True
85201,0.47490481791113615,0.0,7.159330784290581,WATCH,MONITOR,-10.0,ROBUST,False
85202,0.33450713727730724,0.0,11.131471176108557,WATCH,MONITOR,-10.0,ROBUST,False
85203,0.7512790382379094,6.884453315982878,11.571156636533132,HIGH_RISK,EXPEDITE,250.05785578318273,SENSITIVE,True
85204,0.3100703159736896,0.0,9.220389707829185,WATCH,MONITOR,-10.0,ROBUST,False
85205,0.433895181910787,0.0,9.969072088908964,WATCH,MONITOR,-10.0,ROBUST,False
85206,0.11325338487728437,0.0,11.774878875818159,LOW_RISK,NO_ACTION,0.0,ROBUST,False
85207,0.20735134611085912,0.0,8.13098350208945,LOW_RISK,NO_ACTION,0.0,ROBUST,False
85208,0.2878593425610769,0.0,10.651264953747189,LOW_RISK,NO_ACTION,0.0,ROBUST,False
85209,0.13064144652548404,0.0,8.294299608857235,LOW_RISK,NO_ACTION,0.0,ROBUST,False
85210,0.3823626677306633,0.0,8.568076401730806,WATCH,MONITOR,-10.0,ROBUST,False
85211,0.2574653656222563,0.0,10.487941447703545,LOW_RISK,NO_ACTION,0.0,ROBUST,False
85212,0.20906719610725763,0.0,8.962007209588313,LOW_RISK,NO_ACTION,0.0,ROBUST,False
85213,0.10135153872336491,0.0,6.450154416453444,LOW_RISK,NO_ACTION,0.0,ROBUST,False
85214,0.7480024764157142,2.377745662373408,9.53057796561092,HIGH_RISK,TRANSPORT_MODE_REVIEW,256.68451064642886,ROBUST,True
85215,0.4335237235491447,0.0,14.192665186218855,WATCH,MONITOR,-10.0,ROBUST,False
85216,0.25801621427259935,0.0,11.545735287593223,LOW_RISK,NO_ACTION,0.0,ROBUST,False
85217,0.3256871908133462,0.0,11.465863207110495,WATCH,MONITOR,-10.0,ROBUST,False
85219,0.19107465037183938,0.0,6.266061380011108,LOW_RISK,NO_ACTION,0.0,ROBUST,False
85220,0.34887905851205325,0.0,9.036106025364846,WATCH,MONITOR,-10.0,ROBUST,False
85221,0.10485498332608022,0.0,7.9355873855892,LOW_RISK,NO_ACTION,0.0,ROBUST,False
85222,0.2954575588395034,0.0,5.520300244541494,LOW_RISK,NO_ACTION,0.0,ROBUST,False
85223,0.3576821927362769,0.0,5.719196400708555,WATCH,MONITOR,-10.0,ROBUST,False
85224,0.4672767092918936,0.0,6.940222469119639,WATCH,MONITOR,-10.0,ROBUST,False
85226,0.25253432684891375,0.0,6.806663417420864,LOW_RISK,NO_ACTION,0.0,ROBUST,False
85227,0.4060760811924119,0.0,7.098375638590786,WATCH,MONITOR,-10.0,ROBUST,False
85228,0.7345897774853203,27.184357644337705,5.688499617791684,HIGH_RISK,SUPPLIER_ESCALATION,200.01137699923584,ROBUST,True
85229,0.7613076385772914,25.611484521720104,4.758062932091234,HIGH_RISK,TRANSPORT_MODE_REVIEW,350.01427418879666,ROBUST,True
85230,0.7990874162301899,6.935211617015568,6.604079316776007,HIGH_RISK,HUMAN_REVIEW,-50.0,ROBUST,True
85232,0.8351915551516769,9.19318872999335,11.313218860178837,HIGH_RISK,HUMAN_REVIEW,-50.0,ROBUST,True
85233,0.45485679947765756,0.0,11.171583229129611,WATCH,MONITOR,-10.0,ROBUST,False
85234,0.11969776056331566,0.0,5.142189733836557,LOW_RISK,NO_ACTION,0.0,ROBUST,False
85235,0.6451832859205557,11.973228777231192,10.401790088746814,HIGH_RISK,EXPEDITE,250.05200895044368,SENSITIVE,True
85236,0.1329617738336178,0.0,10.963786849280693,LOW_RISK,NO_ACTION,0.0,ROBUST,False
85237,0.4372439826305611,0.0,12.186740375598623,WATCH,MONITOR,-10.0,ROBUST,False
85238,0.10424296934812777,0.0,12.530338688752543,LOW_RISK,NO_ACTION,0.0,ROBUST,False
85239,0.44466286219881923,0.0,9.515771493987792,WATCH,MONITOR,-10.0,ROBUST,False
85240,0.2805071181485067,0.0,9.711176264112805,LOW_RISK,NO_ACTION,0.0,ROBUST,False
85241,0.1016101115415883,0.0,10.724111300959107,LOW_RISK,NO_ACTION,0.0,ROBUST,False
85242,0.26065807088481674,0.0,10.776129381279722,LOW_RISK,NO_ACTION,0.0,ROBUST,False
85243,0.17472033641801424,0.0,13.10624517427375,LOW_RISK,NO_ACTION,0.0,ROBUST,False
85244,0.8789611446881638,7.590174257705133,8.999446486215888,CRITICAL,HUMAN_REVIEW,-50.0,ROBUST,True
85245,0.3717435159686586,0.0,10.05195066017375,WATCH,MONITOR,-10.0,ROBUST,False
85246,0.295011028162,0.0,11.93648062364071,LOW_RISK,NO_ACTION,0.0,ROBUST,False
85247,0.116207810175868,0.0,13.07052163791141,LOW_RISK,NO_ACTION,0.0,ROBUST,False
85248,0.3624515217468808,0.0,9.956720215132854,WATCH,MONITOR,-10.0,ROBUST,False
85249,0.4368155134422085,0.0,11.852129680621672,WATCH,MONITOR,-10.0,ROBUST,False
85250,0.3881297109305606,0.0,12.29888425195266,WATCH,MONITOR,-10.0,ROBUST,False
85251,0.8732472660991188,3.2849717662787863,10.130785661710885,CRITICAL,TRANSPORT_MODE_REVIEW,350.03039235698515,ROBUST,True
85252,0.8829930335622449,23.13388368846235,12.853548592994533,CRITICAL,SUPPLIER_ESCALATION,200.0257070971861,ROBUST,True
85253,0.4555551758625931,0.0,13.558346051294324,WATCH,MONITOR,-10.0,ROBUST,False
85254,0.22887738025918514,0.0,13.769975578926259,LOW_RISK,NO_ACTION,0.0,ROBUST,False
85255,0.10536192570079642,0.0,13.017029794717141,LOW_RISK,NO_ACTION,0.0,ROBUST,False
85256,0.4373566585316283,0.0,15.092949971671935,WATCH,MONITOR,-10.0,ROBUST,False
85257,0.4767285075858907,0.0,7.759038046214026,WATCH,MONITOR,-10.0,ROBUST,False
85258,0.3622232789669395,0.0,8.912742634737025,WATCH,MONITOR,-10.0,ROBUST,False
85259,0.19257465218536987,0.0,7.613324979540639,LOW_RISK,NO_ACTION,0.0,ROBUST,False
85260,0.20069778571301217,0.0,12.300601611175255,LOW_RISK,NO_ACTION,0.0,ROBUST,False
85261,0.2866371493742478,0.0,11.181356149364419,LOW_RISK,NO_ACTION,0.0,ROBUST,False
85262,0.45913243184056785,0.0,10.503724171902725,WATCH,MONITOR,-10.0,ROBUST,False
85263,0.15983906245902335,0.0,12.550166194600406,LOW_RISK,NO_ACTION,0.0,ROBUST,False
85264,0.7869517273596562,2.933002537047366,11.492669695020423,HIGH_RISK,SUPPLIER_ESCALATION,200.0229853393901,ROBUST,True
85265,0.21652112348206015,0.0,9.956720215132854,LOW_RISK,NO_ACTION,0.0,ROBUST,False
85266,0.4234344677716392,0.0,11.687697428499687,WATCH,MONITOR,-10.0,ROBUST,False
85267,0.4681084790406155,0.0,7.982416346827733,WATCH,MONITOR,-10.0,ROBUST,False
85268,0.2709975487977281,0.0,9.32404398698826,LOW_RISK,NO_ACTION,0.0,ROBUST,False
85269,0.24602026164221236,0.0,11.451911392327665,LOW_RISK,NO_ACTION,0.0,ROBUST,False
85270,0.4208885275885207,0.0,6.055612366931734,WATCH,MONITOR,-10.0,ROBUST,False
85271,0.3117931529517576,0.0,13.003355582035873,WATCH,MONITOR,-10.0,ROBUST,False
85272,0.3737796193852788,0.0,10.74937727911096,WATCH,MONITOR,-10.0,ROBUST,False
85273,0.3491316947844718,0.0,11.948777123256956,WATCH,MONITOR,-10.0,ROBUST,False
85274,0.7298301245124581,3.173342836997688,9.647885373547759,HIGH_RISK,SUPPLIER_ESCALATION,200.01929577074708,ROBUST,True
85275,0.4379161441158247,0.0,10.918736348043124,WATCH,MONITOR,-10.0,ROBUST,False
85276,0.7944306381783215,9.932581509309209,11.383283641013712,HIGH_RISK,HUMAN_REVIEW,-50.0,ROBUST,True
85277,0.47291285762831237,0.0,7.442234927412238,WATCH,MONITOR,-10.0,ROBUST,False
85278,0.20022851656885915,0.0,11.103133308677277,LOW_RISK,NO_ACTION,0.0,ROBUST,False
85279,0.39355238930949676,0.0,7.52428056089064,WATCH,MONITOR,-10.0,ROBUST,False
85280,0.21386215739743683,0.0,12.239249748189357,LOW_RISK,NO_ACTION,0.0,ROBUST,False
85281,0.6257382854698468,0.8296125149623654,12.782064805690865,HIGH_RISK,TRANSPORT_MODE_REVIEW,24.452481405284672,SENSITIVE,True
85282,0.22400074111292212,0.0,8.936035096566041,LOW_RISK,NO_ACTION,0.0,ROBUST,False
85283,0.3991569016104334,0.0,11.569671704989329,WATCH,MONITOR,-10.0,ROBUST,False
85284,0.3227260471877572,0.0,12.19853248986994,WATCH,MONITOR,-10.0,ROBUST,False
85287,0.45318098233899884,0.0,10.23311498829311,WATCH,MONITOR,-10.0,ROBUST,False
85288,0.22294908768161795,0.0,12.3185879644301,LOW_RISK,NO_ACTION,0.0,ROBUST,False
85289,0.37679700882269773,0.0,10.325893681106493,WATCH,MONITOR,-10.0,ROBUST,False
85291,0.4011794398652443,0.0,10.18608647765678,WATCH,MONITOR,-10.0,ROBUST,False
85292,0.16059284521198328,0.0,11.103133308677277,LOW_RISK,NO_ACTION,0.0,ROBUST,False
85293,0.2602357429279245,0.0,3.5263605246161616,LOW_RISK,NO_ACTION,0.0,ROBUST,False
85294,0.2931269977401645,0.0,6.645870899351497,LOW_RISK,NO_ACTION,0.0,ROBUST,False
85295,0.24227495595774973,0.0,9.32085438552278,LOW_RISK,NO_ACTION,0.0,ROBUST,False
85296,0.22884503838765524,0.0,6.332568896055757,LOW_RISK,NO_ACTION,0.0,ROBUST,False
85297,0.3745679575990568,0.0,8.259220071745142,WATCH,MONITOR,-10.0,ROBUST,False
85298,0.18634655906379544,0.0,7.601527264310924,LOW_RISK,NO_ACTION,0.0,ROBUST,False
85299,0.38375629810045153,0.0,6.90875477931522,WATCH,MONITOR,-10.0,ROBUST,False
85300,0.4740176785562923,0.0,11.111788576590646,WATCH,MONITOR,-10.0,ROBUST,False
85301,0.3260790084711005,0.0,10.242990904966533,WATCH,MONITOR,-10.0,ROBUST,False
85302,0.34457369469578963,0.0,10.917555600148576,WATCH,MONITOR,-10.0,ROBUST,False
85303,0.12757308084963564,0.0,11.066113849809158,LOW_RISK,NO_ACTION,0.0,ROBUST,False
85304,0.7247740962892528,13.864564151675456,12.191288902537424,HIGH_RISK,HUMAN_REVIEW,-50.0,ROBUST,True
85305,0.21417911487994623,0.0,6.588926477533519,LOW_RISK,NO_ACTION,0.0,ROBUST,False
85306,0.34602046621142596,0.0,11.06141662778472,WATCH,MONITOR,-10.0,ROBUST,False
85307,0.49164486789792095,0.0,12.054506456361183,WATCH,MONITOR,-10.0,ROBUST,False
85308,0.3382010402291231,0.0,9.855447906657371,WATCH,MONITOR,-10.0,ROBUST,False
85309,0.3898837949857511,0.0,12.036259767985925,WATCH,MONITOR,-10.0,ROBUST,False
85310,0.2781278472895008,0.0,12.22915870000419,LOW_RISK,NO_ACTION,0.0,ROBUST,False
85311,0.12414633740602295,0.0,11.365436546256447,LOW_RISK,NO_ACTION,0.0,ROBUST,False
85312,0.41903973979591547,0.0,11.711784520403112,WATCH,MONITOR,-10.0,ROBUST,False
85313,0.11399953650559427,0.0,11.40232725651614,LOW_RISK,NO_ACTION,0.0,ROBUST,False
85314,0.3802631315551417,0.0,14.140986629180823,WATCH,MONITOR,-10.0,ROBUST,False
85315,0.10916862925985478,0.0,10.63902829206176,LOW_RISK,NO_ACTION,0.0,ROBUST,False
85316,0.44492209463066823,0.0,7.54600266956042,WATCH,MONITOR,-10.0,ROBUST,False
85317,0.16305441433319223,0.0,10.790868391581478,LOW_RISK,NO_ACTION,0.0,ROBUST,False
85318,0.30570859817702045,0.0,11.783083280667384,WATCH,MONITOR,-10.0,ROBUST,False
85319,0.33886028179325894,0.0,8.434672081706724,WATCH,MONITOR,-10.0,ROBUST,False
85320,0.2830181629493649,0.0,9.63735820904576,LOW_RISK,NO_ACTION,0.0,ROBUST,False
85321,0.2363053957395549,0.0,13.612780354281355,LOW_RISK,NO_ACTION,0.0,ROBUST,False
85323,0.28712571847238866,0.0,7.605790493614858,LOW_RISK,NO_ACTION,0.0,ROBUST,False
85324,0.2245663015524635,0.0,9.521996506239619,LOW_RISK,NO_ACTION,0.0,ROBUST,False
85325,0.27524893883234525,0.0,5.975589197949692,LOW_RISK,NO_ACTION,0.0,ROBUST,False
85326,0.24356519639921226,0.0,12.6704339492531,LOW_RISK,NO_ACTION,0.0,ROBUST,False
85328,0.32648192940285814,0.0,12.017839449378258,WATCH,MONITOR,-10.0,ROBUST,False
85330,0.1951696648979934,0.0,7.973300150746028,LOW_RISK,NO_ACTION,0.0,ROBUST,False
85331,0.6486550117223632,133.2553407515458,9.150900298305494,HIGH_RISK,HUMAN_REVIEW,-50.0,ROBUST,True
85332,0.3003479813528662,0.0,12.089912018057591,WATCH,MONITOR,-10.0,ROBUST,False
85333,0.17766483096580388,0.0,9.333318777186546,LOW_RISK,NO_ACTION,0.0,ROBUST,False
85334,0.290826699826909,0.0,8.829846861928567,LOW_RISK,NO_ACTION,0.0,ROBUST,False
85335,0.4465660518099297,0.0,9.588845298501564,WATCH,MONITOR,-10.0,ROBUST,False
85336,0.10872271724975824,0.0,6.024657514463746,LOW_RISK,NO_ACTION,0.0,ROBUST,False
85337,0.3718216476429156,0.0,12.86594842065817,WATCH,MONITOR,-10.0,ROBUST,False
85338,0.3191871187175712,0.0,9.786869463066367,WATCH,MONITOR,-10.0,ROBUST,False
85340,0.1678231977480542,0.0,11.124332223082254,LOW_RISK,NO_ACTION,0.0,ROBUST,False
85341,0.4269905757219683,0.0,6.960072548927726,WATCH,MONITOR,-10.0,ROBUST,False
85342,0.24755384894960228,0.0,8.172302821527401,LOW_RISK,NO_ACTION,0.0,ROBUST,False
85343,0.21752081152620298,0.0,8.477100097849792,LOW_RISK,NO_ACTION,0.0,ROBUST,False
85345,0.8159878618108438,3.266211299706288,8.971715094811264,HIGH_RISK,TRANSPORT_MODE_REVIEW,350.0269151452844,ROBUST,True
85346,0.8261441138935107,8.042752508486398,13.351355679381998,HIGH_RISK,SUPPLIER_ESCALATION,200.0267027113589,ROBUST,True
85347,0.665717751917965,2.379979650082328,12.969214528909768,HIGH_RISK,TRANSPORT_MODE_REVIEW,257.02781397900554,ROBUST,True
85348,0.7329119929905482,1.0659187964121832,6.727072378856691,HIGH_RISK,TRANSPORT_MODE_REVIEW,59.894989974720914,SENSITIVE,True
85349,0.39632706317284616,0.0,12.16148753770562,WATCH,MONITOR,-10.0,ROBUST,False
85350,0.8309920854619803,7.76709837199266,11.165458709521285,HIGH_RISK,HUMAN_REVIEW,-50.0,ROBUST,True
85351,0.12189585436397476,0.0,8.987221820349479,LOW_RISK,NO_ACTION,0.0,ROBUST,False
85352,0.8887095949363586,23.379579577732876,10.565556777525211,CRITICAL,TRANSPORT_MODE_REVIEW,350.0316966703326,ROBUST,True
85353,0.34548259273983073,0.0,6.925595197110468,WATCH,MONITOR,-10.0,ROBUST,False
85354,0.1278031186060773,0.0,11.326089252437132,LOW_RISK,NO_ACTION,0.0,ROBUST,False
85355,0.30343116874748605,0.0,13.287463967546628,WATCH,MONITOR,-10.0,ROBUST,False
85356,0.13298323119358157,0.0,9.506404219007019,LOW_RISK,NO_ACTION,0.0,ROBUST,False
85357,0.39437888068928895,0.0,11.74893785642043,WATCH,MONITOR,-10.0,ROBUST,False
85358,0.6943302317434216,4.652264654032331,10.226150593883155,HIGH_RISK,EXPEDITE,197.88727286380447,SENSITIVE,True
85359,0.481429414964919,0.0,10.099224962969876,WATCH,MONITOR,-10.0,ROBUST,False
85360,0.17325414862870794,0.0,13.557531484476932,LOW_RISK,NO_ACTION,0.0,ROBUST,False
85361,0.3424133810081514,0.0,9.987737704182738,WATCH,MONITOR,-10.0,ROBUST,False
85362,0.18463285382819655,0.0,8.748463629942055,LOW_RISK,NO_ACTION,0.0,ROBUST,False
85363,0.3456259938909594,0.0,12.495429165312235,WATCH,MONITOR,-10.0,ROBUST,False
85365,0.38905988094434263,0.0,11.772215778919925,WATCH,MONITOR,-10.0,ROBUST,False
85367,0.38892173173181543,0.0,13.380789126863105,WATCH,MONITOR,-10.0,ROBUST,False
85368,0.42602959627304393,0.0,12.969214528909768,WATCH,MONITOR,-10.0,ROBUST,False
85369,0.4414200911833267,0.0,8.467212719111071,WATCH,MONITOR,-10.0,ROBUST,False
85370,0.13090869050687082,0.0,12.20507715018907,LOW_RISK,NO_ACTION,0.0,ROBUST,False
85371,0.6725293522439044,12.01595702578605,13.454656206743199,HIGH_RISK,TRANSPORT_MODE_REVIEW,350.04036396862034,ROBUST,True
85373,0.3748490081439223,0.0,13.534241213284682,WATCH,MONITOR,-10.0,ROBUST,False
85376,0.8660494618406878,5.3314738605843734,10.048194638811468,CRITICAL,EXPEDITE,250.05024097319404,SENSITIVE,True
85377,0.713504274504794,5.736751710123565,12.310161362795165,HIGH_RISK,TRANSPORT_MODE_REVIEW,350.0369304840883,ROBUST,True
85378,0.824917724035063,7.044755441386217,12.22268882895298,HIGH_RISK,SUPPLIER_ESCALATION,200.02444537765803,ROBUST,True
85381,0.2629742611064575,0.0,7.746300662231439,LOW_RISK,NO_ACTION,0.0,ROBUST,False
85382,0.25601531106172204,0.0,11.157886325231122,LOW_RISK,NO_ACTION,0.0,ROBUST,False
85383,0.42390148697426555,0.0,7.4649681823012495,WATCH,MONITOR,-10.0,ROBUST,False
85384,0.2630393335328725,0.0,13.113526446491344,LOW_RISK,NO_ACTION,0.0,ROBUST,False
85385,0.6631585465321839,14.057070641293013,13.662360543970586,HIGH_RISK,TRANSPORT_MODE_REVIEW,350.040987081632,ROBUST,True
85386,0.7504324421093732,151.81642389646515,8.49960746497846,HIGH_RISK,EXPEDITE,250.04249803732455,SENSITIVE,True
85387,0.67008742909457,177.2217861598945,6.611059370362454,HIGH_RISK,SUPPLIER_ESCALATION,200.0132221187414,ROBUST,True
85388,0.7228682781787528,50.49929931629512,7.447722142094264,HIGH_RISK,HUMAN_REVIEW,-50.0,ROBUST,True
85389,0.8340252071204894,42.812491766645756,8.042056410058754,HIGH_RISK,EXPEDITE,250.0402102820508,SENSITIVE,True
85390,0.8313674445871211,180.19316155304492,8.069148294772738,HIGH_RISK,HUMAN_REVIEW,-50.0,ROBUST,True
85391,0.6684301133707156,189.1730787225252,9.955434633158875,HIGH_RISK,HUMAN_REVIEW,-50.0,ROBUST,True
85392,0.8766669954464581,181.5023204375764,5.081404364984463,CRITICAL,TRANSPORT_MODE_REVIEW,350.0152442130966,ROBUST,True
85393,0.4377334196797351,0.0,12.931205293247745,WATCH,MONITOR,-10.0,ROBUST,False
85394,0.40634092161480373,0.0,13.14618810129311,WATCH,MONITOR,-10.0,ROBUST,False
85396,0.251655726309037,0.0,11.027946259449502,LOW_RISK,NO_ACTION,0.0,ROBUST,False
85397,0.2914808803403142,0.0,9.651966388601165,LOW_RISK,NO_ACTION,0.0,ROBUST,False
85398,0.17445286174723978,0.0,10.225052801494767,LOW_RISK,NO_ACTION,0.0,ROBUST,False
85399,0.21680564017629364,0.0,13.439217284031285,LOW_RISK,NO_ACTION,0.0,ROBUST,False
85400,0.41125026451460867,0.0,13.47375378273275,WATCH,MONITOR,-10.0,ROBUST,False
85401,0.45759135675324336,0.0,11.883242727860068,WATCH,MONITOR,-10.0,ROBUST,False
85402,0.8438198712914038,3.9374239514043468,5.820082930352362,HIGH_RISK,EXPEDITE,90.63650884458104,SENSITIVE,True
85407,0.2860694786626553,0.0,11.82632930317937,LOW_RISK,NO_ACTION,0.0,ROBUST,False
85408,0.6393239585114109,4.588500816176922,11.29255257183534,HIGH_RISK,HUMAN_REVIEW,-50.0,ROBUST,True
85409,0.12277917947937929,0.0,12.105152257898368,LOW_RISK,NO_ACTION,0.0,ROBUST,False
85410,0.24973022584514154,0.0,13.875049414079816,LOW_RISK,NO_ACTION,0.0,ROBUST,False
85412,0.2855286875070653,0.0,8.343077871169383,LOW_RISK,NO_ACTION,0.0,ROBUST,False
85413,0.7107053197233518,95.94753514131452,11.261909563554315,HIGH_RISK,TRANSPORT_MODE_REVIEW,350.0337857286904,ROBUST,True
85414,0.10259580855479888,0.0,11.130771527896405,LOW_RISK,NO_ACTION,0.0,ROBUST,False
85415,0.4958891561865225,0.0,9.336655791980398,WATCH,MONITOR,-10.0,ROBUST,False
85419,0.24557555336161718,0.0,12.006961000783296,LOW_RISK,NO_ACTION,0.0,ROBUST,False
85420,0.8801962255537852,10.224407391121618,12.178192583415596,CRITICAL,TRANSPORT_MODE_REVIEW,350.0365345777502,ROBUST,True
85421,0.6550738882065438,15.840009614460072,9.278466201023782,HIGH_RISK,TRANSPORT_MODE_REVIEW,350.027835398603,ROBUST,True
85422,0.1521757818133386,0.0,4.774490930604794,LOW_RISK,NO_ACTION,0.0,ROBUST,False
85423,0.4190262210138088,0.0,12.142962437201378,WATCH,MONITOR,-10.0,ROBUST,False
85426,0.38393082996795047,0.0,0.0,WATCH,MONITOR,-10.0,ROBUST,False
85427,0.3109744339716912,0.0,11.029579622938146,WATCH,MONITOR,-10.0,ROBUST,False
85428,0.305821236533512,0.0,12.74916989336124,WATCH,MONITOR,-10.0,ROBUST,False
85429,0.13499184230037123,0.0,10.731991334014063,LOW_RISK,NO_ACTION,0.0,ROBUST,False
85430,0.6801629686458223,7.259252972844493,7.348342970780667,HIGH_RISK,HUMAN_REVIEW,-50.0,ROBUST,True
85431,0.7527340155562566,8.555732917761818,12.35680015871656,HIGH_RISK,TRANSPORT_MODE_REVIEW,350.0370704004763,ROBUST,True
85432,0.6442361752278405,19.75022990624818,6.421297011664441,HIGH_RISK,TRANSPORT_MODE_REVIEW,350.0192638910348,ROBUST,True
85433,0.205404580259562,0.0,14.840600051946874,LOW_RISK,NO_ACTION,0.0,ROBUST,False
85436,0.7697241919653438,2.5906069772474964,13.215935137942205,HIGH_RISK,TRANSPORT_MODE_REVIEW,288.6252838809037,ROBUST,True
85437,0.21373756392791732,0.0,13.929743503947188,LOW_RISK,NO_ACTION,0.0,ROBUST,False
85438,0.3615774688719705,0.0,10.893622250288844,WATCH,MONITOR,-10.0,ROBUST,False
85440,0.3139272659772577,0.0,8.94892365844048,WATCH,MONITOR,-10.0,ROBUST,False
85444,0.3385310420015448,0.0,12.391555865661708,WATCH,MONITOR,-10.0,ROBUST,False
85445,0.2663155606309012,0.0,13.899392961484784,LOW_RISK,NO_ACTION,0.0,ROBUST,False
85446,0.21999658822148446,0.0,11.3294554089034,LOW_RISK,NO_ACTION,0.0,ROBUST,False
85447,0.1194133802918676,0.0,13.147267596872679,LOW_RISK,NO_ACTION,0.0,ROBUST,False
85448,0.8685255518298944,5.288189386872371,12.050057228160052,CRITICAL,TRANSPORT_MODE_REVIEW,350.0361501716845,ROBUST,True
85449,0.39843738487769076,0.0,6.666575040181776,WATCH,MONITOR,-10.0,ROBUST,False
85451,0.36829029603148933,0.0,11.98825115688299,WATCH,MONITOR,-10.0,ROBUST,False
85452,0.3574535152478483,0.0,10.308048919059527,WATCH,MONITOR,-10.0,ROBUST,False
85453,0.884228399417938,11.955975188251557,8.066254662658675,CRITICAL,TRANSPORT_MODE_REVIEW,350.0241987639879,ROBUST,True
85454,0.10893797350651649,0.0,9.695491200968759,LOW_RISK,NO_ACTION,0.0,ROBUST,False
85455,0.6027930872287061,24.255250241751533,11.20787367529501,HIGH_RISK,HUMAN_REVIEW,-50.0,ROBUST,True
85456,0.2964554142783308,0.0,5.332332245135314,LOW_RISK,NO_ACTION,0.0,ROBUST,False
85457,0.6138207509026402,43.63253379506317,13.715949040014698,HIGH_RISK,HUMAN_REVIEW,-50.0,ROBUST,True
85458,0.14077276271222805,0.0,9.868873333180048,LOW_RISK,NO_ACTION,0.0,ROBUST,False
85459,0.12508863636055537,0.0,11.689091448369416,LOW_RISK,NO_ACTION,0.0,ROBUST,False
85460,0.23954668871807094,0.0,12.686648318266313,LOW_RISK,NO_ACTION,0.0,ROBUST,False
85461,0.7839511082229351,10.89830023100955,9.08840773863575,HIGH_RISK,TRANSPORT_MODE_REVIEW,350.02726522321586,ROBUST,True
85462,0.8606403287453461,13.356978108130827,13.261590985744132,CRITICAL,TRANSPORT_MODE_REVIEW,350.0397847729573,ROBUST,True
85463,0.4587005458452259,0.0,13.606024566142413,WATCH,MONITOR,-10.0,ROBUST,False
85464,0.46800033389986195,0.0,13.606024566142413,WATCH,MONITOR,-10.0,ROBUST,False
85465,0.8458283561011095,12.880795941438613,12.210289492122214,HIGH_RISK,EXPEDITE,250.0610514474606,SENSITIVE,True
85466,0.3108899006401583,0.0,11.033776141064779,WATCH,MONITOR,-10.0,ROBUST,False
85467,0.6359279899296592,10.471822084173002,7.8636512654486515,HIGH_RISK,HUMAN_REVIEW,-50.0,ROBUST,True
85468,0.4192186331347282,0.0,13.556041269008507,WATCH,MONITOR,-10.0,ROBUST,False
85472,0.1854851899410316,0.0,13.295477677197345,LOW_RISK,NO_ACTION,0.0,ROBUST,False
85473,0.20688291070262765,0.0,8.061341745931697,LOW_RISK,NO_ACTION,0.0,ROBUST,False
85474,0.8005640085341956,3.4596925527943374,14.279690487340986,HIGH_RISK,SUPPLIER_ESCALATION,200.02855938097468,ROBUST,True
85475,0.8588312332377677,41.52795067064382,12.396366505562646,CRITICAL,TRANSPORT_MODE_REVIEW,350.0371890995166,ROBUST,True
85476,0.22873100326763196,0.0,11.32961541978256,LOW_RISK,NO_ACTION,0.0,ROBUST,False
85477,0.1616624198501366,0.0,12.681533233456651,LOW_RISK,NO_ACTION,0.0,ROBUST,False
85478,0.28126936475755293,0.0,12.210289492122214,LOW_RISK,NO_ACTION,0.0,ROBUST,False
85480,0.4495628955140668,0.0,14.380162693611307,WATCH,MONITOR,-10.0,ROBUST,False
85481,0.32822114197998886,0.0,6.9075152501775285,WATCH,MONITOR,-10.0,ROBUST,False
85483,0.45133424235503483,0.0,14.3969360668788,WATCH,MONITOR,-10.0,ROBUST,False
85488,0.17834887403165497,0.0,11.669495102473196,LOW_RISK,NO_ACTION,0.0,ROBUST,False
85490,0.1667895494690216,0.0,8.871547444634105,LOW_RISK,NO_ACTION,0.0,ROBUST,False
85491,0.3302308502793681,0.0,9.595670797663967,WATCH,MONITOR,-10.0,ROBUST,False
85492,0.28533156061850923,0.0,12.06023290067542,LOW_RISK,NO_ACTION,0.0,ROBUST,False
85493,0.36406905665878275,0.0,8.113546429114857,WATCH,MONITOR,-10.0,ROBUST,False
85494,0.4178507164107127,0.0,12.22387366309835,WATCH,MONITOR,-10.0,ROBUST,False
85496,0.4005229182608706,0.0,12.486080194014665,WATCH,MONITOR,-10.0,ROBUST,False
85497,0.47690446946342446,0.0,12.308994690533542,WATCH,MONITOR,-10.0,ROBUST,False
85499,0.8009860472577655,6.458616447588397,8.296297112642508,HIGH_RISK,TRANSPORT_MODE_REVIEW,350.0248888913379,ROBUST,True
85500,0.1825546968992723,0.0,8.761941666482832,LOW_RISK,NO_ACTION,0.0,ROBUST,False
85501,0.3203650559791543,0.0,9.36825567100964,WATCH,MONITOR,-10.0,ROBUST,False
85502,0.14429724807647426,0.0,10.43774333379471,LOW_RISK,NO_ACTION,0.0,ROBUST,False
85503,0.6574468844724358,23.109947020119538,11.057392626952947,HIGH_RISK,TRANSPORT_MODE_REVIEW,350.0331721778807,ROBUST,True
85504,0.7158709185897268,29.912245137269938,9.424477083209794,HIGH_RISK,HUMAN_REVIEW,-50.0,ROBUST,True
85505,0.25862548671883234,0.0,10.123376212433824,LOW_RISK,NO_ACTION,0.0,ROBUST,False
85506,0.14448663000088616,0.0,15.150498729876634,LOW_RISK,NO_ACTION,0.0,ROBUST,False
85507,0.11273669781923915,0.0,13.951525838184278,LOW_RISK,NO_ACTION,0.0,ROBUST,False
85508,0.36271760185201274,0.0,12.767106370574611,WATCH,MONITOR,-10.0,ROBUST,False
85509,0.34409959131592194,0.0,14.011489263235791,WATCH,MONITOR,-10.0,ROBUST,False
85510,0.6070298866102164,71.38081554769083,11.063393729208165,HIGH_RISK,TRANSPORT_MODE_REVIEW,350.0331901811878,ROBUST,True
85511,0.7290527725332939,35.58856962486978,7.491087593534876,HIGH_RISK,SUPPLIER_ESCALATION,200.01498217518656,ROBUST,True
85518,0.8625026099231912,55.18892305498751,11.49069008091951,CRITICAL,HUMAN_REVIEW,-50.0,ROBUST,True
85519,0.6904368559232004,53.23742339113379,12.52492055349626,HIGH_RISK,TRANSPORT_MODE_REVIEW,350.0375747616599,ROBUST,True
85520,0.6283669034323165,26.99253523646943,12.282177162546818,HIGH_RISK,EXPEDITE,250.06141088581262,SENSITIVE,True
85521,0.8275154314769754,27.483028667882472,13.500664187489477,HIGH_RISK,EXPEDITE,250.06750332093725,SENSITIVE,True
85523,0.3987614621422093,0.0,11.554211831653038,WATCH,MONITOR,-10.0,ROBUST,False
85527,0.180610801167297,0.0,10.230193323542782,LOW_RISK,NO_ACTION,0.0,ROBUST,False
85528,0.23652369619595737,0.0,8.798650932848046,LOW_RISK,NO_ACTION,0.0,ROBUST,False
85529,0.48664599690568566,0.0,12.265517230200087,WATCH,MONITOR,-10.0,ROBUST,False
85530,0.7867648188639341,0.8083919979335734,10.697654943240446,HIGH_RISK,TRANSPORT_MODE_REVIEW,21.267447588688782,SENSITIVE,True
85531,0.6623471524376507,12.457940059356046,13.375157113192367,HIGH_RISK,TRANSPORT_MODE_REVIEW,350.0401254713395,ROBUST,True
85534,0.20583641390749166,0.0,11.210537116733683,LOW_RISK,NO_ACTION,0.0,ROBUST,False
85536,0.7634645058088181,20.162548865950708,11.432889123943092,HIGH_RISK,HUMAN_REVIEW,-50.0,ROBUST,True
85539,0.4135667715386194,0.0,0.0,WATCH,MONITOR,-10.0,ROBUST,False
85541,0.8845275466624478,22.5367615159513,11.198893393888973,CRITICAL,HUMAN_REVIEW,-50.0,ROBUST,True
85542,0.8527392320506726,10.768101695607754,12.877498108517601,CRITICAL,HUMAN_REVIEW,-50.0,ROBUST,True
85547,0.8167120522898396,10.078886562483872,10.202888193567093,HIGH_RISK,HUMAN_REVIEW,-50.0,ROBUST,True
85551,0.6233981599228227,22.537811352744733,9.407928138273865,HIGH_RISK,EXPEDITE,250.0470396406913,SENSITIVE,True
85554,0.39427900212250155,0.0,12.129628870588817,WATCH,MONITOR,-10.0,ROBUST,False
85555,0.20800099244847814,0.0,12.501080456614128,LOW_RISK,NO_ACTION,0.0,ROBUST,False
85556,0.2411073863427823,0.0,9.772466150106194,LOW_RISK,NO_ACTION,0.0,ROBUST,False
85557,0.448654708208022,0.0,14.199798797338898,WATCH,MONITOR,-10.0,ROBUST,False
85558,0.22354608040486312,0.0,13.494778929406177,LOW_RISK,NO_ACTION,0.0,ROBUST,False
85559,0.3185238285517196,0.0,13.543506277490982,WATCH,MONITOR,-10.0,ROBUST,False
85560,0.3810557856026736,0.0,11.328644149102304,WATCH,MONITOR,-10.0,ROBUST,False
85561,0.4999699307332707,0.0,14.315216450034379,WATCH,MONITOR,-10.0,ROBUST,False
85562,0.2741165325981328,0.0,11.296819591007669,LOW_RISK,NO_ACTION,0.0,ROBUST,False
85564,0.7290949284127173,9.100756289710167,8.023879992734878,HIGH_RISK,TRANSPORT_MODE_REVIEW,350.02407163997816,ROBUST,True
85565,0.437035351773467,0.0,14.986629847438925,WATCH,MONITOR,-10.0,ROBUST,False
85566,0.8663254574015065,1.189591238034898,6.473504819442219,CRITICAL,TRANSPORT_MODE_REVIEW,78.4463865298473,SENSITIVE,True
85567,0.39243035269381943,0.0,11.045610537923066,WATCH,MONITOR,-10.0,ROBUST,False
85569,0.28529185496361154,0.0,8.742446515593704,LOW_RISK,NO_ACTION,0.0,ROBUST,False
85570,0.8498982415659001,8.146263111636433,14.025448092426412,HIGH_RISK,HUMAN_REVIEW,-50.0,ROBUST,True
85572,0.34349219303393946,0.0,7.0054263061555835,WATCH,MONITOR,-10.0,ROBUST,False
85573,0.4504893172526564,0.0,13.569377920983412,WATCH,MONITOR,-10.0,ROBUST,False
85574,0.45351098328343464,0.0,14.007784425807456,WATCH,MONITOR,-10.0,ROBUST,False
85575,0.1433993380281754,0.0,13.467910030967916,LOW_RISK,NO_ACTION,0.0,ROBUST,False
85577,0.2713401135252603,0.0,13.38372868153859,LOW_RISK,NO_ACTION,0.0,ROBUST,False
85578,0.6909843078196336,13.851956597023793,7.934155233536322,HIGH_RISK,TRANSPORT_MODE_REVIEW,350.0238024657008,ROBUST,True
85579,0.49104614700950133,0.0,13.252108360619747,WATCH,MONITOR,-10.0,ROBUST,False
85580,0.6199216060381492,13.861059296236006,9.916343558812844,HIGH_RISK,HUMAN_REVIEW,-50.0,ROBUST,True
85584,0.26289856690482827,0.0,5.755362394629381,LOW_RISK,NO_ACTION,0.0,ROBUST,False
85585,0.11042315439423721,0.0,7.0054263061555835,LOW_RISK,NO_ACTION,0.0,ROBUST,False
85586,0.3261540640396784,0.0,13.793511339928115,WATCH,MONITOR,-10.0,ROBUST,False
85587,0.13843039025534246,0.0,12.059794297426452,LOW_RISK,NO_ACTION,0.0,ROBUST,False
85589,0.43377998293910525,0.0,13.390085876244502,WATCH,MONITOR,-10.0,ROBUST,False
85590,0.6737999220920385,18.058215187025922,8.134174272137903,HIGH_RISK,SUPPLIER_ESCALATION,200.01626834854414,ROBUST,True
85591,0.2842036639632715,0.0,13.198952868042637,LOW_RISK,NO_ACTION,0.0,ROBUST,False
85592,0.2716843118166799,0.0,12.863595239117187,LOW_RISK,NO_ACTION,0.0,ROBUST,False
85593,0.4589355862275075,0.0,7.664346632098617,WATCH,MONITOR,-10.0,ROBUST,False
85594,0.21538334016725136,0.0,11.856780949640434,LOW_RISK,NO_ACTION,0.0,ROBUST,False
85595,0.19960798484270834,0.0,13.949032760546569,LOW_RISK,NO_ACTION,0.0,ROBUST,False
85596,0.4756789731303048,0.0,14.40910680341461,WATCH,MONITOR,-10.0,ROBUST,False
85599,0.42369833470139306,0.0,14.854454721393882,WATCH,MONITOR,-10.0,ROBUST,False
85600,0.42825023722687783,0.0,13.440151286912842,WATCH,MONITOR,-10.0,ROBUST,False
85601,0.17807752571037022,0.0,9.686363348546669,LOW_RISK,NO_ACTION,0.0,ROBUST,False
85602,0.1573183965723738,0.0,11.197869180986698,LOW_RISK,NO_ACTION,0.0,ROBUST,False
85603,0.11041181992685396,0.0,11.889215626488173,LOW_RISK,NO_ACTION,0.0,ROBUST,False
85626,0.8826556363468916,5.979164384637556,6.599462252626232,CRITICAL,HUMAN_REVIEW,-50.0,ROBUST,True
85627,0.40967619668572997,0.0,9.513536477069302,WATCH,MONITOR,-10.0,ROBUST,False
85628,0.19601536750565993,0.0,7.937731775260109,LOW_RISK,NO_ACTION,0.0,ROBUST,False
85629,0.3916413134379505,0.0,7.223295679562314,WATCH,MONITOR,-10.0,ROBUST,False
85630,0.6149343004569131,4.550439846876172,8.860924729719041,HIGH_RISK,SUPPLIER_ESCALATION,200.0177218494594,ROBUST,True
85631,0.25811699918026865,0.0,8.635011781996093,LOW_RISK,NO_ACTION,0.0,ROBUST,False
85632,0.49326491596456334,0.0,7.350580395847379,WATCH,MONITOR,-10.0,ROBUST,False
85633,0.19792469251365424,0.0,11.88597426271316,LOW_RISK,NO_ACTION,0.0,ROBUST,False
85634,0.2505482509193071,0.0,4.948759890378168,LOW_RISK,NO_ACTION,0.0,ROBUST,False
85635,0.22043487218608548,0.0,9.094839729677329,LOW_RISK,NO_ACTION,0.0,ROBUST,False
85636,0.14384999453200092,0.0,7.9865049385539955,LOW_RISK,NO_ACTION,0.0,ROBUST,False
85637,0.7467968242425365,0.9393197669544753,11.058462846197834,HIGH_RISK,HUMAN_REVIEW,-50.0,SENSITIVE,True
85638,0.7537728647772635,2.1899896689329195,10.289926132105546,HIGH_RISK,SUPPLIER_ESCALATION,200.02057985226426,ROBUST,True
85639,0.6803322943812352,2.124047213872466,8.665785595466064,HIGH_RISK,TRANSPORT_MODE_REVIEW,218.62548861861995,ROBUST,True
85640,0.4270378187806185,0.0,10.048496574446103,WATCH,MONITOR,-10.0,ROBUST,False
85641,0.3176998857982554,0.0,10.566379628492294,WATCH,MONITOR,-10.0,ROBUST,False
85642,0.11287856883493474,0.0,11.003779097131117,LOW_RISK,NO_ACTION,0.0,ROBUST,False
85643,0.8821919997558342,7.31743647533316,11.030217476012854,CRITICAL,HUMAN_REVIEW,-50.0,ROBUST,True
85644,0.12215629200837569,0.0,11.003779097131117,LOW_RISK,NO_ACTION,0.0,ROBUST,False
85645,0.6126601405743896,6.4653518776009795,10.83006360865185,HIGH_RISK,TRANSPORT_MODE_REVIEW,350.032490190826,ROBUST,True
85646,0.3740119797076754,0.0,8.955099674549736,WATCH,MONITOR,-10.0,ROBUST,False
85647,0.1791070510470074,0.0,5.860786223465865,LOW_RISK,NO_ACTION,0.0,ROBUST,False
85648,0.4277384594887085,0.0,9.743576983013744,WATCH,MONITOR,-10.0,ROBUST,False
85649,0.46443405262961945,0.0,12.770963069510877,WATCH,MONITOR,-10.0,ROBUST,False
85650,0.42523478564552786,0.0,13.569439544639375,WATCH,MONITOR,-10.0,ROBUST,False
85651,0.22204367608483289,0.0,9.61810949047943,LOW_RISK,NO_ACTION,0.0,ROBUST,False
85652,0.3346572049782538,0.0,10.287013753125539,WATCH,MONITOR,-10.0,ROBUST,False
85653,0.46592605967649114,0.0,12.682145942020432,WATCH,MONITOR,-10.0,ROBUST,False
85654,0.22826589048913998,0.0,10.176601523624978,LOW_RISK,NO_ACTION,0.0,ROBUST,False
85655,0.42801112890617,0.0,9.610839838333506,WATCH,MONITOR,-10.0,ROBUST,False
85656,0.10379005250467861,0.0,9.929204031040765,LOW_RISK,NO_ACTION,0.0,ROBUST,False
85657,0.10145868111387052,0.0,9.445523159968738,LOW_RISK,NO_ACTION,0.0,ROBUST,False
85658,0.744040481891512,0.8222827582773697,10.021315031649332,HIGH_RISK,TRANSPORT_MODE_REVIEW,23.350654096171255,SENSITIVE,True
85659,0.7119622107315381,1.1674040602754199,9.017604776833355,HIGH_RISK,SUPPLIER_ESCALATION,75.1211362297434,SENSITIVE,True
85660,0.4155908751409175,0.0,5.032527240512354,WATCH,MONITOR,-10.0,ROBUST,False
85661,0.4720107351552649,0.0,10.981063453138141,WATCH,MONITOR,-10.0,ROBUST,False
85662,0.1471625247281137,0.0,7.714052557474738,LOW_RISK,NO_ACTION,0.0,ROBUST,False
85663,0.19279399399347535,0.0,10.128455838009877,LOW_RISK,NO_ACTION,0.0,ROBUST,False
85664,0.46148996814952303,0.0,8.256770840214088,WATCH,MONITOR,-10.0,ROBUST,False
85665,0.1708944791089414,0.0,12.52881281310336,LOW_RISK,NO_ACTION,0.0,ROBUST,False
85666,0.37289170703063357,0.0,14.267096238304072,WATCH,MONITOR,-10.0,ROBUST,False
85667,0.31218520001632616,0.0,12.805598469420875,WATCH,MONITOR,-10.0,ROBUST,False
85668,0.13327747074060292,0.0,10.892744876866521,LOW_RISK,NO_ACTION,0.0,ROBUST,False
85669,0.21410546477661316,0.0,9.634038248345407,LOW_RISK,NO_ACTION,0.0,ROBUST,False
85670,0.30814888657638717,0.0,10.48083098735243,WATCH,MONITOR,-10.0,ROBUST,False
85671,0.4409400466735337,0.0,12.102227869447393,WATCH,MONITOR,-10.0,ROBUST,False
85672,0.3830153958458695,0.0,10.240887929730164,WATCH,MONITOR,-10.0,ROBUST,False
85673,0.3487532645819732,0.0,10.349358568612542,WATCH,MONITOR,-10.0,ROBUST,False
85674,0.7292949188541775,6.3142420071340215,8.155534420245282,HIGH_RISK,HUMAN_REVIEW,-50.0,ROBUST,True
85675,0.6524360145135474,6.1375559491698155,7.39773308943529,HIGH_RISK,TRANSPORT_MODE_REVIEW,350.02219319926826,ROBUST,True
85676,0.14769796452770448,0.0,11.163382173096926,LOW_RISK,NO_ACTION,0.0,ROBUST,False
85677,0.26363041382643826,0.0,12.875819972526598,LOW_RISK,NO_ACTION,0.0,ROBUST,False
85678,0.11140739756451704,0.0,8.7150271398407,LOW_RISK,NO_ACTION,0.0,ROBUST,False
85679,0.18442235570674026,0.0,10.673942936186739,LOW_RISK,NO_ACTION,0.0,ROBUST,False
85680,0.2729933503490639,0.0,10.913988222807312,LOW_RISK,NO_ACTION,0.0,ROBUST,False
85681,0.26744207426876604,0.0,7.912423121473705,LOW_RISK,NO_ACTION,0.0,ROBUST,False
85682,0.11771817239879696,0.0,12.224688294135987,LOW_RISK,NO_ACTION,0.0,ROBUST,False
85683,0.3356240614101165,0.0,13.529947571995256,WATCH,MONITOR,-10.0,ROBUST,False
85684,0.31987370234129453,0.0,8.097426298597213,WATCH,MONITOR,-10.0,ROBUST,False
85685,0.13124172160836514,0.0,9.591581091193483,LOW_RISK,NO_ACTION,0.0,ROBUST,False
85686,0.4772652209841758,0.0,8.487970332739334,WATCH,MONITOR,-10.0,ROBUST,False
85687,0.13975311158034406,0.0,8.406038142050075,LOW_RISK,NO_ACTION,0.0,ROBUST,False
85688,0.44193366049493443,0.0,13.393330149358242,WATCH,MONITOR,-10.0,ROBUST,False
85689,0.10012389276600238,0.0,13.454829026935638,LOW_RISK,NO_ACTION,0.0,ROBUST,False
85690,0.4529124380181533,0.0,9.899529730681785,WATCH,MONITOR,-10.0,ROBUST,False
85691,0.10788789288172503,0.0,12.57446220464097,LOW_RISK,NO_ACTION,0.0,ROBUST,False
85692,0.4031248127568464,0.0,9.771155440487087,WATCH,MONITOR,-10.0,ROBUST,False
85693,0.24467632452010118,0.0,10.176601523624978,LOW_RISK,NO_ACTION,0.0,ROBUST,False
85694,0.6196802294835089,0.9940747744835396,13.33405990077286,HIGH_RISK,TRANSPORT_MODE_REVIEW,49.12447122511978,SENSITIVE,True
85695,0.8071845937159909,15.380490507772526,8.841899335400445,HIGH_RISK,TRANSPORT_MODE_REVIEW,350.026525698006,ROBUST,True
85696,0.1283631689327367,0.0,11.628047184686986,LOW_RISK,NO_ACTION,0.0,ROBUST,False
85697,0.4070026781581456,0.0,13.707480927831945,WATCH,MONITOR,-10.0,ROBUST,False
85698,0.128501074128546,0.0,12.033509321931893,LOW_RISK,NO_ACTION,0.0,ROBUST,False
85699,0.4688481743844872,0.0,10.540408237826268,WATCH,MONITOR,-10.0,ROBUST,False
85700,0.12038961431666456,0.0,10.426765325491356,LOW_RISK,NO_ACTION,0.0,ROBUST,False
85702,0.2917301111086062,0.0,10.152004460291783,LOW_RISK,NO_ACTION,0.0,ROBUST,False
85703,0.3892137723403183,0.0,12.761194350184017,WATCH,MONITOR,-10.0,ROBUST,False
85704,0.2572985859168151,0.0,13.774211209945632,LOW_RISK,NO_ACTION,0.0,ROBUST,False
85705,0.1868933898369739,0.0,8.341648618901306,LOW_RISK,NO_ACTION,0.0,ROBUST,False
85706,0.4036363845584109,0.0,7.364293657274302,WATCH,MONITOR,-10.0,ROBUST,False
85707,0.41371788191549064,0.0,8.961145410323931,WATCH,MONITOR,-10.0,ROBUST,False
85708,0.8475404626984258,12.9429376645383,13.208069806653231,HIGH_RISK,HUMAN_REVIEW,-50.0,ROBUST,True
85709,0.7455766812441723,4.0138933243003665,10.150621030590434,HIGH_RISK,SUPPLIER_ESCALATION,200.02030124206124,ROBUST,True
85710,0.7630217556594792,0.8233333089139208,9.921950066595274,HIGH_RISK,SUPPLIER_ESCALATION,23.50816540906733,SENSITIVE,True
85711,0.6914282738391977,16.368454617238065,13.40088568702168,HIGH_RISK,HUMAN_REVIEW,-50.0,ROBUST,True
85712,0.20283272874054728,0.0,12.726653531619753,LOW_RISK,NO_ACTION,0.0,ROBUST,False
85713,0.6257731164608461,4.068568561650142,12.837376895249037,HIGH_RISK,TRANSPORT_MODE_REVIEW,350.0385121306857,ROBUST,True
85714,0.8142357422774747,2.4761391643920456,12.556028567310046,HIGH_RISK,SUPPLIER_ESCALATION,200.0251120571346,ROBUST,True
85715,0.2712597767969408,0.0,8.631271595613786,LOW_RISK,NO_ACTION,0.0,ROBUST,False
85716,0.8070226062566394,21.44274984882196,11.296798489810673,HIGH_RISK,TRANSPORT_MODE_REVIEW,350.03389039546937,ROBUST,True
85717,0.7171129338140861,28.484291961282278,8.28206814783644,HIGH_RISK,EXPEDITE,250.04141034073928,SENSITIVE,True
85718,0.7247324402968954,28.59961230588828,12.655926754819427,HIGH_RISK,HUMAN_REVIEW,-50.0,ROBUST,True
85719,0.366702424522951,0.0,9.845911404398532,WATCH,MONITOR,-10.0,ROBUST,False
85720,0.28863303843769306,0.0,6.806829360392176,LOW_RISK,NO_ACTION,0.0,ROBUST,False
85721,0.41168204589555335,0.0,14.0768434445906,WATCH,MONITOR,-10.0,ROBUST,False
85722,0.35638852964885503,0.0,8.190354403763262,WATCH,MONITOR,-10.0,ROBUST,False
85723,0.1242441428471254,0.0,13.37117623492009,LOW_RISK,NO_ACTION,0.0,ROBUST,False
85724,0.7997353204406613,8.422221266178639,7.279036036810174,HIGH_RISK,HUMAN_REVIEW,-50.0,ROBUST,True
85725,0.6858672921719983,10.593882912602277,9.010791269515602,HIGH_RISK,TRANSPORT_MODE_REVIEW,350.0270323738084,ROBUST,True
85726,0.28272653048252794,0.0,7.432957068692635,LOW_RISK,NO_ACTION,0.0,ROBUST,False
85727,0.430341373735586,0.0,9.81926047759575,WATCH,MONITOR,-10.0,ROBUST,False
85728,0.6631116244589508,20.88922458886738,10.188704088048116,HIGH_RISK,HUMAN_REVIEW,-50.0,ROBUST,True
85729,0.6069141265219822,15.856362237204353,8.45553053102413,HIGH_RISK,SUPPLIER_ESCALATION,200.01691106106182,ROBUST,True
85730,0.8690239649723235,13.199374849771973,9.60245002503719,CRITICAL,HUMAN_REVIEW,-50.0,ROBUST,True
85731,0.43476137812666193,0.0,13.67540901193032,WATCH,MONITOR,-10.0,ROBUST,False
85732,0.36601924495302407,0.0,13.93062425632998,WATCH,MONITOR,-10.0,ROBUST,False
85733,0.20672151283690055,0.0,11.621909368223497,LOW_RISK,NO_ACTION,0.0,ROBUST,False
85734,0.14681659307537742,0.0,12.23873826709212,LOW_RISK,NO_ACTION,0.0,ROBUST,False
85735,0.1064235290720455,0.0,9.888932134526929,LOW_RISK,NO_ACTION,0.0,ROBUST,False
85736,0.14280426904176835,0.0,8.481773246184977,LOW_RISK,NO_ACTION,0.0,ROBUST,False
85737,0.2170385774495771,0.0,11.4549475625,LOW_RISK,NO_ACTION,0.0,ROBUST,False
85738,0.7934270179770279,6.822092604258563,11.468105907498414,HIGH_RISK,SUPPLIER_ESCALATION,200.02293621181502,ROBUST,True
85739,0.12560003310095477,0.0,9.124106874178253,LOW_RISK,NO_ACTION,0.0,ROBUST,False
85740,0.1544911113273796,0.0,14.098562517969636,LOW_RISK,NO_ACTION,0.0,ROBUST,False
85741,0.17243228092317642,0.0,10.833094824406928,LOW_RISK,NO_ACTION,0.0,ROBUST,False
85742,0.35279283719332255,0.0,10.230712882272085,WATCH,MONITOR,-10.0,ROBUST,False
85743,0.34631591959204977,0.0,9.611917933357155,WATCH,MONITOR,-10.0,ROBUST,False
85744,0.32030629054886117,0.0,10.230712882272085,WATCH,MONITOR,-10.0,ROBUST,False
85745,0.20020056987837587,0.0,11.398708961669437,LOW_RISK,NO_ACTION,0.0,ROBUST,False
85746,0.7311444315135104,1.0869126468902868,11.481535927955958,HIGH_RISK,TRANSPORT_MODE_REVIEW,63.04937646014881,SENSITIVE,True
85747,0.6803620748452323,9.6800465935508,11.185823192802378,HIGH_RISK,HUMAN_REVIEW,-50.0,ROBUST,True
85748,0.78120149932185,28.53683513269869,9.259225769705994,HIGH_RISK,HUMAN_REVIEW,-50.0,ROBUST,True
85749,0.8614000777020847,46.21191350607793,10.919496914520698,CRITICAL,EXPEDITE,250.0545974845727,SENSITIVE,True
85750,0.49187669857433136,0.0,11.551986549999004,WATCH,MONITOR,-10.0,ROBUST,False
85751,0.7823288306230274,83.07291277755911,8.695674048824253,HIGH_RISK,HUMAN_REVIEW,-50.0,ROBUST,True
85752,0.46672931680936813,0.0,12.69216204600486,WATCH,MONITOR,-10.0,ROBUST,False
85753,0.35709676016057,0.0,6.933345049981133,WATCH,MONITOR,-10.0,ROBUST,False
85754,0.6771288268185335,46.85394949953682,14.366728174052826,HIGH_RISK,SUPPLIER_ESCALATION,200.02873345634816,ROBUST,True
85755,0.7438364934449297,27.16540922937929,12.362011725216648,HIGH_RISK,HUMAN_REVIEW,-50.0,ROBUST,True
85756,0.7101833103842128,12.545743566267706,12.860351650788067,HIGH_RISK,TRANSPORT_MODE_REVIEW,350.0385810549524,ROBUST,True
85757,0.3730567205780243,0.0,13.945709529235398,WATCH,MONITOR,-10.0,ROBUST,False
85758,0.7104886402967129,20.970376273734313,5.3558312727486435,HIGH_RISK,HUMAN_REVIEW,-50.0,ROBUST,True
85759,0.7120333773436307,46.661112902081406,13.488424596116802,HIGH_RISK,TRANSPORT_MODE_REVIEW,350.04046527378796,ROBUST,True
85760,0.715060353730193,13.560444104411866,8.572711149332726,HIGH_RISK,TRANSPORT_MODE_REVIEW,350.025718133448,ROBUST,True
85761,0.2745949397230828,0.0,10.571342565808699,LOW_RISK,NO_ACTION,0.0,ROBUST,False
85762,0.7952364962540706,16.484655151923356,10.947022730537654,HIGH_RISK,HUMAN_REVIEW,-50.0,ROBUST,True
85763,0.7842506550956678,39.31347930363382,8.828494129466652,HIGH_RISK,HUMAN_REVIEW,-50.0,ROBUST,True
85764,0.7002429067151587,35.73015347365851,8.962007209588313,HIGH_RISK,HUMAN_REVIEW,-50.0,ROBUST,True
85765,0.4837295618032855,0.0,7.799589370422301,WATCH,MONITOR,-10.0,ROBUST,False
85766,0.41944520636938043,0.0,6.543552068622613,WATCH,MONITOR,-10.0,ROBUST,False
85767,0.28341950859176,0.0,10.827308461329249,LOW_RISK,NO_ACTION,0.0,ROBUST,False
85768,0.17992836813654567,0.0,10.694074461982137,LOW_RISK,NO_ACTION,0.0,ROBUST,False
85769,0.42440644410506245,0.0,5.614003635409415,WATCH,MONITOR,-10.0,ROBUST,False
85770,0.16287298864334943,0.0,11.727238138609684,LOW_RISK,NO_ACTION,0.0,ROBUST,False
85771,0.8002246591601493,14.707939541722261,11.067084981342694,HIGH_RISK,SUPPLIER_ESCALATION,200.02213416996256,ROBUST,True
85772,0.24640535673606045,0.0,9.30228124567454,LOW_RISK,NO_ACTION,0.0,ROBUST,False
85773,0.45213927834079604,0.0,8.87360810154911,WATCH,MONITOR,-10.0,ROBUST,False
85774,0.7340218575934179,2.047040667483197,12.081020063130792,HIGH_RISK,TRANSPORT_MODE_REVIEW,207.0808304618535,ROBUST,True
85775,0.14889367714181045,0.0,12.141326102757603,LOW_RISK,NO_ACTION,0.0,ROBUST,False
85776,0.2975899953221064,0.0,13.021132545076261,LOW_RISK,NO_ACTION,0.0,ROBUST,False
85777,0.2105642164374699,0.0,7.065613363597717,LOW_RISK,NO_ACTION,0.0,ROBUST,False
85778,0.32749117665926397,0.0,10.714334654187425,WATCH,MONITOR,-10.0,ROBUST,False
85779,0.2806546738732894,0.0,10.230712882272085,LOW_RISK,NO_ACTION,0.0,ROBUST,False
85780,0.27398364254048674,0.0,8.419620053051526,LOW_RISK,NO_ACTION,0.0,ROBUST,False
85781,0.14478918819479733,0.0,10.244024018975157,LOW_RISK,NO_ACTION,0.0,ROBUST,False
85782,0.888425273353972,20.022707675021955,12.484919552600571,CRITICAL,HUMAN_REVIEW,-50.0,ROBUST,True
85783,0.42843143097874004,0.0,8.964799104032346,WATCH,MONITOR,-10.0,ROBUST,False
85784,0.4543530950286978,0.0,10.86909726111467,WATCH,MONITOR,-10.0,ROBUST,False
85786,0.6328067709328437,10.15905794858998,6.625657584824257,HIGH_RISK,TRANSPORT_MODE_REVIEW,350.01987697275445,ROBUST,True
85787,0.7191873878837717,5.978533490436835,9.534058042406174,HIGH_RISK,SUPPLIER_ESCALATION,200.0190681160849,ROBUST,True
85788,0.7010543104341458,4.699479181687967,12.671114705271345,HIGH_RISK,TRANSPORT_MODE_REVIEW,350.0380133441158,ROBUST,True
85789,0.34331904549675873,0.0,10.625003507146516,WATCH,MONITOR,-10.0,ROBUST,False
85790,0.38614128500008227,0.0,12.265729457993714,WATCH,MONITOR,-10.0,ROBUST,False
85791,0.2491239956812822,0.0,6.8471769060962036,LOW_RISK,NO_ACTION,0.0,ROBUST,False
85792,0.3718703469962559,0.0,9.691901950055648,WATCH,MONITOR,-10.0,ROBUST,False
85795,0.38518352622381047,0.0,11.82227460204483,WATCH,MONITOR,-10.0,ROBUST,False
85796,0.4741369125587621,0.0,7.391834382332418,WATCH,MONITOR,-10.0,ROBUST,False
85797,0.1259494551340429,0.0,11.937093641833219,LOW_RISK,NO_ACTION,0.0,ROBUST,False
85798,0.17691668929243193,0.0,13.50142643867158,LOW_RISK,NO_ACTION,0.0,ROBUST,False
85799,0.12741039503879525,0.0,11.047328113807309,LOW_RISK,NO_ACTION,0.0,ROBUST,False
85800,0.637526672950921,8.299567054017794,8.622381692280367,HIGH_RISK,TRANSPORT_MODE_REVIEW,350.025867145077,ROBUST,True
85801,0.4170348640134275,0.0,8.993700625000638,WATCH,MONITOR,-10.0,ROBUST,False
85802,0.7670455080834923,6.866050106185639,9.514167656232555,HIGH_RISK,TRANSPORT_MODE_REVIEW,350.02854250296866,ROBUST,True
85803,0.13346536402047326,0.0,11.774417041063659,LOW_RISK,NO_ACTION,0.0,ROBUST,False
85804,0.20932494346148786,0.0,13.785670746243264,LOW_RISK,NO_ACTION,0.0,ROBUST,False
85805,0.21908793922340677,0.0,10.55380342959923,LOW_RISK,NO_ACTION,0.0,ROBUST,False
85806,0.7820067969593658,2.1702022041549567,10.17869362230918,HIGH_RISK,SUPPLIER_ESCALATION,200.02035738724464,ROBUST,True
85807,0.20321755761468618,0.0,11.776133066037115,LOW_RISK,NO_ACTION,0.0,ROBUST,False
85808,0.12918394556518195,0.0,10.740403420346217,LOW_RISK,NO_ACTION,0.0,ROBUST,False
85809,0.898645083219966,8.424453840414559,9.65509029374725,CRITICAL,EXPEDITE,250.0482754514686,SENSITIVE,True
85810,0.21963208466216455,0.0,8.733961262477893,LOW_RISK,NO_ACTION,0.0,ROBUST,False
85812,0.28094967080932026,0.0,14.846914453445109,LOW_RISK,NO_ACTION,0.0,ROBUST,False
85813,0.15106665399292216,0.0,2.8610573702273894,LOW_RISK,NO_ACTION,0.0,ROBUST,False
85814,0.4210193213578318,0.0,7.557472901614746,WATCH,MONITOR,-10.0,ROBUST,False
85815,0.3262127507696231,0.0,6.655466090062118,WATCH,MONITOR,-10.0,ROBUST,False
85816,0.46063425048394513,0.0,6.31792252226108,WATCH,MONITOR,-10.0,ROBUST,False
85817,0.2981886252261333,0.0,5.827945117276624,LOW_RISK,NO_ACTION,0.0,ROBUST,False
85819,0.4765702687271519,0.0,5.560681631015528,WATCH,MONITOR,-10.0,ROBUST,False
85820,0.7108147942747756,30.52598671675873,4.523960130562548,HIGH_RISK,TRANSPORT_MODE_REVIEW,350.0135718803913,ROBUST,True
85821,0.3305839425836936,0.0,7.180633310363904,WATCH,MONITOR,-10.0,ROBUST,False
85822,0.47355737525994535,0.0,9.643676126801267,WATCH,MONITOR,-10.0,ROBUST,False
85823,0.2292354989178209,0.0,11.026696839467608,LOW_RISK,NO_ACTION,0.0,ROBUST,False
85824,0.24625686508168454,0.0,6.2414447523757515,LOW_RISK,NO_ACTION,0.0,ROBUST,False
85825,0.11819118052241478,0.0,8.875007486048396,LOW_RISK,NO_ACTION,0.0,ROBUST,False
85826,0.33568036270554125,0.0,13.056417316814368,WATCH,MONITOR,-10.0,ROBUST,False
85827,0.7642848301961241,8.347345681760046,8.233290634256464,HIGH_RISK,EXPEDITE,250.0411664531714,SENSITIVE,True
85828,0.40940767609684126,0.0,11.058500653321644,WATCH,MONITOR,-10.0,ROBUST,False
85829,0.15992651441844133,0.0,10.845027230023614,LOW_RISK,NO_ACTION,0.0,ROBUST,False
85830,0.2776636289250001,0.0,10.252417581902414,LOW_RISK,NO_ACTION,0.0,ROBUST,False
85831,0.17074528483756626,0.0,11.690679941846778,LOW_RISK,NO_ACTION,0.0,ROBUST,False
85832,0.36485093954169956,0.0,11.742613554002773,WATCH,MONITOR,-10.0,ROBUST,False
85833,0.16317854896870726,0.0,14.810150892402694,LOW_RISK,NO_ACTION,0.0,ROBUST,False
85834,0.46166547358243004,0.0,9.79956378204327,WATCH,MONITOR,-10.0,ROBUST,False
85835,0.19225385826456534,0.0,10.33770077838288,LOW_RISK,NO_ACTION,0.0,ROBUST,False
85836,0.21656090651529794,0.0,12.435469404723415,LOW_RISK,NO_ACTION,0.0,ROBUST,False
85837,0.44036252886039995,0.0,10.468056766262062,WATCH,MONITOR,-10.0,ROBUST,False
85838,0.2833870440582895,0.0,9.367429587218957,LOW_RISK,NO_ACTION,0.0,ROBUST,False
85839,0.10959837832002922,0.0,11.530985987447325,LOW_RISK,NO_ACTION,0.0,ROBUST,False
85840,0.2978345004810583,0.0,12.925916964860175,LOW_RISK,NO_ACTION,0.0,ROBUST,False
85841,0.13381733415204922,0.0,9.988462691132108,LOW_RISK,NO_ACTION,0.0,ROBUST,False
85843,0.49413788747492426,0.0,10.078018423929645,WATCH,MONITOR,-10.0,ROBUST,False
85844,0.8967650050261758,8.44663639466266,5.806639860095909,CRITICAL,EXPEDITE,250.02903319930044,SENSITIVE,True
85845,0.6500489114850788,7.826807494127497,11.608244735642321,HIGH_RISK,SUPPLIER_ESCALATION,200.02321648947134,ROBUST,True
85846,0.3254870718190471,0.0,13.78202531272449,WATCH,MONITOR,-10.0,ROBUST,False
85847,0.13074684135270195,0.0,11.274563194182955,LOW_RISK,NO_ACTION,0.0,ROBUST,False
85848,0.41995652170752684,0.0,12.062686395780435,WATCH,MONITOR,-10.0,ROBUST,False
85849,0.47013122154566556,0.0,11.84268062100387,WATCH,MONITOR,-10.0,ROBUST,False
85850,0.4497777552824639,0.0,14.7355944865628,WATCH,MONITOR,-10.0,ROBUST,False
85851,0.23670304091942512,0.0,12.29888425195266,LOW_RISK,NO_ACTION,0.0,ROBUST,False
85852,0.2303072478573474,0.0,3.744787086052232,LOW_RISK,NO_ACTION,0.0,ROBUST,False
85853,0.11403504448652,0.0,8.867427438524983,LOW_RISK,NO_ACTION,0.0,ROBUST,False
85854,0.3605601434803667,0.0,10.454437903788206,WATCH,MONITOR,-10.0,ROBUST,False
85855,0.31396191367591797,0.0,12.271385366897391,WATCH,MONITOR,-10.0,ROBUST,False
85856,0.28373854853093655,0.0,10.425275371285688,LOW_RISK,NO_ACTION,0.0,ROBUST,False
85857,0.4630523813338828,0.0,10.249306684797636,WATCH,MONITOR,-10.0,ROBUST,False
85859,0.16715156043313853,0.0,12.460539189559192,LOW_RISK,NO_ACTION,0.0,ROBUST,False
85861,0.10386650667607294,0.0,6.715383386334681,LOW_RISK,NO_ACTION,0.0,ROBUST,False
85862,0.12932658084830617,0.0,10.485700658419152,LOW_RISK,NO_ACTION,0.0,ROBUST,False
85863,0.18934857513094758,0.0,12.549665896013254,LOW_RISK,NO_ACTION,0.0,ROBUST,False
85864,0.11331421970538279,0.0,9.790312135482946,LOW_RISK,NO_ACTION,0.0,ROBUST,False
85865,0.3011374842572542,0.0,13.080876578617346,WATCH,MONITOR,-10.0,ROBUST,False
85866,0.22563618209343123,0.0,7.6487397889562425,LOW_RISK,NO_ACTION,0.0,ROBUST,False
85867,0.17219320322725307,0.0,6.493753839851686,LOW_RISK,NO_ACTION,0.0,ROBUST,False
85868,0.4000336299794649,0.0,9.088624613292087,WATCH,MONITOR,-10.0,ROBUST,False
85869,0.18178053049301202,0.0,8.982567371278295,LOW_RISK,NO_ACTION,0.0,ROBUST,False
85870,0.3750420403975173,0.0,10.849220575010241,WATCH,MONITOR,-10.0,ROBUST,False
85871,0.23970596233905558,0.0,8.119993827725105,LOW_RISK,NO_ACTION,0.0,ROBUST,False
85872,0.3047311042650218,0.0,10.915106645867503,WATCH,MONITOR,-10.0,ROBUST,False
85873,0.47354681594052794,0.0,10.96012788017032,WATCH,MONITOR,-10.0,ROBUST,False
85874,0.11494065392632513,0.0,14.38411496976501,LOW_RISK,NO_ACTION,0.0,ROBUST,False
85875,0.30010580299098477,0.0,12.618186932107852,WATCH,MONITOR,-10.0,ROBUST,False
85876,0.44176918413104727,0.0,10.776118726144558,WATCH,MONITOR,-10.0,ROBUST,False
85877,0.3351896993481394,0.0,11.103133308677277,WATCH,MONITOR,-10.0,ROBUST,False
85878,0.21074820678606265,0.0,12.758235011311193,LOW_RISK,NO_ACTION,0.0,ROBUST,False
85879,0.2590724540580137,0.0,13.07292186215183,LOW_RISK,NO_ACTION,0.0,ROBUST,False
85880,0.37210625149142984,0.0,11.277924390266813,WATCH,MONITOR,-10.0,ROBUST,False
85881,0.4563247577255213,0.0,11.98148467654684,WATCH,MONITOR,-10.0,ROBUST,False
85882,0.11642654949864464,0.0,6.412474866551609,LOW_RISK,NO_ACTION,0.0,ROBUST,False
85883,0.12861552875615057,0.0,11.774878875818159,LOW_RISK,NO_ACTION,0.0,ROBUST,False
85884,0.23002060944383504,0.0,12.308633746480464,LOW_RISK,NO_ACTION,0.0,ROBUST,False
85885,0.19311187377499162,0.0,11.839077127206595,LOW_RISK,NO_ACTION,0.0,ROBUST,False
85886,0.20597235448896242,0.0,12.545971148648068,LOW_RISK,NO_ACTION,0.0,ROBUST,False
85887,0.18850799945035238,0.0,13.147715421302562,LOW_RISK,NO_ACTION,0.0,ROBUST,False
85888,0.802538965753326,10.300029006105976,11.016019182793048,HIGH_RISK,SUPPLIER_ESCALATION,200.02203203836575,ROBUST,True
85889,0.15224958674771671,0.0,12.207818121300635,LOW_RISK,NO_ACTION,0.0,ROBUST,False
85890,0.47358165271809527,0.0,12.089304869323458,WATCH,MONITOR,-10.0,ROBUST,False
85891,0.15767578556246123,0.0,13.135050948693442,LOW_RISK,NO_ACTION,0.0,ROBUST,False
85892,0.18176150990621448,0.0,9.101625347350218,LOW_RISK,NO_ACTION,0.0,ROBUST,False
85893,0.1985062895923143,0.0,13.018545227244637,LOW_RISK,NO_ACTION,0.0,ROBUST,False
85894,0.4732059492521682,0.0,11.779069040375322,WATCH,MONITOR,-10.0,ROBUST,False
85895,0.4022856534404339,0.0,11.774878875818159,WATCH,MONITOR,-10.0,ROBUST,False
85896,0.41587977212620586,0.0,9.26416545867109,WATCH,MONITOR,-10.0,ROBUST,False
85897,0.14190330381539923,0.0,11.212497440221302,LOW_RISK,NO_ACTION,0.0,ROBUST,False
85898,0.43452395000626864,0.0,11.535669253005738,WATCH,MONITOR,-10.0,ROBUST,False
85899,0.26327723272696724,0.0,10.110148814127369,LOW_RISK,NO_ACTION,0.0,ROBUST,False
85900,0.2051292104849555,0.0,12.02438480789381,LOW_RISK,NO_ACTION,0.0,ROBUST,False
85901,0.3303000334081242,0.0,9.05782069467422,WATCH,MONITOR,-10.0,ROBUST,False
85902,0.4288731623266936,0.0,11.88415379280609,WATCH,MONITOR,-10.0,ROBUST,False
85903,0.41146086042996377,0.0,6.397596099759307,WATCH,MONITOR,-10.0,ROBUST,False
85904,0.45599899303245284,0.0,11.079076314320059,WATCH,MONITOR,-10.0,ROBUST,False
85905,0.4712528744061776,0.0,12.285812415014878,WATCH,MONITOR,-10.0,ROBUST,False
85906,0.19524882857109982,0.0,12.271225165631796,LOW_RISK,NO_ACTION,0.0,ROBUST,False
85907,0.26954315766770864,0.0,11.503743035205536,LOW_RISK,NO_ACTION,0.0,ROBUST,False
85908,0.10585141568202801,0.0,10.608588007213532,LOW_RISK,NO_ACTION,0.0,ROBUST,False
85909,0.45172866370602405,0.0,7.118988179270512,WATCH,MONITOR,-10.0,ROBUST,False
85910,0.16182886058990703,0.0,14.201773526047685,LOW_RISK,NO_ACTION,0.0,ROBUST,False
85911,0.4445899249370777,0.0,12.159672832194504,WATCH,MONITOR,-10.0,ROBUST,False
85912,0.23175492879463855,0.0,14.463943282361535,LOW_RISK,NO_ACTION,0.0,ROBUST,False
85913,0.2472534359924553,0.0,9.688535360248208,LOW_RISK,NO_ACTION,0.0,ROBUST,False
85914,0.11565290179354376,0.0,10.566160061574271,LOW_RISK,NO_ACTION,0.0,ROBUST,False
85915,0.23075151590612786,0.0,8.741603140510172,LOW_RISK,NO_ACTION,0.0,ROBUST,False
85916,0.45534547312050566,0.0,13.9251906308873,WATCH,MONITOR,-10.0,ROBUST,False
85917,0.11021896044864166,0.0,13.52580254133946,LOW_RISK,NO_ACTION,0.0,ROBUST,False
85918,0.7345223523047799,4.641946342817264,11.333617442915841,HIGH_RISK,TRANSPORT_MODE_REVIEW,350.03400085232875,ROBUST,True
85919,0.11255985192509646,0.0,5.554044267758266,LOW_RISK,NO_ACTION,0.0,ROBUST,False
85920,0.248369370043626,0.0,13.380330326297026,LOW_RISK,NO_ACTION,0.0,ROBUST,False
85922,0.8913659735656483,1.0618057866968469,7.434009271025346,CRITICAL,HUMAN_REVIEW,-50.0,SENSITIVE,True
85923,0.20088735730734883,0.0,10.56999502614718,LOW_RISK,NO_ACTION,0.0,ROBUST,False
85924,0.45103934926456757,0.0,10.345660604049671,WATCH,MONITOR,-10.0,ROBUST,False
85925,0.2744196882487564,0.0,12.295859737489574,LOW_RISK,NO_ACTION,0.0,ROBUST,False
85926,0.2095191965607649,0.0,13.704623141534016,LOW_RISK,NO_ACTION,0.0,ROBUST,False
85927,0.8071868226244024,2.7960849605389853,8.644375471011776,HIGH_RISK,SUPPLIER_ESCALATION,200.01728875094204,ROBUST,True
85928,0.15684278393303297,0.0,10.693508235728775,LOW_RISK,NO_ACTION,0.0,ROBUST,False
85929,0.20375664296834237,0.0,12.422497678056219,LOW_RISK,NO_ACTION,0.0,ROBUST,False
85930,0.31849918704115543,0.0,13.984200702781624,WATCH,MONITOR,-10.0,ROBUST,False
85931,0.19500921673922755,0.0,12.684371182954921,LOW_RISK,NO_ACTION,0.0,ROBUST,False
85932,0.3716510949603493,0.0,10.413349912512484,WATCH,MONITOR,-10.0,ROBUST,False
85936,0.29659652090380906,0.0,12.256349513531395,LOW_RISK,NO_ACTION,0.0,ROBUST,False
85938,0.7465814777633955,123.58368551913239,7.346526205796774,HIGH_RISK,HUMAN_REVIEW,-50.0,ROBUST,True
85939,0.47929781428898743,0.0,10.061900564278407,WATCH,MONITOR,-10.0,ROBUST,False
85940,0.14632195573896312,0.0,11.81907073867573,LOW_RISK,NO_ACTION,0.0,ROBUST,False
85941,0.23386600399381796,0.0,12.015992065214466,LOW_RISK,NO_ACTION,0.0,ROBUST,False
85942,0.22781962515136264,0.0,7.537483311672427,LOW_RISK,NO_ACTION,0.0,ROBUST,False
85943,0.16047316773490172,0.0,10.429002754211476,LOW_RISK,NO_ACTION,0.0,ROBUST,False
85944,0.42412125493338837,0.0,8.318278730648506,WATCH,MONITOR,-10.0,ROBUST,False
85945,0.403951481615516,0.0,12.803537326983564,WATCH,MONITOR,-10.0,ROBUST,False
85947,0.2937701883337596,0.0,13.340542626937454,LOW_RISK,NO_ACTION,0.0,ROBUST,False
85948,0.6071652573957428,6.923043548738967,10.493965038374695,HIGH_RISK,HUMAN_REVIEW,-50.0,ROBUST,True
85951,0.7350072718583408,9.00770148142657,8.748463629942055,HIGH_RISK,HUMAN_REVIEW,-50.0,ROBUST,True
85952,0.32220294093081825,0.0,12.183443016026132,WATCH,MONITOR,-10.0,ROBUST,False
85953,0.41653660960785455,0.0,12.492833043370371,WATCH,MONITOR,-10.0,ROBUST,False
85955,0.6788079929640015,2.0674701088648977,12.672243815275715,HIGH_RISK,TRANSPORT_MODE_REVIEW,210.14671581503495,ROBUST,True
85956,0.20612254804816757,0.0,12.469600309908545,LOW_RISK,NO_ACTION,0.0,ROBUST,False
85958,0.8067430070941013,11.548050791942378,9.551696377844394,HIGH_RISK,EXPEDITE,250.04775848188933,SENSITIVE,True
85959,0.7543713348803401,13.452943398575307,8.21856610691326,HIGH_RISK,EXPEDITE,250.04109283053458,SENSITIVE,True
85960,0.31794931371429414,0.0,9.437820108436318,WATCH,MONITOR,-10.0,ROBUST,False
85961,0.2950261453115699,0.0,5.701513235212158,LOW_RISK,NO_ACTION,0.0,ROBUST,False
85962,0.25247000038607204,0.0,12.602282387907625,LOW_RISK,NO_ACTION,0.0,ROBUST,False
85963,0.3875511921576541,0.0,9.389406636049465,WATCH,MONITOR,-10.0,ROBUST,False
85964,0.4535504447943527,0.0,12.648403902106725,WATCH,MONITOR,-10.0,ROBUST,False
85965,0.621973681232217,14.54712244669635,13.378347145110462,HIGH_RISK,HUMAN_REVIEW,-50.0,ROBUST,True
85966,0.8436951998142357,1.7296874843441612,9.073041892782417,HIGH_RISK,HUMAN_REVIEW,-50.0,SENSITIVE,True
85967,0.30460605443329003,0.0,8.777555453213056,WATCH,MONITOR,-10.0,ROBUST,False
85968,0.3802927521453061,0.0,12.277001641517879,WATCH,MONITOR,-10.0,ROBUST,False
85969,0.4422498264703508,0.0,11.962815859936429,WATCH,MONITOR,-10.0,ROBUST,False
85970,0.286841476925708,0.0,12.898221828255906,LOW_RISK,NO_ACTION,0.0,ROBUST,False
85971,0.4339896293459561,0.0,12.317654269900281,WATCH,MONITOR,-10.0,ROBUST,False
85972,0.1710479277820809,0.0,10.793560584465164,LOW_RISK,NO_ACTION,0.0,ROBUST,False
85974,0.6115084664363923,8.53654180726784,13.836371957896175,HIGH_RISK,EXPEDITE,250.0691818597893,SENSITIVE,True
85975,0.36298854754246146,0.0,10.437117177319564,WATCH,MONITOR,-10.0,ROBUST,False
85977,0.8333633116610631,10.701607644120873,13.067698088438327,HIGH_RISK,HUMAN_REVIEW,-50.0,ROBUST,True
85978,0.750107508115317,6.310440884103297,13.334478336750738,HIGH_RISK,TRANSPORT_MODE_REVIEW,350.04000343501025,ROBUST,True
85979,0.7072539985281711,8.048431959121071,10.985318993729216,HIGH_RISK,HUMAN_REVIEW,-50.0,ROBUST,True
85980,0.6832280204402937,4.802619698455097,12.724869415131389,HIGH_RISK,SUPPLIER_ESCALATION,200.0254497388304,ROBUST,True
85981,0.7928406150486247,6.072565662542139,8.343077871169383,HIGH_RISK,HUMAN_REVIEW,-50.0,ROBUST,True
85982,0.49200016623973253,0.0,11.275315274618945,WATCH,MONITOR,-10.0,ROBUST,False
85983,0.2278782746665002,0.0,10.093623497314196,LOW_RISK,NO_ACTION,0.0,ROBUST,False
85985,0.3976744428926373,0.0,5.412003130951853,WATCH,MONITOR,-10.0,ROBUST,False
85986,0.8309316922156756,2.197461204919275,10.938112279371822,HIGH_RISK,TRANSPORT_MODE_REVIEW,229.64321681528025,ROBUST,True
85987,0.3434049370101387,0.0,11.696968871862456,WATCH,MONITOR,-10.0,ROBUST,False
85989,0.2573922202354505,0.0,14.091904710889882,LOW_RISK,NO_ACTION,0.0,ROBUST,False
85990,0.4859292501888991,0.0,10.22234120367599,WATCH,MONITOR,-10.0,ROBUST,False
85991,0.32867293043970847,0.0,8.416488487294606,WATCH,MONITOR,-10.0,ROBUST,False
85992,0.475115052183516,0.0,10.058579218068866,WATCH,MONITOR,-10.0,ROBUST,False
85993,0.10303656646956566,0.0,11.592766613870621,LOW_RISK,NO_ACTION,0.0,ROBUST,False
85994,0.3290682332764484,0.0,7.473296334936936,WATCH,MONITOR,-10.0,ROBUST,False
85995,0.38687475589010856,0.0,11.391297798181848,WATCH,MONITOR,-10.0,ROBUST,False
85996,0.39803206846488726,0.0,10.955130518296741,WATCH,MONITOR,-10.0,ROBUST,False
85997,0.46199075271267254,0.0,12.757419309734283,WATCH,MONITOR,-10.0,ROBUST,False
85998,0.10176064360151452,0.0,8.253404713237703,LOW_RISK,NO_ACTION,0.0,ROBUST,False
85999,0.10013206370379057,0.0,10.298720826839553,LOW_RISK,NO_ACTION,0.0,ROBUST,False
86000,0.2889053843180861,0.0,12.095897781695811,LOW_RISK,NO_ACTION,0.0,ROBUST,False
86001,0.11171748200214826,0.0,10.709666052765726,LOW_RISK,NO_ACTION,0.0,ROBUST,False
86003,0.48981302146494987,0.0,10.710706891958107,WATCH,MONITOR,-10.0,ROBUST,False
86005,0.8241673935265761,20.086068695904082,11.533054509574717,HIGH_RISK,HUMAN_REVIEW,-50.0,ROBUST,True
86007,0.2890658917459379,0.0,9.485607952522182,LOW_RISK,NO_ACTION,0.0,ROBUST,False
86008,0.6918717735685201,4.324122511942752,9.957618666502064,HIGH_RISK,SUPPLIER_ESCALATION,200.01991523733307,ROBUST,True
86009,0.3088193664685034,0.0,9.137877200242468,WATCH,MONITOR,-10.0,ROBUST,False
86010,0.2519824500589634,0.0,13.944412174697005,LOW_RISK,NO_ACTION,0.0,ROBUST,False
86014,0.1178640115508895,0.0,12.948751144108599,LOW_RISK,NO_ACTION,0.0,ROBUST,False
86015,0.6769985069687743,3.704401988842248,9.09884999594282,HIGH_RISK,TRANSPORT_MODE_REVIEW,350.02729654998785,ROBUST,True
86017,0.2565744080891422,0.0,12.903912075250444,LOW_RISK,NO_ACTION,0.0,ROBUST,False
86018,0.49596859650997605,0.0,12.313392779880486,WATCH,MONITOR,-10.0,ROBUST,False
86019,0.8034367504609939,50.85316075463576,6.680917412079656,HIGH_RISK,SUPPLIER_ESCALATION,200.01336183482454,ROBUST,True
86020,0.3179118461480399,0.0,10.313236803916677,WATCH,MONITOR,-10.0,ROBUST,False
86021,0.4949262196794515,0.0,9.401249945956671,WATCH,MONITOR,-10.0,ROBUST,False
86022,0.703193890894911,6.26296233193093,8.268988209506656,HIGH_RISK,HUMAN_REVIEW,-50.0,ROBUST,True
86023,0.49734700035283563,0.0,9.57917469018256,WATCH,MONITOR,-10.0,ROBUST,False
86024,0.4873193258640677,0.0,12.022756594390605,WATCH,MONITOR,-10.0,ROBUST,False
86025,0.2958158168376617,0.0,12.329720493946251,LOW_RISK,NO_ACTION,0.0,ROBUST,False
86027,0.7934159932145453,62.53748172571492,7.590442949078976,HIGH_RISK,EXPEDITE,250.03795221474684,SENSITIVE,True
86028,0.14417725077646046,0.0,7.626526345679674,LOW_RISK,NO_ACTION,0.0,ROBUST,False
86029,0.6147482487465145,38.78470570375551,9.972014982388592,HIGH_RISK,SUPPLIER_ESCALATION,200.0199440299648,ROBUST,True
86030,0.6093170628105467,19.521475844935484,8.852807917623322,HIGH_RISK,EXPEDITE,250.04426403958814,SENSITIVE,True
86031,0.7662543766346397,3.204207230470722,12.297837457027946,HIGH_RISK,HUMAN_REVIEW,-50.0,SENSITIVE,True
86032,0.38107961312689276,0.0,10.208063614530875,WATCH,MONITOR,-10.0,ROBUST,False
86033,0.7612137571331565,22.409437290411166,10.540937016623984,HIGH_RISK,HUMAN_REVIEW,-50.0,ROBUST,True
86034,0.20138765649715756,0.0,10.983112381568603,LOW_RISK,NO_ACTION,0.0,ROBUST,False
86040,0.6100279599279664,12.840024425195315,9.030376034755907,HIGH_RISK,HUMAN_REVIEW,-50.0,ROBUST,True
86041,0.710025622927782,13.397982003994425,9.39024233725137,HIGH_RISK,TRANSPORT_MODE_REVIEW,350.0281707270117,ROBUST,True
86042,0.6711211173522534,16.51275591120286,9.748195388129833,HIGH_RISK,HUMAN_REVIEW,-50.0,ROBUST,True
86043,0.7341818904471367,20.66006335811668,11.584869869727621,HIGH_RISK,TRANSPORT_MODE_REVIEW,350.0347546096091,ROBUST,True
86044,0.6217129179582367,14.555550822652652,11.162417182317173,HIGH_RISK,TRANSPORT_MODE_REVIEW,350.03348725154706,ROBUST,True
86045,0.40012497535188796,0.0,10.46033379453161,WATCH,MONITOR,-10.0,ROBUST,False
86046,0.3192132288886372,0.0,11.564388244994277,WATCH,MONITOR,-10.0,ROBUST,False
86047,0.2527487008938002,0.0,10.098811707964071,LOW_RISK,NO_ACTION,0.0,ROBUST,False
86048,0.4239505660154278,0.0,13.375877424748502,WATCH,MONITOR,-10.0,ROBUST,False
86049,0.8956572399765654,0.900194736640489,9.019388077283178,CRITICAL,TRANSPORT_MODE_REVIEW,35.037329701748234,SENSITIVE,True
86050,0.25622484097081266,0.0,8.716978040086497,LOW_RISK,NO_ACTION,0.0,ROBUST,False
86051,0.14383914813405083,0.0,7.669401875966774,LOW_RISK,NO_ACTION,0.0,ROBUST,False
86052,0.45817812550668313,0.0,10.750070157188924,WATCH,MONITOR,-10.0,ROBUST,False
86054,0.11418783413666662,0.0,10.012386799492118,LOW_RISK,NO_ACTION,0.0,ROBUST,False
86056,0.8709151959307546,15.85763830276184,13.624351263156136,CRITICAL,HUMAN_REVIEW,-50.0,ROBUST,True
86058,0.6419161700936862,7.07682108152756,11.704710435412538,HIGH_RISK,SUPPLIER_ESCALATION,200.02340942087096,ROBUST,True
86059,0.3557355054005623,0.0,13.20133757596373,WATCH,MONITOR,-10.0,ROBUST,False
86060,0.7273717821557867,2.4482890301020563,10.34705094924295,HIGH_RISK,TRANSPORT_MODE_REVIEW,267.26868708664136,ROBUST,True
86061,0.16068264620155936,0.0,12.420381283681547,LOW_RISK,NO_ACTION,0.0,ROBUST,False
86062,0.3267801902555241,0.0,11.610034208207413,WATCH,MONITOR,-10.0,ROBUST,False
86063,0.4057731449480768,0.0,12.931205293247745,WATCH,MONITOR,-10.0,ROBUST,False
86064,0.403033533087623,0.0,0.0,WATCH,MONITOR,-10.0,ROBUST,False
86065,0.6002368533279656,15.906268551289369,7.018267501779566,HIGH_RISK,HUMAN_REVIEW,-50.0,ROBUST,True
86066,0.8430420272236384,1.9039534467344228,15.257388791762295,HIGH_RISK,HUMAN_REVIEW,-50.0,SENSITIVE,True
86067,0.6262723688958715,22.902212892607025,12.54959454620319,HIGH_RISK,HUMAN_REVIEW,-50.0,ROBUST,True
86068,0.43641105510296474,0.0,11.886346880719714,WATCH,MONITOR,-10.0,ROBUST,False
86069,0.8743849363545575,2.3437491619713207,4.827513417131532,CRITICAL,HUMAN_REVIEW,-50.0,SENSITIVE,True
86070,0.24160197727249708,0.0,6.679850410566217,LOW_RISK,NO_ACTION,0.0,ROBUST,False
86071,0.49869056042309323,0.0,5.647987836333886,WATCH,MONITOR,-10.0,ROBUST,False
86072,0.6236095730122528,8.92011531951624,12.253867076026095,HIGH_RISK,EXPEDITE,250.0612693353803,SENSITIVE,True
86073,0.10978588110357337,0.0,6.616065185132817,LOW_RISK,NO_ACTION,0.0,ROBUST,False
86074,0.24504678063418484,0.0,7.658133092996354,LOW_RISK,NO_ACTION,0.0,ROBUST,False
86075,0.8207860681545533,16.063388466078912,8.938229765848313,HIGH_RISK,EXPEDITE,250.04469114882932,SENSITIVE,True
86076,0.6903693884381724,11.43265070872943,7.02866231874122,HIGH_RISK,HUMAN_REVIEW,-50.0,ROBUST,True
86077,0.7390173026413939,9.865456475330445,8.556606193773073,HIGH_RISK,SUPPLIER_ESCALATION,200.01711321238759,ROBUST,True
86078,0.7798291626082865,32.39213545436744,13.02354399956057,HIGH_RISK,HUMAN_REVIEW,-50.0,ROBUST,True
86081,0.6513820231998718,9.91417155935892,12.853298602572009,HIGH_RISK,TRANSPORT_MODE_REVIEW,350.0385598958078,ROBUST,True
86082,0.8224913455852862,4.447088972485349,10.923412811406273,HIGH_RISK,TRANSPORT_MODE_REVIEW,350.0327702384342,ROBUST,True
86083,0.18131582217438247,0.0,13.481251713981301,LOW_RISK,NO_ACTION,0.0,ROBUST,False
86084,0.13715988579764776,0.0,14.20898803399642,LOW_RISK,NO_ACTION,0.0,ROBUST,False
86086,0.12526709236121245,0.0,14.616587792588842,LOW_RISK,NO_ACTION,0.0,ROBUST,False
86089,0.2071006662158167,0.0,12.969221009060147,LOW_RISK,NO_ACTION,0.0,ROBUST,False
86090,0.328759587064148,0.0,5.498396978263695,WATCH,MONITOR,-10.0,ROBUST,False
86093,0.4858742225787367,0.0,12.78925148848532,WATCH,MONITOR,-10.0,ROBUST,False
86094,0.4502226617398425,0.0,12.486301725806072,WATCH,MONITOR,-10.0,ROBUST,False
86095,0.8245125748284547,3.3660002830728546,11.837679308637243,HIGH_RISK,TRANSPORT_MODE_REVIEW,350.03551303792585,ROBUST,True
86096,0.17042681441506305,0.0,11.218359486043449,LOW_RISK,NO_ACTION,0.0,ROBUST,False
86097,0.20596287739912805,0.0,12.033317147746617,LOW_RISK,NO_ACTION,0.0,ROBUST,False
86102,0.8675460634219838,11.969495273310354,8.196516741888338,CRITICAL,TRANSPORT_MODE_REVIEW,350.0245895502255,ROBUST,True
86103,0.6589323945668357,14.63537686301513,11.33495745771209,HIGH_RISK,TRANSPORT_MODE_REVIEW,350.0340048723731,ROBUST,True
86104,0.7841537835023173,5.151687721893777,13.425480907876478,HIGH_RISK,SUPPLIER_ESCALATION,200.02685096181574,ROBUST,True
86106,0.32267826832834134,0.0,5.409858741280944,WATCH,MONITOR,-10.0,ROBUST,False
86107,0.19915022892958031,0.0,13.61928285334007,LOW_RISK,NO_ACTION,0.0,ROBUST,False
86108,0.8139965188503817,6.629158118686458,10.031141707987775,HIGH_RISK,TRANSPORT_MODE_REVIEW,350.03009342512394,ROBUST,True
86110,0.49629002209904205,0.0,12.20961307082169,WATCH,MONITOR,-10.0,ROBUST,False
86111,0.7874102008219824,10.148658784601432,10.61890979160975,HIGH_RISK,TRANSPORT_MODE_REVIEW,350.031856729375,ROBUST,True
86112,0.684762259098733,10.090966055615544,10.467465242103236,HIGH_RISK,HUMAN_REVIEW,-50.0,ROBUST,True
86113,0.32879307413760506,0.0,6.581166044214873,WATCH,MONITOR,-10.0,ROBUST,False
86114,0.4484057149574997,0.0,14.450234348468525,WATCH,MONITOR,-10.0,ROBUST,False
86115,0.8157068461300803,60.71590929011889,10.56587135564503,HIGH_RISK,EXPEDITE,250.0528293567786,SENSITIVE,True
86116,0.4784694819185381,0.0,14.44964067139908,WATCH,MONITOR,-10.0,ROBUST,False
86117,0.21253543441825473,0.0,12.738525701211428,LOW_RISK,NO_ACTION,0.0,ROBUST,False
86118,0.6746830574390619,46.34129119917465,9.157630284938062,HIGH_RISK,TRANSPORT_MODE_REVIEW,350.02747289085437,ROBUST,True
86119,0.6973314685905199,38.62778459809972,9.641522608329689,HIGH_RISK,TRANSPORT_MODE_REVIEW,350.028924567825,ROBUST,True
86120,0.7002646011780344,47.14752605020634,10.479398422958052,HIGH_RISK,HUMAN_REVIEW,-50.0,ROBUST,True
86121,0.6077227229241648,68.92356866682354,13.287671760755698,HIGH_RISK,EXPEDITE,250.06643835880277,SENSITIVE,True
86129,0.4919212652416618,0.0,7.057252290128048,WATCH,MONITOR,-10.0,ROBUST,False
86130,0.8409913720554101,54.62111711320825,12.417835683767999,HIGH_RISK,HUMAN_REVIEW,-50.0,ROBUST,True
86131,0.2562562619217357,0.0,12.561653290942616,LOW_RISK,NO_ACTION,0.0,ROBUST,False
86133,0.28877517142258347,0.0,12.236412695915957,LOW_RISK,NO_ACTION,0.0,ROBUST,False
86134,0.4410946982927727,0.0,9.889829707337489,WATCH,MONITOR,-10.0,ROBUST,False
86135,0.3581873702072671,0.0,11.373183282399843,WATCH,MONITOR,-10.0,ROBUST,False
86136,0.11790894900723803,0.0,12.560524981304306,LOW_RISK,NO_ACTION,0.0,ROBUST,False
86137,0.6039030640277618,1.1219435661862862,8.601718146485926,HIGH_RISK,TRANSPORT_MODE_REVIEW,68.30118557027552,SENSITIVE,True
86138,0.10692004909638793,0.0,13.466410424006023,LOW_RISK,NO_ACTION,0.0,ROBUST,False
86139,0.41141414840136215,0.0,8.9339147077801,WATCH,MONITOR,-10.0,ROBUST,False
86140,0.2313249094169855,0.0,12.95425715034251,LOW_RISK,NO_ACTION,0.0,ROBUST,False
86141,0.8772655304527981,17.05500807951489,11.450110684005246,CRITICAL,TRANSPORT_MODE_REVIEW,350.0343503320519,ROBUST,True
86142,0.607317297933029,16.64016176318288,10.003966171102347,HIGH_RISK,HUMAN_REVIEW,-50.0,ROBUST,True
86143,0.11857952691430462,0.0,9.95902253821828,LOW_RISK,NO_ACTION,0.0,ROBUST,False
86144,0.16341661423664416,0.0,9.430115055020687,LOW_RISK,NO_ACTION,0.0,ROBUST,False
86147,0.6657961203634146,3.5411268524175186,11.31487139870161,HIGH_RISK,TRANSPORT_MODE_REVIEW,350.0339446141961,ROBUST,True
86148,0.19197006541822426,0.0,11.225256725762893,LOW_RISK,NO_ACTION,0.0,ROBUST,False
86151,0.23516057031002524,0.0,10.088970772667661,LOW_RISK,NO_ACTION,0.0,ROBUST,False
86154,0.49926989515698605,0.0,11.751004918300415,WATCH,MONITOR,-10.0,ROBUST,False
86155,0.43016577502952436,0.0,13.628700141296921,WATCH,MONITOR,-10.0,ROBUST,False
86156,0.4535607259840434,0.0,11.01222226945902,WATCH,MONITOR,-10.0,ROBUST,False
86158,0.6493576117178437,10.061971795956344,8.267048364599084,HIGH_RISK,HUMAN_REVIEW,-50.0,ROBUST,True
86159,0.6700741302667077,3.9471332776726573,12.583271397827968,HIGH_RISK,EXPEDITE,92.11965950017498,SENSITIVE,True
86161,0.6790420337081544,15.540651312561371,12.332947910202252,HIGH_RISK,HUMAN_REVIEW,-50.0,ROBUST,True
86162,0.19362499702882996,0.0,11.844076425825891,LOW_RISK,NO_ACTION,0.0,ROBUST,False
86163,0.4320467645232491,0.0,10.986778398386289,WATCH,MONITOR,-10.0,ROBUST,False
86164,0.371820744914074,0.0,14.166478930351813,WATCH,MONITOR,-10.0,ROBUST,False
86167,0.6945650212131858,9.747122835394716,11.727076706382617,HIGH_RISK,TRANSPORT_MODE_REVIEW,350.0351812301192,ROBUST,True
86168,0.25079753168418195,0.0,13.458722750513838,LOW_RISK,NO_ACTION,0.0,ROBUST,False
86170,0.30268470557311933,0.0,8.360258640212363,WATCH,MONITOR,-10.0,ROBUST,False
86171,0.8158379903009916,22.701892180426903,12.975551502551175,HIGH_RISK,HUMAN_REVIEW,-50.0,ROBUST,True
86172,0.8563705992097923,11.213510285751685,9.703877405604631,CRITICAL,TRANSPORT_MODE_REVIEW,350.02911163221665,ROBUST,True
86173,0.6770856898525409,0.9757967465912557,11.778369597156942,HIGH_RISK,TRANSPORT_MODE_REVIEW,46.381005283421416,SENSITIVE,True
86174,0.6062728537005705,0.8588343969081548,9.498609272210855,HIGH_RISK,SUPPLIER_ESCALATION,28.833317268588985,SENSITIVE,True
86179,0.6669270055336067,6.720950294169246,13.78368018405627,HIGH_RISK,HUMAN_REVIEW,-50.000000000000114,ROBUST,True
86181,0.6169547072390272,22.060228403798774,6.261873290889306,HIGH_RISK,HUMAN_REVIEW,-50.0,ROBUST,True
86183,0.4721017279940224,0.0,15.567957067117765,WATCH,MONITOR,-10.0,ROBUST,False
86185,0.7294524359542927,57.6928202897273,5.362699625477305,HIGH_RISK,HUMAN_REVIEW,-50.0,ROBUST,True
86186,0.12278114691827247,0.0,8.336821731945896,LOW_RISK,NO_ACTION,0.0,ROBUST,False
86187,0.754783763557627,11.539757671421567,9.66007751636045,HIGH_RISK,EXPEDITE,250.04830038758178,SENSITIVE,True
86188,0.29076217021291006,0.0,12.738077713051307,LOW_RISK,NO_ACTION,0.0,ROBUST,False
86189,0.27262171598124296,0.0,1.979621206397625,LOW_RISK,NO_ACTION,0.0,ROBUST,False
86192,0.3563566659348828,0.0,8.349411023583016,WATCH,MONITOR,-10.0,ROBUST,False
86193,0.47788362033016496,0.0,9.888292693153586,WATCH,MONITOR,-10.0,ROBUST,False
86195,0.14496188451117953,0.0,14.846025930800126,LOW_RISK,NO_ACTION,0.0,ROBUST,False
86196,0.28074346605369616,0.0,8.982309899088579,LOW_RISK,NO_ACTION,0.0,ROBUST,False
86197,0.17696441515485573,0.0,11.645925466431473,LOW_RISK,NO_ACTION,0.0,ROBUST,False
86198,0.45764303935917905,0.0,12.40705467434125,WATCH,MONITOR,-10.0,ROBUST,False
86199,0.4858320743206611,0.0,15.488841570796783,WATCH,MONITOR,-10.0,ROBUST,False
86200,0.2914806727561401,0.0,13.962205800672564,LOW_RISK,NO_ACTION,0.0,ROBUST,False
86203,0.1416041190912563,0.0,14.074727258661454,LOW_RISK,NO_ACTION,0.0,ROBUST,False
86204,0.41411786668906936,0.0,13.25549644070626,WATCH,MONITOR,-10.0,ROBUST,False
86205,0.3788565401969596,0.0,14.135200528260535,WATCH,MONITOR,-10.0,ROBUST,False
86206,0.6285169610497693,16.6543929106196,12.413407251374132,HIGH_RISK,TRANSPORT_MODE_REVIEW,350.037240221754,ROBUST,True
86207,0.6601407143299077,31.717122698627968,10.328003371335093,HIGH_RISK,TRANSPORT_MODE_REVIEW,350.03098401011357,ROBUST,True
86208,0.4903327559130829,0.0,12.430998248047507,WATCH,MONITOR,-10.0,ROBUST,False
86209,0.32314153965207815,0.0,12.789965628771702,WATCH,MONITOR,-10.0,ROBUST,False
86210,0.32629116453771695,0.0,12.319727081346146,WATCH,MONITOR,-10.0,ROBUST,False
86211,0.6474858768177294,7.960440193565896,7.220922332943935,HIGH_RISK,TRANSPORT_MODE_REVIEW,350.0216627669988,ROBUST,True
86212,0.7366982464659275,5.220399657359371,10.350190568660537,HIGH_RISK,TRANSPORT_MODE_REVIEW,350.031050571706,ROBUST,True
86213,0.2758569282099386,0.0,10.467220567334527,LOW_RISK,NO_ACTION,0.0,ROBUST,False
86216,0.22087641077122078,0.0,10.027349849757085,LOW_RISK,NO_ACTION,0.0,ROBUST,False
86235,0.714920810917952,5.447499305268586,7.631843800781631,HIGH_RISK,HUMAN_REVIEW,-50.0,ROBUST,True
86236,0.20108314388364998,0.0,4.7496167903531195,LOW_RISK,NO_ACTION,0.0,ROBUST,False
86237,0.1791418598710658,0.0,4.200204952921578,LOW_RISK,NO_ACTION,0.0,ROBUST,False
86238,0.31681679382157957,0.0,7.768364153429013,WATCH,MONITOR,-10.0,ROBUST,False
86239,0.34066800870543756,0.0,4.532384416262439,WATCH,MONITOR,-10.0,ROBUST,False
86240,0.3434286897224066,0.0,7.742835955430749,WATCH,MONITOR,-10.0,ROBUST,False
86241,0.8462207522447192,4.513940155438289,9.52405562147478,HIGH_RISK,TRANSPORT_MODE_REVIEW,350.0285721668644,ROBUST,True
86242,0.26849189347419844,0.0,10.96946472863522,LOW_RISK,NO_ACTION,0.0,ROBUST,False
86243,0.8496487361187355,1.1437863111882263,12.078710299434036,HIGH_RISK,SUPPLIER_ESCALATION,71.58176214173122,SENSITIVE,True
86244,0.7482035011797916,1.1755153056852303,8.24301946898925,HIGH_RISK,HUMAN_REVIEW,-50.0,SENSITIVE,True
86245,0.4951093328548489,0.0,9.975854724662028,WATCH,MONITOR,-10.0,ROBUST,False
86246,0.27584689200354595,0.0,11.885853607173285,LOW_RISK,NO_ACTION,0.0,ROBUST,False
86247,0.3598323778471356,0.0,9.680406499268875,WATCH,MONITOR,-10.0,ROBUST,False
86248,0.12014519959735832,0.0,12.497777764666614,LOW_RISK,NO_ACTION,0.0,ROBUST,False
86249,0.36133596976752436,0.0,11.55860833029256,WATCH,MONITOR,-10.0,ROBUST,False
86250,0.4405705577660025,0.0,9.57851889529833,WATCH,MONITOR,-10.0,ROBUST,False
86251,0.4769831354133185,0.0,9.305741456739435,WATCH,MONITOR,-10.0,ROBUST,False
86252,0.49892824465590824,0.0,6.961485601403105,WATCH,MONITOR,-10.0,ROBUST,False
86253,0.21287145825969325,0.0,12.624786269856633,LOW_RISK,NO_ACTION,0.0,ROBUST,False
86254,0.33014802593028675,0.0,9.879246088163093,WATCH,MONITOR,-10.0,ROBUST,False
86256,0.28028719421285897,0.0,8.138482958216883,LOW_RISK,NO_ACTION,0.0,ROBUST,False
86257,0.3255269922300684,0.0,12.880803787035994,WATCH,MONITOR,-10.0,ROBUST,False
86258,0.16298118287593866,0.0,7.601402334583733,LOW_RISK,NO_ACTION,0.0,ROBUST,False
86259,0.44245982903837666,0.0,8.442685139241176,WATCH,MONITOR,-10.0,ROBUST,False
86260,0.4638275773378351,0.0,11.212536332042088,WATCH,MONITOR,-10.0,ROBUST,False
86261,0.27986466524516906,0.0,12.148315346511938,LOW_RISK,NO_ACTION,0.0,ROBUST,False
86262,0.21217194462943076,0.0,7.998671361015776,LOW_RISK,NO_ACTION,0.0,ROBUST,False
86263,0.15633337106120493,0.0,5.788062346702788,LOW_RISK,NO_ACTION,0.0,ROBUST,False
86265,0.37350592991112175,0.0,9.335012512055062,WATCH,MONITOR,-10.0,ROBUST,False
86266,0.22489273584829408,0.0,8.63111455819573,LOW_RISK,NO_ACTION,0.0,ROBUST,False
86267,0.46381542796535546,0.0,3.8325468039263493,WATCH,MONITOR,-10.0,ROBUST,False
86268,0.368404989937948,0.0,13.032316102190174,WATCH,MONITOR,-10.0,ROBUST,False
86269,0.35827413006969633,0.0,7.167809184316444,WATCH,MONITOR,-10.0,ROBUST,False
86270,0.32376084635929636,0.0,8.773539383558166,WATCH,MONITOR,-10.0,ROBUST,False
86271,0.11831053577149026,0.0,8.773539383558166,LOW_RISK,NO_ACTION,0.0,ROBUST,False
86272,0.4727689742742348,0.0,8.592003773824413,WATCH,MONITOR,-10.0,ROBUST,False
86273,0.3511749973197841,0.0,12.025339187040297,WATCH,MONITOR,-10.0,ROBUST,False
86274,0.49762479335324417,0.0,9.86919626975273,WATCH,MONITOR,-10.0,ROBUST,False
86275,0.3149425619091548,0.0,11.345606799854195,WATCH,MONITOR,-10.0,ROBUST,False
86276,0.3840443567624853,0.0,8.424419791263883,WATCH,MONITOR,-10.0,ROBUST,False
86277,0.12248382314648887,0.0,5.057264394690259,LOW_RISK,NO_ACTION,0.0,ROBUST,False
86278,0.35269447072936433,0.0,9.90353755128617,WATCH,MONITOR,-10.0,ROBUST,False
86279,0.4058598446361429,0.0,9.285358786694124,WATCH,MONITOR,-10.0,ROBUST,False
86280,0.411405717941023,0.0,11.35137383219598,WATCH,MONITOR,-10.0,ROBUST,False
86281,0.4080446608921142,0.0,4.479947041234014,WATCH,MONITOR,-10.0,ROBUST,False
86282,0.19051305091746706,0.0,11.145327076857104,LOW_RISK,NO_ACTION,0.0,ROBUST,False
86283,0.4901593910420904,0.0,11.455004784208066,WATCH,MONITOR,-10.0,ROBUST,False
86284,0.49807284824997555,0.0,4.566429357671661,WATCH,MONITOR,-10.0,ROBUST,False
86285,0.13023835006464052,0.0,10.53212287826962,LOW_RISK,NO_ACTION,0.0,ROBUST,False
86286,0.474578569124703,0.0,8.922791623969637,WATCH,MONITOR,-10.0,ROBUST,False
86287,0.21577967772174775,0.0,9.217415285648144,LOW_RISK,NO_ACTION,0.0,ROBUST,False
86288,0.37571363270038594,0.0,10.53563341533863,WATCH,MONITOR,-10.0,ROBUST,False
86289,0.23524436829445286,0.0,8.837964235489933,LOW_RISK,NO_ACTION,0.0,ROBUST,False
86290,0.48710172934924867,0.0,9.111830779505116,WATCH,MONITOR,-10.0,ROBUST,False
86291,0.1406015433214142,0.0,9.17317522469904,LOW_RISK,NO_ACTION,0.0,ROBUST,False
86293,0.29909872678255045,0.0,13.210833856053878,LOW_RISK,NO_ACTION,0.0,ROBUST,False
86294,0.27121911677682986,0.0,10.970626373827352,LOW_RISK,NO_ACTION,0.0,ROBUST,False
86295,0.23040938091119398,0.0,7.3758821482150125,LOW_RISK,NO_ACTION,0.0,ROBUST,False
86296,0.3582135963520595,0.0,10.291433424425355,WATCH,MONITOR,-10.0,ROBUST,False
86297,0.152422297368667,0.0,10.500657831081883,LOW_RISK,NO_ACTION,0.0,ROBUST,False
86298,0.38666496725347876,0.0,13.850724215119612,WATCH,MONITOR,-10.0,ROBUST,False
86299,0.49223684952191493,0.0,12.301009119151404,WATCH,MONITOR,-10.0,ROBUST,False
86300,0.4218234857874521,0.0,10.998108553267764,WATCH,MONITOR,-10.0,ROBUST,False
86301,0.44400670116381813,0.0,14.064240761121026,WATCH,MONITOR,-10.0,ROBUST,False
86302,0.6807359257914031,1.8915237649089898,11.159459651972444,HIGH_RISK,SUPPLIER_ESCALATION,183.7496731194837,SENSITIVE,True
86303,0.2299546425924875,0.0,10.188704088048116,LOW_RISK,NO_ACTION,0.0,ROBUST,False
86304,0.3068193418760533,0.0,12.860884840564287,WATCH,MONITOR,-10.0,ROBUST,False
86305,0.897627656108646,3.2157079052188466,12.02795922211002,CRITICAL,SUPPLIER_ESCALATION,200.02405591844428,ROBUST,True
86306,0.478143253782613,0.0,11.924141471582875,WATCH,MONITOR,-10.0,ROBUST,False
86307,0.8388205576190813,4.472613078596188,8.223981190388143,HIGH_RISK,TRANSPORT_MODE_REVIEW,350.0246719435711,ROBUST,True
86308,0.46120521566723693,0.0,8.192747544571702,WATCH,MONITOR,-10.0,ROBUST,False
86309,0.13343288880014229,0.0,13.683122511470389,LOW_RISK,NO_ACTION,0.0,ROBUST,False
86310,0.42904997107142406,0.0,10.177699813020515,WATCH,MONITOR,-10.0,ROBUST,False
86311,0.16078501035128606,0.0,10.225607282932941,LOW_RISK,NO_ACTION,0.0,ROBUST,False
86312,0.11525264563658909,0.0,13.259865446449075,LOW_RISK,NO_ACTION,0.0,ROBUST,False
86313,0.3877957801037635,0.0,10.175192670464767,WATCH,MONITOR,-10.0,ROBUST,False
86314,0.21210612006977134,0.0,10.736418414365376,LOW_RISK,NO_ACTION,0.0,ROBUST,False
86315,0.38579846111373983,0.0,5.057264394690259,WATCH,MONITOR,-10.0,ROBUST,False
86316,0.3220341001891279,0.0,10.021315031649332,WATCH,MONITOR,-10.0,ROBUST,False
86317,0.14352295609202625,0.0,5.786038116598931,LOW_RISK,NO_ACTION,0.0,ROBUST,False
86318,0.47285202932046555,0.0,10.934908916663861,WATCH,MONITOR,-10.0,ROBUST,False
86319,0.28092566990539103,0.0,11.09452784121283,LOW_RISK,NO_ACTION,0.0,ROBUST,False
86320,0.794351111582468,1.133617766488593,13.032911205916006,HIGH_RISK,SUPPLIER_ESCALATION,70.05743931298105,SENSITIVE,True
86321,0.8136215976743791,12.89426935087244,9.152545991246273,HIGH_RISK,SUPPLIER_ESCALATION,200.01830509198248,ROBUST,True
86322,0.3417445899844819,0.0,13.553690495392066,WATCH,MONITOR,-10.0,ROBUST,False
86323,0.22110943694267698,0.0,11.674202123168433,LOW_RISK,NO_ACTION,0.0,ROBUST,False
86324,0.18014412160138013,0.0,10.287933293420217,LOW_RISK,NO_ACTION,0.0,ROBUST,False
86325,0.31702808136322713,0.0,9.856133856152658,WATCH,MONITOR,-10.0,ROBUST,False
86326,0.2760875891884008,0.0,11.581527593460411,LOW_RISK,NO_ACTION,0.0,ROBUST,False
86327,0.2560452853735733,0.0,7.167809184316444,LOW_RISK,NO_ACTION,0.0,ROBUST,False
86328,0.3690268780378493,0.0,10.270224999254344,WATCH,MONITOR,-10.0,ROBUST,False
86329,0.650650081995771,5.95962034777871,8.248790733696413,HIGH_RISK,SUPPLIER_ESCALATION,200.01649758146743,ROBUST,True
86330,0.11836802243650522,0.0,13.642942480966422,LOW_RISK,NO_ACTION,0.0,ROBUST,False
86331,0.23549779769746887,0.0,10.872693263156664,LOW_RISK,NO_ACTION,0.0,ROBUST,False
86332,0.264705820090551,0.0,12.348525312483051,LOW_RISK,NO_ACTION,0.0,ROBUST,False
86333,0.13875686446566726,0.0,11.026873751302885,LOW_RISK,NO_ACTION,0.0,ROBUST,False
86334,0.19436034667931534,0.0,12.199944154633856,LOW_RISK,NO_ACTION,0.0,ROBUST,False
86335,0.12065671888910266,0.0,11.661683344037153,LOW_RISK,NO_ACTION,0.0,ROBUST,False
86336,0.7529271200702614,14.665315321050372,13.59443833496766,HIGH_RISK,HUMAN_REVIEW,-50.0,ROBUST,True
86337,0.7755782626529539,8.11860772836833,5.061328408411774,HIGH_RISK,TRANSPORT_MODE_REVIEW,350.01518398522524,ROBUST,True
86338,0.13498006260110149,0.0,7.702050113546929,LOW_RISK,NO_ACTION,0.0,ROBUST,False
86339,0.10809975191603685,0.0,7.044329537391328,LOW_RISK,NO_ACTION,0.0,ROBUST,False
86340,0.38771512006091213,0.0,10.504820933823419,WATCH,MONITOR,-10.0,ROBUST,False
86341,0.7923018171962104,15.518247712196432,12.26459340872845,HIGH_RISK,HUMAN_REVIEW,-50.0,ROBUST,True
86342,0.870377762338969,19.030743391738305,9.164715193949908,CRITICAL,SUPPLIER_ESCALATION,200.0183294303879,ROBUST,True
86343,0.46939041512735347,0.0,11.806736218630185,WATCH,MONITOR,-10.0,ROBUST,False
86344,0.714422642970937,5.741975522962153,6.507456800825332,HIGH_RISK,TRANSPORT_MODE_REVIEW,350.0195223704025,ROBUST,True
86345,0.6422605811852584,22.01551368820618,9.811975152030021,HIGH_RISK,SUPPLIER_ESCALATION,200.01962395030387,ROBUST,True
86346,0.41287761441858106,0.0,9.803943422199742,WATCH,MONITOR,-10.0,ROBUST,False
86347,0.4823246972697498,0.0,9.824281994355154,WATCH,MONITOR,-10.0,ROBUST,False
86348,0.3320925148239824,0.0,11.40085358954671,WATCH,MONITOR,-10.0,ROBUST,False
86349,0.3727989789122934,0.0,10.255473118508654,WATCH,MONITOR,-10.0,ROBUST,False
86350,0.8850633617596291,24.544229581538968,14.113770323842106,CRITICAL,EXPEDITE,250.0705688516191,SENSITIVE,True
86351,0.6189788015462024,7.937589773502905,13.55206701128121,HIGH_RISK,HUMAN_REVIEW,-50.0,ROBUST,True
86352,0.7809041590093765,6.746511655359334,13.456678288671682,HIGH_RISK,HUMAN_REVIEW,-50.0,ROBUST,True
86353,0.4711084393627277,0.0,10.25495747381651,WATCH,MONITOR,-10.0,ROBUST,False
86354,0.8681322563285835,25.52020765938799,12.495496325502753,CRITICAL,HUMAN_REVIEW,-50.0,ROBUST,True
86355,0.41593916339413906,0.0,11.82628259408539,WATCH,MONITOR,-10.0,ROBUST,False
86356,0.1686540069661492,0.0,6.931344844415223,LOW_RISK,NO_ACTION,0.0,ROBUST,False
86357,0.18478363610318943,0.0,10.326284918828371,LOW_RISK,NO_ACTION,0.0,ROBUST,False
86358,0.31281387473335603,0.0,10.745463706299637,WATCH,MONITOR,-10.0,ROBUST,False
86359,0.1706216768971362,0.0,12.491255347155265,LOW_RISK,NO_ACTION,0.0,ROBUST,False
86360,0.35399802808836944,0.0,7.727015151531677,WATCH,MONITOR,-10.0,ROBUST,False
86361,0.2166612741578796,0.0,12.310201102515322,LOW_RISK,NO_ACTION,0.0,ROBUST,False
86362,0.41661304746675676,0.0,8.623533227187563,WATCH,MONITOR,-10.0,ROBUST,False
86363,0.4232441386457374,0.0,11.392057776660867,WATCH,MONITOR,-10.0,ROBUST,False
86364,0.28551498230214123,0.0,13.67357510422369,LOW_RISK,NO_ACTION,0.0,ROBUST,False
86365,0.17232425401505413,0.0,9.352447388601012,LOW_RISK,NO_ACTION,0.0,ROBUST,False
86366,0.6824686974771264,18.526957098920008,12.433610527614848,HIGH_RISK,TRANSPORT_MODE_REVIEW,350.0373008315828,ROBUST,True
86367,0.6098399622830688,5.888489056237724,8.310119820279523,HIGH_RISK,TRANSPORT_MODE_REVIEW,350.02493035946077,ROBUST,True
86368,0.34903635917700937,0.0,8.27198295175278,WATCH,MONITOR,-10.0,ROBUST,False
86369,0.11430987628560314,0.0,11.74006900564972,LOW_RISK,NO_ACTION,0.0,ROBUST,False
86371,0.10691759030683304,0.0,7.371174780350858,LOW_RISK,NO_ACTION,0.0,ROBUST,False
86372,0.2281447881969225,0.0,12.669180679712905,LOW_RISK,NO_ACTION,0.0,ROBUST,False
86373,0.17831352274416196,0.0,7.827543886151433,LOW_RISK,NO_ACTION,0.0,ROBUST,False
86374,0.8717548169997917,46.460122695714055,11.968359724508812,CRITICAL,HUMAN_REVIEW,-50.0,ROBUST,True
86375,0.43792226681440016,0.0,11.671519231083428,WATCH,MONITOR,-10.0,ROBUST,False
86376,0.20344750852419047,0.0,13.300678586159451,LOW_RISK,NO_ACTION,0.0,ROBUST,False
86377,0.23025791077995708,0.0,10.80764497258701,LOW_RISK,NO_ACTION,0.0,ROBUST,False
86378,0.8272407152169309,31.023050714858194,8.719970756777574,HIGH_RISK,TRANSPORT_MODE_REVIEW,350.0261599122705,ROBUST,True
86379,0.46335301894850567,0.0,11.525891047360252,WATCH,MONITOR,-10.0,ROBUST,False
86380,0.8127542111383215,31.72405374964032,10.21931128277773,HIGH_RISK,TRANSPORT_MODE_REVIEW,350.0306579338485,ROBUST,True
86381,0.6601019463289327,12.156783872307644,10.17945123203371,HIGH_RISK,HUMAN_REVIEW,-50.0,ROBUST,True
86382,0.6633020075122578,12.623115203713319,11.720079299397685,HIGH_RISK,HUMAN_REVIEW,-50.0,ROBUST,True
86384,0.8064878995281766,10.72138204579565,11.350418300109132,HIGH_RISK,SUPPLIER_ESCALATION,200.02270083660005,ROBUST,True
86385,0.6659168250331191,23.645725639366706,13.795457370080412,HIGH_RISK,HUMAN_REVIEW,-50.0,ROBUST,True
86386,0.7316015090409147,30.941822175135613,9.798182590890704,HIGH_RISK,HUMAN_REVIEW,-50.0,ROBUST,True
86387,0.8346005476781824,16.316343378599626,10.683150904158152,HIGH_RISK,HUMAN_REVIEW,-50.0,ROBUST,True
86388,0.8351857554293523,18.09704490587503,12.002354505767386,HIGH_RISK,HUMAN_REVIEW,-50.0,ROBUST,True
86389,0.21741118166717988,0.0,8.7700260218964,LOW_RISK,NO_ACTION,0.0,ROBUST,False
86390,0.15973938012778938,0.0,10.47289269655851,LOW_RISK,NO_ACTION,0.0,ROBUST,False
86391,0.851586538859417,44.65823847124442,11.263424206189278,CRITICAL,HUMAN_REVIEW,-50.0,ROBUST,True
86392,0.2660790556567637,0.0,9.2522018260711,LOW_RISK,NO_ACTION,0.0,ROBUST,False
86393,0.351473733369842,0.0,8.716978040086497,WATCH,MONITOR,-10.0,ROBUST,False
86394,0.6822035341156643,0.965047870023614,9.44351345892757,HIGH_RISK,SUPPLIER_ESCALATION,44.766293946091196,SENSITIVE,True
86395,0.11447391901317006,0.0,12.464039486255956,LOW_RISK,NO_ACTION,0.0,ROBUST,False
86396,0.19746440501673798,0.0,10.274671381708925,LOW_RISK,NO_ACTION,0.0,ROBUST,False
86397,0.6819478861109836,12.558655683602765,12.323564083120418,HIGH_RISK,HUMAN_REVIEW,-50.0,ROBUST,True
86398,0.3009177634775134,0.0,12.110808434669261,WATCH,MONITOR,-10.0,ROBUST,False
86399,0.27188032281726393,0.0,9.316590491818841,LOW_RISK,NO_ACTION,0.0,ROBUST,False
86400,0.39161504952807535,0.0,9.377774999608302,WATCH,MONITOR,-10.0,ROBUST,False
86401,0.19696636501794554,0.0,10.633969052742763,LOW_RISK,NO_ACTION,0.0,ROBUST,False
86402,0.33779934629990344,0.0,11.63657428544591,WATCH,MONITOR,-10.0,ROBUST,False
86403,0.45354290543998377,0.0,11.046929793122029,WATCH,MONITOR,-10.0,ROBUST,False
86404,0.46427109596732186,0.0,10.202674687213726,WATCH,MONITOR,-10.0,ROBUST,False
86405,0.8767717214717401,16.422865521199558,12.41674272554783,CRITICAL,HUMAN_REVIEW,-50.0,ROBUST,True
86406,0.40930446083199545,0.0,8.211059258971222,WATCH,MONITOR,-10.0,ROBUST,False
86408,0.46239516250356605,0.0,11.111435445717333,WATCH,MONITOR,-10.0,ROBUST,False
86409,0.1938123487941097,0.0,13.342253963559742,LOW_RISK,NO_ACTION,0.0,ROBUST,False
86410,0.6772096375204902,7.963314557649011,11.329473909968714,HIGH_RISK,HUMAN_REVIEW,-50.0,ROBUST,True
86411,0.10259523351221059,0.0,9.336475983106169,LOW_RISK,NO_ACTION,0.0,ROBUST,False
86412,0.3827377429716393,0.0,4.924641580929279,WATCH,MONITOR,-10.0,ROBUST,False
86413,0.47498687512549775,0.0,7.608116376560277,WATCH,MONITOR,-10.0,ROBUST,False
86414,0.7344512541063956,88.7465302645731,10.77037541257384,HIGH_RISK,HUMAN_REVIEW,-50.0,ROBUST,True
86415,0.3547774301707516,0.0,14.40959205764525,WATCH,MONITOR,-10.0,ROBUST,False
86417,0.398583903688711,0.0,11.405736055683324,WATCH,MONITOR,-10.0,ROBUST,False
86418,0.8031221137975344,104.30697356163384,12.424566202357937,HIGH_RISK,EXPEDITE,250.06212283101195,SENSITIVE,True
86419,0.35874408960688864,0.0,8.4403769397976,WATCH,MONITOR,-10.0,ROBUST,False
86420,0.4881174930995009,0.0,9.885196282563877,WATCH,MONITOR,-10.0,ROBUST,False
86421,0.2378692564050191,0.0,13.461832547302858,LOW_RISK,NO_ACTION,0.0,ROBUST,False
86422,0.23997141350856308,0.0,13.013666190132906,LOW_RISK,NO_ACTION,0.0,ROBUST,False
86423,0.31720500400573826,0.0,12.861001210669146,WATCH,MONITOR,-10.0,ROBUST,False
86424,0.25340075244636284,0.0,9.352124615946424,LOW_RISK,NO_ACTION,0.0,ROBUST,False
86425,0.10057029131501305,0.0,8.888894669371593,LOW_RISK,NO_ACTION,0.0,ROBUST,False
86426,0.39270881003479496,0.0,11.347127282241061,WATCH,MONITOR,-10.0,ROBUST,False
86427,0.4006868165913934,0.0,10.31221533233774,WATCH,MONITOR,-10.0,ROBUST,False
86428,0.39878984187470823,0.0,7.748727460094035,WATCH,MONITOR,-10.0,ROBUST,False
86429,0.23800826664418664,0.0,12.3066587015734,LOW_RISK,NO_ACTION,0.0,ROBUST,False
86430,0.3089157893244688,0.0,13.930364222755909,WATCH,MONITOR,-10.0,ROBUST,False
86431,0.24398940727066779,0.0,11.862123526558413,LOW_RISK,NO_ACTION,0.0,ROBUST,False
86432,0.10641456001225831,0.0,6.654023645899904,LOW_RISK,NO_ACTION,0.0,ROBUST,False
86433,0.3249795765085675,0.0,11.938469502069024,WATCH,MONITOR,-10.0,ROBUST,False
86435,0.14950426643360443,0.0,5.113191882421348,LOW_RISK,NO_ACTION,0.0,ROBUST,False
86436,0.13201652963657626,0.0,6.887552571664617,LOW_RISK,NO_ACTION,0.0,ROBUST,False
86437,0.40219962747871485,0.0,5.919270127559495,WATCH,MONITOR,-10.0,ROBUST,False
86438,0.10380248096724226,0.0,5.159285157852479,LOW_RISK,NO_ACTION,0.0,ROBUST,False
86439,0.48360337744349047,0.0,6.655466090062118,WATCH,MONITOR,-10.0,ROBUST,False
86440,0.3061021456450308,0.0,3.85946575468947,WATCH,MONITOR,-10.0,ROBUST,False
86441,0.49320657228245934,0.0,4.01060056878914,WATCH,MONITOR,-10.0,ROBUST,False
86442,0.12319902898908337,0.0,7.744223278986304,LOW_RISK,NO_ACTION,0.0,ROBUST,False
86443,0.7039407861236001,3.9752604003424907,7.673971678092321,HIGH_RISK,TRANSPORT_MODE_REVIEW,350.0230219150343,ROBUST,True
86444,0.23973081439036448,0.0,2.8237570088141806,LOW_RISK,NO_ACTION,0.0,ROBUST,False
86445,0.8939203004321579,19.96951813009786,7.061608771796567,CRITICAL,TRANSPORT_MODE_REVIEW,350.0211848263152,ROBUST,True
86446,0.24448909409371453,0.0,8.528212257898671,LOW_RISK,NO_ACTION,0.0,ROBUST,False
86447,0.20419503162293964,0.0,6.342913358575116,LOW_RISK,NO_ACTION,0.0,ROBUST,False
86448,0.44302125083996535,0.0,5.39308194299246,WATCH,MONITOR,-10.0,ROBUST,False
86449,0.24986123666130441,0.0,11.877584272879426,LOW_RISK,NO_ACTION,0.0,ROBUST,False
86450,0.10673332794422459,0.0,11.267621934989153,LOW_RISK,NO_ACTION,0.0,ROBUST,False
86451,0.25611564033573353,0.0,7.151015133881171,LOW_RISK,NO_ACTION,0.0,ROBUST,False
86452,0.3618089076043768,0.0,5.923185706354688,WATCH,MONITOR,-10.0,ROBUST,False
86453,0.20174381552255274,0.0,14.472919052073518,LOW_RISK,NO_ACTION,0.0,ROBUST,False
86454,0.2727950369700629,0.0,10.836436758346302,LOW_RISK,NO_ACTION,0.0,ROBUST,False
86455,0.12268605531289022,0.0,12.029639239502341,LOW_RISK,NO_ACTION,0.0,ROBUST,False
86456,0.33523711660558286,0.0,12.44707615406466,WATCH,MONITOR,-10.0,ROBUST,False
86457,0.40251796954415753,0.0,11.982935344196433,WATCH,MONITOR,-10.0,ROBUST,False
86458,0.8079508080761538,17.635536312672485,11.82496389836418,HIGH_RISK,HUMAN_REVIEW,-50.0,ROBUST,True
86459,0.840411460639091,7.306396999287599,12.21563181077914,HIGH_RISK,HUMAN_REVIEW,-50.0,ROBUST,True
86460,0.7192904957198258,6.748874114302378,8.54120264387659,HIGH_RISK,EXPEDITE,250.04270601321934,SENSITIVE,True
86461,0.18077634580479304,0.0,8.463581421967588,LOW_RISK,NO_ACTION,0.0,ROBUST,False
86463,0.16187012125116507,0.0,8.232604994658102,LOW_RISK,NO_ACTION,0.0,ROBUST,False
86464,0.2926751074646152,0.0,11.181356149364419,LOW_RISK,NO_ACTION,0.0,ROBUST,False
86465,0.31170221638030005,0.0,11.754419609497031,WATCH,MONITOR,-10.0,ROBUST,False
86466,0.47957605251370405,0.0,12.853548592994533,WATCH,MONITOR,-10.0,ROBUST,False
86467,0.12929260171089357,0.0,13.472039134078782,LOW_RISK,NO_ACTION,0.0,ROBUST,False
86468,0.8845962242708972,3.340176178210573,10.26197355551696,CRITICAL,TRANSPORT_MODE_REVIEW,350.0307859206666,ROBUST,True
86469,0.3105994109312965,0.0,11.618045911813843,WATCH,MONITOR,-10.0,ROBUST,False
86470,0.3064932391743317,0.0,10.168500997132853,WATCH,MONITOR,-10.0,ROBUST,False
86471,0.44926371495313056,0.0,13.164672815531645,WATCH,MONITOR,-10.0,ROBUST,False
86472,0.1822153882781946,0.0,12.71842310614133,LOW_RISK,NO_ACTION,0.0,ROBUST,False
86473,0.11630930973654859,0.0,11.687697428499687,LOW_RISK,NO_ACTION,0.0,ROBUST,False
86474,0.368908603053677,0.0,11.619520098790868,WATCH,MONITOR,-10.0,ROBUST,False
86475,0.23806298565439207,0.0,9.006263883379198,LOW_RISK,NO_ACTION,0.0,ROBUST,False
86476,0.10703596648500985,0.0,11.232907283075203,LOW_RISK,NO_ACTION,0.0,ROBUST,False
86477,0.20054960291616553,0.0,11.138985186369894,LOW_RISK,NO_ACTION,0.0,ROBUST,False
86478,0.22373070968672476,0.0,11.87806179024259,LOW_RISK,NO_ACTION,0.0,ROBUST,False
86479,0.3467353507136968,0.0,12.659715031618695,WATCH,MONITOR,-10.0,ROBUST,False
86480,0.16903431761970883,0.0,13.495677951634105,LOW_RISK,NO_ACTION,0.0,ROBUST,False
86481,0.2652217391813592,0.0,13.844098986633012,LOW_RISK,NO_ACTION,0.0,ROBUST,False
86482,0.292990177767133,0.0,10.795506083434564,LOW_RISK,NO_ACTION,0.0,ROBUST,False
86483,0.28369495654563637,0.0,11.692336791148081,LOW_RISK,NO_ACTION,0.0,ROBUST,False
86484,0.7109213432618067,0.9531162351671534,10.77411542512143,HIGH_RISK,HUMAN_REVIEW,-50.0,SENSITIVE,True
86485,0.11820169511611844,0.0,12.71842310614133,LOW_RISK,NO_ACTION,0.0,ROBUST,False
86486,0.48038727458095976,0.0,12.994532278619134,WATCH,MONITOR,-10.0,ROBUST,False
86487,0.33277488559761337,0.0,12.937240300013613,WATCH,MONITOR,-10.0,ROBUST,False
86488,0.4182910859879353,0.0,10.850444240521021,WATCH,MONITOR,-10.0,ROBUST,False
86489,0.2721570472064302,0.0,11.566945737770022,LOW_RISK,NO_ACTION,0.0,ROBUST,False
86490,0.28153515250279215,0.0,13.697572385274764,LOW_RISK,NO_ACTION,0.0,ROBUST,False
86491,0.45173059960632944,0.0,8.013922292054357,WATCH,MONITOR,-10.0,ROBUST,False
86492,0.8851819114739619,4.69116675129181,12.496109543203431,CRITICAL,SUPPLIER_ESCALATION,200.0249922190864,ROBUST,True
86493,0.19547555257251906,0.0,13.10318259672146,LOW_RISK,NO_ACTION,0.0,ROBUST,False
86494,0.17969675143384728,0.0,14.653094251095206,LOW_RISK,NO_ACTION,0.0,ROBUST,False
86496,0.2984940695479804,0.0,11.439182041745086,LOW_RISK,NO_ACTION,0.0,ROBUST,False
86497,0.46011081085107663,0.0,13.978950099568653,WATCH,MONITOR,-10.0,ROBUST,False
86498,0.22894203736247054,0.0,13.857722216853565,LOW_RISK,NO_ACTION,0.0,ROBUST,False
86499,0.3608058461356526,0.0,10.015860424055777,WATCH,MONITOR,-10.0,ROBUST,False
86500,0.3832606750962405,0.0,12.013744388294315,WATCH,MONITOR,-10.0,ROBUST,False
86501,0.41146986595766233,0.0,11.184898506386105,WATCH,MONITOR,-10.0,ROBUST,False
86502,0.3255697831683853,0.0,10.284558870068842,WATCH,MONITOR,-10.0,ROBUST,False
86503,0.26098207131158785,0.0,9.0206739072651,LOW_RISK,NO_ACTION,0.0,ROBUST,False
86504,0.48680639551958915,0.0,10.97679912709094,WATCH,MONITOR,-10.0,ROBUST,False
86505,0.3445323013211411,0.0,12.628758619682655,WATCH,MONITOR,-10.0,ROBUST,False
86506,0.3914260846533083,0.0,14.080898239604073,WATCH,MONITOR,-10.0,ROBUST,False
86507,0.23799313827835133,0.0,7.386161011492017,LOW_RISK,NO_ACTION,0.0,ROBUST,False
86508,0.3679796724012321,0.0,6.9253594129304945,WATCH,MONITOR,-10.0,ROBUST,False
86509,0.20311906486565037,0.0,10.584204547443136,LOW_RISK,NO_ACTION,0.0,ROBUST,False
86510,0.19803876701145448,0.0,12.254684793855725,LOW_RISK,NO_ACTION,0.0,ROBUST,False
86511,0.3858888807237706,0.0,11.830560388229811,WATCH,MONITOR,-10.0,ROBUST,False
86512,0.308557894505174,0.0,11.56829507986288,WATCH,MONITOR,-10.0,ROBUST,False
86513,0.3733106441689559,0.0,13.065374610350021,WATCH,MONITOR,-10.0,ROBUST,False
86514,0.2077753962992367,0.0,6.301702805273125,LOW_RISK,NO_ACTION,0.0,ROBUST,False
86515,0.3394893364226922,0.0,13.103162596562234,WATCH,MONITOR,-10.0,ROBUST,False
86516,0.27757345988124504,0.0,13.66793935251362,LOW_RISK,NO_ACTION,0.0,ROBUST,False
86517,0.3387841147382112,0.0,13.796328757914972,WATCH,MONITOR,-10.0,ROBUST,False
86518,0.21635189289768775,0.0,7.748028524432376,LOW_RISK,NO_ACTION,0.0,ROBUST,False
86519,0.3861803854596496,0.0,5.7141287667103455,WATCH,MONITOR,-10.0,ROBUST,False
86520,0.4223717464637863,0.0,8.957680467519452,WATCH,MONITOR,-10.0,ROBUST,False
86521,0.20396658954308947,0.0,11.408049720680662,LOW_RISK,NO_ACTION,0.0,ROBUST,False
86522,0.22024822394225685,0.0,12.555442069019245,LOW_RISK,NO_ACTION,0.0,ROBUST,False
86523,0.3644617078876372,0.0,11.61815573214609,WATCH,MONITOR,-10.0,ROBUST,False
86524,0.3782340697214177,0.0,11.06087805357305,WATCH,MONITOR,-10.0,ROBUST,False
86525,0.38163987375898,0.0,9.2387334464774,WATCH,MONITOR,-10.0,ROBUST,False
86526,0.37307940191033473,0.0,8.748463629942055,WATCH,MONITOR,-10.0,ROBUST,False
86527,0.25712308678101553,0.0,13.677436577679206,LOW_RISK,NO_ACTION,0.0,ROBUST,False
86528,0.25794146976147136,0.0,14.246423115652894,LOW_RISK,NO_ACTION,0.0,ROBUST,False
86529,0.20192704945775258,0.0,5.135798437050262,LOW_RISK,NO_ACTION,0.0,ROBUST,False
86530,0.1627334799585452,0.0,12.312886854064327,LOW_RISK,NO_ACTION,0.0,ROBUST,False
86531,0.37703095175876233,0.0,8.902003789479126,WATCH,MONITOR,-10.0,ROBUST,False
86532,0.13727551438892516,0.0,14.102528379850488,LOW_RISK,NO_ACTION,0.0,ROBUST,False
86533,0.4751169147147126,0.0,12.737573692066126,WATCH,MONITOR,-10.0,ROBUST,False
86534,0.43067452146858054,0.0,12.199620877562593,WATCH,MONITOR,-10.0,ROBUST,False
86535,0.4430022959829024,0.0,9.83996185165625,WATCH,MONITOR,-10.0,ROBUST,False
86536,0.46266752584607607,0.0,10.609081944147828,WATCH,MONITOR,-10.0,ROBUST,False
86537,0.26344198828929605,0.0,13.037388543434302,LOW_RISK,NO_ACTION,0.0,ROBUST,False
86538,0.43868028934016046,0.0,13.385342191459072,WATCH,MONITOR,-10.0,ROBUST,False
86539,0.16322452011665972,0.0,10.281958234245314,LOW_RISK,NO_ACTION,0.0,ROBUST,False
86540,0.10865671784329428,0.0,12.050221554155614,LOW_RISK,NO_ACTION,0.0,ROBUST,False
86541,0.4139565578655401,0.0,8.369984692128321,WATCH,MONITOR,-10.0,ROBUST,False
86543,0.6190607167271756,2.5808773011311255,9.629774129311743,HIGH_RISK,HUMAN_REVIEW,-50.0,SENSITIVE,True
86544,0.7188742040449217,19.627146497456632,11.09000692803712,HIGH_RISK,EXPEDITE,250.05545003464022,SENSITIVE,True
86545,0.3699185718406224,0.0,11.815109375620835,WATCH,MONITOR,-10.0,ROBUST,False
86548,0.7616942623350362,156.2852309594837,9.70716848609832,HIGH_RISK,HUMAN_REVIEW,-50.0,ROBUST,True
86549,0.6863638510004534,140.75198355026393,6.137727054086234,HIGH_RISK,SUPPLIER_ESCALATION,200.01227545410802,ROBUST,True
86550,0.36954615756787523,0.0,13.218570972592802,WATCH,MONITOR,-10.0,ROBUST,False
86551,0.1172879749019829,0.0,12.91132130690679,LOW_RISK,NO_ACTION,0.0,ROBUST,False
86552,0.4351302879694404,0.0,12.672805995737775,WATCH,MONITOR,-10.0,ROBUST,False
86553,0.16784963721262897,0.0,11.4766794430327,LOW_RISK,NO_ACTION,0.0,ROBUST,False
86554,0.3789432267335082,0.0,11.094938180647992,WATCH,MONITOR,-10.0,ROBUST,False
86555,0.18979220049309134,0.0,11.384870932642457,LOW_RISK,NO_ACTION,0.0,ROBUST,False
86556,0.1273812677704171,0.0,11.171659195314003,LOW_RISK,NO_ACTION,0.0,ROBUST,False
86558,0.2925974714197577,0.0,13.389606183948569,LOW_RISK,NO_ACTION,0.0,ROBUST,False
86559,0.16771448410911577,0.0,7.003792467179079,LOW_RISK,NO_ACTION,0.0,ROBUST,False
86561,0.6756758501565511,15.536705584886665,8.476204516338884,HIGH_RISK,SUPPLIER_ESCALATION,200.01695240903246,ROBUST,True
86562,0.7602661229793741,13.257404491685378,7.09370358449844,HIGH_RISK,HUMAN_REVIEW,-50.0,ROBUST,True
86563,0.23698902249433154,0.0,11.198139100833105,LOW_RISK,NO_ACTION,0.0,ROBUST,False
86564,0.32697570050578917,0.0,8.852807917623322,WATCH,MONITOR,-10.0,ROBUST,False
86565,0.21398731103092464,0.0,9.423396415028835,LOW_RISK,NO_ACTION,0.0,ROBUST,False
86566,0.25119524648398467,0.0,13.900771320188321,LOW_RISK,NO_ACTION,0.0,ROBUST,False
86567,0.4262487084161547,0.0,11.613423256726973,WATCH,MONITOR,-10.0,ROBUST,False
86568,0.17168393982441027,0.0,13.74578205882678,LOW_RISK,NO_ACTION,0.0,ROBUST,False
86569,0.13288063579277348,0.0,8.730916511349724,LOW_RISK,NO_ACTION,0.0,ROBUST,False
86572,0.23134311405320773,0.0,12.842744708162103,LOW_RISK,NO_ACTION,0.0,ROBUST,False
86573,0.8349870277316599,21.48134621560369,12.067569485555914,HIGH_RISK,TRANSPORT_MODE_REVIEW,350.03620270845704,ROBUST,True
86574,0.3170637128546271,0.0,12.33515603544142,WATCH,MONITOR,-10.0,ROBUST,False
86575,0.24896947847000284,0.0,11.408808620077659,LOW_RISK,NO_ACTION,0.0,ROBUST,False
86576,0.7261890710636458,8.0253864549506,11.269896757954463,HIGH_RISK,HUMAN_REVIEW,-50.0,ROBUST,True
86577,0.11572779506738931,0.0,12.933188792160065,LOW_RISK,NO_ACTION,0.0,ROBUST,False
86579,0.2727070152794232,0.0,13.71759060365904,LOW_RISK,NO_ACTION,0.0,ROBUST,False
86580,0.2529023658625619,0.0,11.479037499409152,LOW_RISK,NO_ACTION,0.0,ROBUST,False
86581,0.3590313963227436,0.0,11.00641651096497,WATCH,MONITOR,-10.0,ROBUST,False
86582,0.805661586168787,10.005144264965622,11.607244244408665,HIGH_RISK,TRANSPORT_MODE_REVIEW,350.03482173273323,ROBUST,True
86584,0.3041501626515449,0.0,13.173058392858724,WATCH,MONITOR,-10.0,ROBUST,False
86585,0.4947507387766882,0.0,9.261128538808288,WATCH,MONITOR,-10.0,ROBUST,False
86586,0.220899757965279,0.0,14.578546571184727,LOW_RISK,NO_ACTION,0.0,ROBUST,False
86587,0.11234725301698441,0.0,11.664111898614717,LOW_RISK,NO_ACTION,0.0,ROBUST,False
86588,0.1662652669905651,0.0,11.986838629513906,LOW_RISK,NO_ACTION,0.0,ROBUST,False
86589,0.25804995390982693,0.0,5.423186348593906,LOW_RISK,NO_ACTION,0.0,ROBUST,False
86590,0.22653356367542088,0.0,11.834139020630802,LOW_RISK,NO_ACTION,0.0,ROBUST,False
86591,0.6864456407332209,14.320155228033334,10.107235825576279,HIGH_RISK,TRANSPORT_MODE_REVIEW,350.0303217074768,ROBUST,True
86592,0.6708023790971136,190.38169962330866,7.45057944484915,HIGH_RISK,EXPEDITE,250.03725289722206,SENSITIVE,True
86593,0.819154396207898,187.21074777023247,6.961485601403105,HIGH_RISK,SUPPLIER_ESCALATION,200.013922971204,ROBUST,True
86595,0.1490476881829754,0.0,10.949770923024142,LOW_RISK,NO_ACTION,0.0,ROBUST,False
86597,0.21844685224476357,0.0,12.529522312516193,LOW_RISK,NO_ACTION,0.0,ROBUST,False
86598,0.6020364522070769,7.921460307718477,12.451383281508752,HIGH_RISK,HUMAN_REVIEW,-50.0,ROBUST,True
86599,0.22081954619573607,0.0,7.975839629281288,LOW_RISK,NO_ACTION,0.0,ROBUST,False
86600,0.6206970026131379,0.9414472116809981,8.399984990510696,HIGH_RISK,SUPPLIER_ESCALATION,41.2249898945972,SENSITIVE,True
86601,0.34481883186310225,0.0,10.044596413496008,WATCH,MONITOR,-10.0,ROBUST,False
86602,0.2708724649633487,0.0,11.066223901464765,LOW_RISK,NO_ACTION,0.0,ROBUST,False
86603,0.19561025472146767,0.0,14.132363736153797,LOW_RISK,NO_ACTION,0.0,ROBUST,False
86605,0.6722988773987754,4.257292708684045,10.405488755374423,HIGH_RISK,SUPPLIER_ESCALATION,200.02081097751073,ROBUST,True
86606,0.8808376714620404,8.34913416897191,9.82781743779585,CRITICAL,EXPEDITE,250.04913908718902,SENSITIVE,True
86607,0.7560480669073187,12.642050164300969,12.580319460870422,HIGH_RISK,TRANSPORT_MODE_REVIEW,350.03774095838276,ROBUST,True
86610,0.18595857342969274,0.0,12.659530774776844,LOW_RISK,NO_ACTION,0.0,ROBUST,False
86611,0.14658509955665286,0.0,10.085850775128717,LOW_RISK,NO_ACTION,0.0,ROBUST,False
86612,0.45190677516382616,0.0,14.59504027616916,WATCH,MONITOR,-10.0,ROBUST,False
86613,0.27612519030076227,0.0,14.314971042507569,LOW_RISK,NO_ACTION,0.0,ROBUST,False
86614,0.35008332869717207,0.0,10.735722535246286,WATCH,MONITOR,-10.0,ROBUST,False
86615,0.7133390471728235,101.03646077555888,7.7823903355874595,HIGH_RISK,EXPEDITE,250.0389119516767,SENSITIVE,True
86616,0.44902660734318534,0.0,14.040396151042248,WATCH,MONITOR,-10.0,ROBUST,False
86617,0.31877394097928435,0.0,11.541391437280899,WATCH,MONITOR,-10.0,ROBUST,False
86618,0.2923125671796454,0.0,11.221590060553877,LOW_RISK,NO_ACTION,0.0,ROBUST,False
86621,0.4698403961686851,0.0,12.169326707593012,WATCH,MONITOR,-10.0,ROBUST,False
86622,0.3878758384181419,0.0,13.736767543656622,WATCH,MONITOR,-10.0,ROBUST,False
86625,0.14461996293874294,0.0,12.322899668796747,LOW_RISK,NO_ACTION,0.0,ROBUST,False
86626,0.7222215814834047,11.570996018081406,12.749683898561976,HIGH_RISK,TRANSPORT_MODE_REVIEW,350.03824905169586,ROBUST,True
86627,0.8810847761726086,3.643183650855817,9.089136115612622,CRITICAL,TRANSPORT_MODE_REVIEW,350.02726740834686,ROBUST,True
86629,0.4343405284719818,0.0,6.03545750879361,WATCH,MONITOR,-10.0,ROBUST,False
86630,0.3180763316361186,0.0,5.281933887297512,WATCH,MONITOR,-10.0,ROBUST,False
86631,0.3217820911466557,0.0,6.644856871885868,WATCH,MONITOR,-10.0,ROBUST,False
86632,0.35277318514057787,0.0,10.302807148944485,WATCH,MONITOR,-10.0,ROBUST,False
86634,0.617560980024015,17.883798704683997,13.416200130890278,HIGH_RISK,EXPEDITE,250.06708100065453,SENSITIVE,True
86635,0.37207964939356164,0.0,10.86918159390103,WATCH,MONITOR,-10.0,ROBUST,False
86637,0.6472983080390724,28.382473162984407,9.722007641459031,HIGH_RISK,TRANSPORT_MODE_REVIEW,350.0291660229241,ROBUST,True
86639,0.6522031344048372,16.025983426092072,10.339900788587912,HIGH_RISK,HUMAN_REVIEW,-50.0,ROBUST,True
86643,0.828227792516085,36.500148648402075,10.165890277802454,HIGH_RISK,HUMAN_REVIEW,-50.0,ROBUST,True
86644,0.6047514212834623,40.79600051812989,12.210282770503408,HIGH_RISK,TRANSPORT_MODE_REVIEW,350.0366308483117,ROBUST,True
86650,0.7673430377206303,19.73004755399611,12.944700233337612,HIGH_RISK,HUMAN_REVIEW,-50.0,ROBUST,True
86651,0.1643821949826917,0.0,13.559279347811664,LOW_RISK,NO_ACTION,0.0,ROBUST,False
86652,0.7519649999725642,3.063884245367547,14.075990663903987,HIGH_RISK,SUPPLIER_ESCALATION,200.02815198132777,ROBUST,True
86653,0.3646306962296234,0.0,13.36205288626875,WATCH,MONITOR,-10.0,ROBUST,False
86654,0.35348389736924435,0.0,9.886392257107492,WATCH,MONITOR,-10.0,ROBUST,False
86655,0.2530564620262286,0.0,13.441629869052615,LOW_RISK,NO_ACTION,0.0,ROBUST,False
86657,0.3453145575332519,0.0,9.150049881831544,WATCH,MONITOR,-10.0,ROBUST,False
86659,0.8613830964363471,3.9797669934058173,10.735695125094477,CRITICAL,TRANSPORT_MODE_REVIEW,350.0322070853754,ROBUST,True
86660,0.11051390893504283,0.0,11.87193468237158,LOW_RISK,NO_ACTION,0.0,ROBUST,False
86661,0.2802484191721103,0.0,9.051021024235489,LOW_RISK,NO_ACTION,0.0,ROBUST,False
86662,0.4034220913867165,0.0,14.28220086045024,WATCH,MONITOR,-10.0,ROBUST,False
86663,0.31845778818535087,0.0,7.136085356983647,WATCH,MONITOR,-10.0,ROBUST,False
86664,0.36059043517162803,0.0,10.153818163694302,WATCH,MONITOR,-10.0,ROBUST,False
86665,0.30667055704213686,0.0,13.358707417625732,WATCH,MONITOR,-10.0,ROBUST,False
86666,0.6377407009038154,1.8346620026326066,12.653315898900749,HIGH_RISK,HUMAN_REVIEW,-50.0,SENSITIVE,True
86668,0.7767994934843184,7.194659210572494,12.632977569421529,HIGH_RISK,HUMAN_REVIEW,-50.0,ROBUST,True
86669,0.2964179287089509,0.0,7.587254751807456,LOW_RISK,NO_ACTION,0.0,ROBUST,False
86670,0.13656661964580707,0.0,7.791605460363952,LOW_RISK,NO_ACTION,0.0,ROBUST,False
86671,0.7355607133956834,11.943615308493856,8.465268118551318,HIGH_RISK,SUPPLIER_ESCALATION,200.01693053623717,ROBUST,True
86672,0.25321534016730474,0.0,7.881182202227102,LOW_RISK,NO_ACTION,0.0,ROBUST,False
86673,0.16221603660019493,0.0,13.255952638354447,LOW_RISK,NO_ACTION,0.0,ROBUST,False
86674,0.48547486638266046,0.0,8.690391591820546,WATCH,MONITOR,-10.0,ROBUST,False
86675,0.4787159106900637,0.0,8.556606193773073,WATCH,MONITOR,-10.0,ROBUST,False
86676,0.8108214897868761,0.8230945118603925,8.422695681306426,HIGH_RISK,SUPPLIER_ESCALATION,23.471109453649234,SENSITIVE,True
86677,0.8378110217342254,12.332044374016512,10.975389611258827,HIGH_RISK,TRANSPORT_MODE_REVIEW,350.0329261688339,ROBUST,True
86678,0.3135013282375144,0.0,14.155929987018697,WATCH,MONITOR,-10.0,ROBUST,False
86679,0.42623479220630744,0.0,9.711176264112805,WATCH,MONITOR,-10.0,ROBUST,False
86680,0.8130519799770481,22.548880484866554,10.322217952982472,HIGH_RISK,TRANSPORT_MODE_REVIEW,350.0309666538592,ROBUST,True
86683,0.10010098179622484,0.0,12.82840967935831,LOW_RISK,NO_ACTION,0.0,ROBUST,False
86684,0.6073280648821899,5.425365632088125,6.5489351786970165,HIGH_RISK,HUMAN_REVIEW,-50.0,ROBUST,True
86685,0.3987392485184472,0.0,10.69932669131962,WATCH,MONITOR,-10.0,ROBUST,False
86686,0.3038890822265924,0.0,14.299171130180117,WATCH,MONITOR,-10.0,ROBUST,False
86691,0.46116758929322155,0.0,14.796858801277233,WATCH,MONITOR,-10.0,ROBUST,False
86694,0.46337848227616063,0.0,12.905450922424457,WATCH,MONITOR,-10.0,ROBUST,False
86695,0.30956467068175886,0.0,8.973731569708402,WATCH,MONITOR,-10.0,ROBUST,False
86698,0.8739617885442517,26.758067949584348,9.230570358921609,CRITICAL,TRANSPORT_MODE_REVIEW,350.02769171107684,ROBUST,True
86699,0.8393407116625824,12.050786529703858,9.575502795143972,HIGH_RISK,HUMAN_REVIEW,-50.0,ROBUST,True
86701,0.219528093924567,0.0,11.52159081216957,LOW_RISK,NO_ACTION,0.0,ROBUST,False
86703,0.22984689692459095,0.0,13.455294895931976,LOW_RISK,NO_ACTION,0.0,ROBUST,False
86704,0.17310956106539854,0.0,12.410194546905982,LOW_RISK,NO_ACTION,0.0,ROBUST,False
86706,0.4583467756631472,0.0,12.659736631921609,WATCH,MONITOR,-10.0,ROBUST,False
86709,0.3977953559797065,0.0,12.414170739451114,WATCH,MONITOR,-10.0,ROBUST,False
86711,0.14225713954809677,0.0,11.479480360830657,LOW_RISK,NO_ACTION,0.0,ROBUST,False
86718,0.6755444106027395,50.30140804533379,13.739890748175124,HIGH_RISK,HUMAN_REVIEW,-50.0,ROBUST,True
86719,0.8943088467345228,56.669180313529814,13.639556008690915,CRITICAL,HUMAN_REVIEW,-50.0,ROBUST,True
86720,0.7841123908631242,31.855142885473633,11.965191013027075,HIGH_RISK,HUMAN_REVIEW,-50.0,ROBUST,True
86721,0.11926031566928037,0.0,12.100225122414574,LOW_RISK,NO_ACTION,0.0,ROBUST,False
86723,0.3019843675768671,0.0,8.683808718388574,WATCH,MONITOR,-10.0,ROBUST,False
86724,0.3794393146908157,0.0,10.578842638324188,WATCH,MONITOR,-10.0,ROBUST,False
86727,0.31717863382873657,0.0,10.845102112376454,WATCH,MONITOR,-10.0,ROBUST,False
86728,0.6065959566117971,9.81332077318562,7.317079597416022,HIGH_RISK,EXPEDITE,250.03658539798698,SENSITIVE,True
86729,0.42714962543618906,0.0,13.719661332901156,WATCH,MONITOR,-10.0,ROBUST,False
86730,0.2497348251840785,0.0,6.724553334760875,LOW_RISK,NO_ACTION,0.0,ROBUST,False
86735,0.4394674702474839,0.0,12.25545672853299,WATCH,MONITOR,-10.0,ROBUST,False
86737,0.1651664419061163,0.0,10.385203573155552,LOW_RISK,NO_ACTION,0.0,ROBUST,False
86739,0.7834484558157597,22.770818251246723,10.32382156851041,HIGH_RISK,HUMAN_REVIEW,-50.0,ROBUST,True
86740,0.8088094220967341,17.130304613958167,10.242157372700827,HIGH_RISK,SUPPLIER_ESCALATION,200.02048431474532,ROBUST,True
86741,0.7027425657558912,18.907302715402995,8.143005795726207,HIGH_RISK,HUMAN_REVIEW,-50.0,ROBUST,True
86743,0.25196381792964817,0.0,12.481205049275344,LOW_RISK,NO_ACTION,0.0,ROBUST,False
86746,0.4221082388829004,0.0,6.818279048553785,WATCH,MONITOR,-10.0,ROBUST,False
86747,0.3612522681158624,0.0,13.409242227359272,WATCH,MONITOR,-10.0,ROBUST,False
86749,0.27468902326226663,0.0,11.187555370859908,LOW_RISK,NO_ACTION,0.0,ROBUST,False
86750,0.8226603027363397,3.3150206262481965,11.588895274257608,HIGH_RISK,TRANSPORT_MODE_REVIEW,350.0347666858228,ROBUST,True
86751,0.7529206530011812,4.309737731622667,12.807894795021756,HIGH_RISK,EXPEDITE,146.5158584108608,SENSITIVE,True
86756,0.7267337370092637,19.952580619465653,11.353063473273345,HIGH_RISK,TRANSPORT_MODE_REVIEW,350.0340591904196,ROBUST,True
86757,0.350779142096702,0.0,14.678391753579279,WATCH,MONITOR,-10.0,ROBUST,False
86758,0.35654672769012097,0.0,13.739062465247608,WATCH,MONITOR,-10.0,ROBUST,False
86772,0.40965386348297084,0.0,14.129702537068296,WATCH,MONITOR,-10.0,ROBUST,False
86773,0.26119990362144085,0.0,9.833655042937448,LOW_RISK,NO_ACTION,0.0,ROBUST,False
86774,0.38902163864646255,0.0,13.198822440718818,WATCH,MONITOR,-10.0,ROBUST,False
86781,0.3735921330240758,0.0,6.8914226243612395,WATCH,MONITOR,-10.0,ROBUST,False
86782,0.48535735134793967,0.0,10.533594023012608,WATCH,MONITOR,-10.0,ROBUST,False
86784,0.8541890236606482,31.123609371428245,11.958181636371618,CRITICAL,SUPPLIER_ESCALATION,200.0239163632723,ROBUST,True
86785,0.3206718255010558,0.0,9.427996897057627,WATCH,MONITOR,-10.0,ROBUST,False
86786,0.6053873591250453,45.89790407077954,11.740908089063097,HIGH_RISK,SUPPLIER_ESCALATION,200.023481816178,ROBUST,True
86787,0.622353138545592,9.236381954798837,6.566672429803241,HIGH_RISK,SUPPLIER_ESCALATION,200.01313334485963,ROBUST,True
86788,0.1804736568666607,0.0,8.959666310045543,LOW_RISK,NO_ACTION,0.0,ROBUST,False
86789,0.3092872079869169,0.0,6.311553304478671,WATCH,MONITOR,-10.0,ROBUST,False
86790,0.23847412308545557,0.0,12.4079688624613,LOW_RISK,NO_ACTION,0.0,ROBUST,False
86791,0.6212748574315708,62.387353639989186,6.863280788880307,HIGH_RISK,SUPPLIER_ESCALATION,200.01372656157764,ROBUST,True
86795,0.1928514408412424,0.0,9.00618048524874,LOW_RISK,NO_ACTION,0.0,ROBUST,False
86796,0.11904495137099524,0.0,10.541874910922044,LOW_RISK,NO_ACTION,0.0,ROBUST,False
86797,0.3290261815590756,0.0,12.027365987111027,WATCH,MONITOR,-10.0,ROBUST,False
86798,0.23434172634433287,0.0,11.446729677992598,LOW_RISK,NO_ACTION,0.0,ROBUST,False
86799,0.17277656069937347,0.0,11.425714358945173,LOW_RISK,NO_ACTION,0.0,ROBUST,False
86800,0.6085012351150154,9.80993613315455,14.467836264837162,HIGH_RISK,HUMAN_REVIEW,-50.0,ROBUST,True
86801,0.8485590778744525,19.52413577308517,12.302039518755077,HIGH_RISK,HUMAN_REVIEW,-50.0,ROBUST,True
86802,0.8364825624512489,9.548219528767302,14.655352549453859,HIGH_RISK,SUPPLIER_ESCALATION,200.02931070509885,ROBUST,True
86803,0.6777105432310041,14.10034153948631,11.204612566360248,HIGH_RISK,HUMAN_REVIEW,-50.0,ROBUST,True
86805,0.42590747253881,0.0,12.033552101511304,WATCH,MONITOR,-10.0,ROBUST,False
86806,0.2692472790190922,0.0,11.320565693461432,LOW_RISK,NO_ACTION,0.0,ROBUST,False
86807,0.46132586702647427,0.0,8.521352529364849,WATCH,MONITOR,-10.0,ROBUST,False
86808,0.29332728862090135,0.0,11.079076314320059,LOW_RISK,NO_ACTION,0.0,ROBUST,False
86809,0.3295781288802678,0.0,11.565842340636108,WATCH,MONITOR,-10.0,ROBUST,False
86810,0.29671759202506276,0.0,10.45498475951116,LOW_RISK,NO_ACTION,0.0,ROBUST,False
86812,0.3933113183470607,0.0,11.041136563073186,WATCH,MONITOR,-10.0,ROBUST,False
86813,0.32666243104082493,0.0,10.52473585755221,WATCH,MONITOR,-10.0,ROBUST,False
86814,0.2086395694321591,0.0,14.081561096689628,LOW_RISK,NO_ACTION,0.0,ROBUST,False
86815,0.15821581252905853,0.0,11.49069008091951,LOW_RISK,NO_ACTION,0.0,ROBUST,False
86816,0.3424497555531911,0.0,9.951319162200852,WATCH,MONITOR,-10.0,ROBUST,False
86817,0.2956719846188145,0.0,13.512885120853204,LOW_RISK,NO_ACTION,0.0,ROBUST,False
86818,0.1383902786784452,0.0,13.30411243701971,LOW_RISK,NO_ACTION,0.0,ROBUST,False
86819,0.6896016472162649,5.526513744175586,11.830582078474915,HIGH_RISK,SUPPLIER_ESCALATION,200.02366116415703,ROBUST,True
86821,0.3059105688001814,0.0,15.45258615468756,WATCH,MONITOR,-10.0,ROBUST,False
86822,0.43075729353023606,0.0,11.642837314946439,WATCH,MONITOR,-10.0,ROBUST,False
86823,0.13044042233334496,0.0,11.197016879718392,LOW_RISK,NO_ACTION,0.0,ROBUST,False
