tree
version=v4
num_class=1
num_tree_per_iteration=1
label_index=0
max_feature_idx=38
objective=quantile
feature_names=Unit_Price vendor_hist_volume country_hist_delay_rate Country T_pred_quarter vendor_hist_delay_median Brand weight_is_numeric Fulfill_Via freight_is_numeric Molecule/Test_Type vendor_hist_delay_rate Manufacturing_Site First_Line_Designation is_rdc_fulfillment po_sent_is_date Dosage_Form Forecast_Horizon_Days PQ_to_PO_Days T_pred_year T_pred_month Dosage Unit_of_Measure_(Per_Pack) Shipment_Mode pq_first_sent_is_date site_hist_delay_rate country_hist_delay_median Line_Item_Value Product_Group Pack_Price is_pre_pq_process Line_Item_Insurance_(USD) Sub_Classification Scheduled_Transit_Days T_pred_dayofweek country_hist_volume Vendor_INCO_Term Vendor Line_Item_Quantity
feature_infos=[0.0099503308531680833:1.5040773967762742] [0:2651] [0:0.58823529411764708] -1:25:29:7:34:23:36:37:33:14:6:4:27:13:16:9:30:5:10:8:2:32:35 [1:4] [-53:5] -1:14:10:0:2:23:15 [0:1] -1:1:0 [0:1] -1:12:68:55:58:27:78:53:57:60:77:0:54:14:13:15:56:1:75:10:28:21:47 [0:0.59999999999999998] -1:9:56:35:21:72:7:40:5:10:22:25:2:71:15:36:65 -1:1:0 [0:1] [0:1] -1:10:11:15:7:0:8:2:1:3 [4:497] [-1:204] [2006:2013] [1:12] -1:16:30:2:51:46:6:7:29:15:10:44:43:5:14:22:9:38:42:24:45:18:31:1:49:12:17:23:40 [20:300] -1:0:4:1:3 [0:1] [0:0.40000000000000002] [-25:8] [3.8253751987024738:15.257388791762295] -1:2:3 [0.81093021621632877:5.8607862234658654] [0:1] [0:8.6259238218524317] -1:1:5:2 [4:497] [0:6] [0:642] -1:7:3:5:6 -1:51:11:44:19:50:2:58:12 [0.69314718055994529:12.904112835769981]
tree_sizes=1721 1849 1850 1850 1850 1850 2047 2710 1814 1957 2035 2283 2389 2798 2796 2710 2230 2326 2576 2487 2487 2642 2828 2643 2584 2508 2421 2493 2817 2682 2464 2340 2731 2819 2660 2585 2740 2653 2420 2662 2830 2508 2520 2836 2512 2484 2770 2585 2512 2339

Tree=0
num_leaves=22
num_cat=2
split_feature=29 11 38 17 10 11 20 0 0 26 34 3 5 1 17 18 1 27 0 1 2
split_gain=1.70628 2.10908 1.62637 1.1495 0.966335 1.48121 1.2368 2.08534 0.727111 0.689884 0.167326 0.130219 0.440917 0.104762 0.0957747 0.0465986 0.0376543 0.0367886 1.11022e-16 2.77556e-17 1.38778e-17
threshold=3.2816526523329874 0.26586078738981028 7.8807168534675442 105.50000000000001 0 0.020691013193171664 4.5000000000000009 0.16973387280050573 0.034389757697412857 -3.7499999999999996 1.0000000180025095e-35 1 -8.4999999999999982 149.00000000000003 273.50000000000006 21.500000000000004 1743.0000000000002 7.12144215472662 0.23506431071694331 891.50000000000011 0.1591095059394487
decision_type=2 2 2 2 9 2 2 2 2 2 2 9 2 2 2 2 2 2 2 2 2
left_child=1 4 13 -4 11 -6 7 8 -7 -8 -10 12 16 -2 17 18 -1 -11 -13 -20 -12
right_child=2 -3 3 -5 5 6 9 -9 10 14 20 15 -14 -15 -16 -17 -18 -19 19 -21 -22
leaf_value=1.285000004246831 1.2 1 1 1 1 1 1 1 1 1.2150000017136335 1.2200000032782554 1.2 1 1 1.0500000022351741 1.5700000084936621 1.2 1.1000000000000001 1.4200000017881393 1.2400000020861626 1.5
leaf_weight=20 22 32 39 20 20 26 38 28 32 24 23 220 24 20 31 20 61 181 25 29 24
leaf_count=20 22 32 39 20 20 26 38 28 32 24 23 220 24 20 31 20 61 181 25 29 24
internal_value=0.997492 0.998939 0.985198 0.974492 0.999915 0.996648 0.997875 0.989962 0.996429 1.00172 1.0012 1.00341 1.00022 1.00024 1.00373 1.00451 1.00377 1.00451 1.005 1.005 1.005
internal_weight=959 858 101 59 826 427 407 133 105 274 79 399 105 42 236 294 81 205 274 54 47
internal_count=959 858 101 59 826 427 407 133 105 274 79 399 105 42 236 294 81 205 274 54 47
cat_boundaries=0 3 5
cat_threshold=61440 308281344 8192 134217936 2
is_linear=0
shrinkage=1


Tree=1
num_leaves=22
num_cat=2
split_feature=29 11 38 17 10 11 20 0 0 26 34 3 5 1 17 18 1 27 0 1 2
split_gain=1.70628 2.10908 1.62637 1.1495 0.966335 1.48121 1.2368 2.08534 0.727111 0.689884 0.167326 0.130219 0.440917 0.104762 0.0957747 0.0465986 0.0376543 0.0367886 1.11022e-16 2.77556e-17 1.38778e-17
threshold=3.2816526523329874 0.26586078738981028 7.8807168534675442 105.50000000000001 0 0.020691013193171664 4.5000000000000009 0.16973387280050573 0.034389757697412857 -3.7499999999999996 1.0000000180025095e-35 1 -8.4999999999999982 149.00000000000003 273.50000000000006 21.500000000000004 1743.0000000000002 7.12144215472662 0.23506431071694331 891.50000000000011 0.1591095059394487
decision_type=2 2 2 2 9 2 2 2 2 2 2 9 2 2 2 2 2 2 2 2 2
left_child=1 4 13 -4 11 -6 7 8 -7 -8 -10 12 16 -2 17 18 -1 -11 -13 -20 -12
right_child=2 -3 3 -5 5 6 9 -9 10 14 20 15 -14 -15 -16 -17 -18 -19 19 -21 -22
leaf_value=0.25650000382214783 0.18000000000000002 0 0 0 0 0 0 0 0 0.19350000154227021 0.19800000295042994 0.18000000000000002 0 0 0.04500000201165677 0.51300000764429565 0.18000000000000002 0.089999999999999997 0.37800000160932545 0.21600000187754631 0.45000000000000001
leaf_weight=20 22 32 39 20 20 26 38 28 32 24 23 220 24 20 31 20 61 181 25 29 24
leaf_count=20 22 32 39 20 20 26 38 28 32 24 23 220 24 20 31 20 61 181 25 29 24
internal_value=-0.00250782 -0.00106061 -0.014802 -0.0255085 -8.47456e-05 -0.0033524 -0.00212531 -0.0100376 -0.00357143 0.00171533 0.00120253 0.00341076 0.000217391 0.000238095 0.00372881 0.00450658 0.00376543 0.0045122 0.005 0.005 0.005
internal_weight=959 858 101 59 826 427 407 133 105 274 79 399 105 42 236 294 81 205 274 54 47
internal_count=959 858 101 59 826 427 407 133 105 274 79 399 105 42 236 294 81 205 274 54 47
cat_boundaries=0 3 5
cat_threshold=61440 308281344 8192 134217936 2
is_linear=0
shrinkage=0.1


Tree=2
num_leaves=22
num_cat=2
split_feature=29 11 38 17 10 11 20 0 0 26 34 3 5 1 17 18 1 27 0 1 2
split_gain=1.70628 2.10908 1.62637 1.1495 0.966335 1.48121 1.2368 2.08534 0.727111 0.689884 0.167326 0.130219 0.440917 0.104762 0.0957747 0.0465986 0.0376543 0.0367886 1.11022e-16 2.77556e-17 1.38778e-17
threshold=3.2816526523329874 0.26586078738981028 7.8807168534675442 105.50000000000001 0 0.020691013193171664 4.5000000000000009 0.16973387280050573 0.034389757697412857 -3.7499999999999996 1.0000000180025095e-35 1 -8.4999999999999982 149.00000000000003 273.50000000000006 21.500000000000004 1743.0000000000002 7.12144215472662 0.23506431071694331 891.50000000000011 0.1591095059394487
decision_type=2 2 2 2 9 2 2 2 2 2 2 9 2 2 2 2 2 2 2 2 2
left_child=1 4 13 -4 11 -6 7 8 -7 -8 -10 12 16 -2 17 18 -1 -11 -13 -20 -12
right_child=2 -3 3 -5 5 6 9 -9 10 14 20 15 -14 -15 -16 -17 -18 -19 19 -21 -22
leaf_value=0.23085000343993306 0.16200000000000003 0 0 0 0 0 0 0 0 0.17415000138804318 0.17820000265538694 0.16200000000000003 0 0 0.040500001810491099 0.46170000687986612 0.16200000000000003 0.080999999999999989 0.34020000144839291 0.19440000168979168 0.40500000000000003
leaf_weight=20 22 32 39 20 20 26 38 28 32 24 23 220 24 20 31 20 61 181 25 29 24
leaf_count=20 22 32 39 20 20 26 38 28 32 24 23 220 24 20 31 20 61 181 25 29 24
internal_value=-0.00250782 -0.00106061 -0.014802 -0.0255085 -8.47456e-05 -0.0033524 -0.00212531 -0.0100376 -0.00357143 0.00171533 0.00120253 0.00341076 0.000217391 0.000238095 0.00372881 0.00450658 0.00376543 0.0045122 0.005 0.005 0.005
internal_weight=959 858 101 59 826 427 407 133 105 274 79 399 105 42 236 294 81 205 274 54 47
internal_count=959 858 101 59 826 427 407 133 105 274 79 399 105 42 236 294 81 205 274 54 47
cat_boundaries=0 3 5
cat_threshold=61440 308281344 8192 134217936 2
is_linear=0
shrinkage=0.1


Tree=3
num_leaves=22
num_cat=2
split_feature=29 11 38 17 10 11 20 0 0 26 34 3 5 1 17 18 1 27 0 1 2
split_gain=1.70628 2.10908 1.62637 1.1495 0.966335 1.48121 1.2368 2.08534 0.727111 0.689884 0.167326 0.130219 0.440917 0.104762 0.0957747 0.0465986 0.0376543 0.0367886 1.11022e-16 2.77556e-17 1.38778e-17
threshold=3.2816526523329874 0.26586078738981028 7.8807168534675442 105.50000000000001 0 0.020691013193171664 4.5000000000000009 0.16973387280050573 0.034389757697412857 -3.7499999999999996 1.0000000180025095e-35 1 -8.4999999999999982 149.00000000000003 273.50000000000006 21.500000000000004 1743.0000000000002 7.12144215472662 0.23506431071694331 891.50000000000011 0.1591095059394487
decision_type=2 2 2 2 9 2 2 2 2 2 2 9 2 2 2 2 2 2 2 2 2
left_child=1 4 13 -4 11 -6 7 8 -7 -8 -10 12 16 -2 17 18 -1 -11 -13 -20 -12
right_child=2 -3 3 -5 5 6 9 -9 10 14 20 15 -14 -15 -16 -17 -18 -19 19 -21 -22
leaf_value=0.20776500309593976 0.14580000000000001 0 0 0 0 0 0 0 0 0.15673500124923886 0.16038000238984826 0.14580000000000001 0 0 0.036450001629441987 0.41553000619187952 0.14580000000000001 0.072899999999999993 0.30618000130355361 0.17496000152081251 0.36450000000000005
leaf_weight=20 22 32 39 20 20 26 38 28 32 24 23 220 24 20 31 20 61 181 25 29 24
leaf_count=20 22 32 39 20 20 26 38 28 32 24 23 220 24 20 31 20 61 181 25 29 24
internal_value=-0.00250782 -0.00106061 -0.014802 -0.0255085 -8.47456e-05 -0.0033524 -0.00212531 -0.0100376 -0.00357143 0.00171533 0.00120253 0.00341076 0.000217391 0.000238095 0.00372881 0.00450658 0.00376543 0.0045122 0.005 0.005 0.005
internal_weight=959 858 101 59 826 427 407 133 105 274 79 399 105 42 236 294 81 205 274 54 47
internal_count=959 858 101 59 826 427 407 133 105 274 79 399 105 42 236 294 81 205 274 54 47
cat_boundaries=0 3 5
cat_threshold=61440 308281344 8192 134217936 2
is_linear=0
shrinkage=0.1


Tree=4
num_leaves=22
num_cat=2
split_feature=29 11 38 17 10 11 20 0 0 26 34 3 5 1 17 18 1 27 0 1 2
split_gain=1.70628 2.10908 1.62637 1.1495 0.966335 1.48121 1.2368 2.08534 0.727111 0.689884 0.167326 0.130219 0.440917 0.104762 0.0957747 0.0465986 0.0376543 0.0367886 1.11022e-16 2.77556e-17 1.38778e-17
threshold=3.2816526523329874 0.26586078738981028 7.8807168534675442 105.50000000000001 0 0.020691013193171664 4.5000000000000009 0.16973387280050573 0.034389757697412857 -3.7499999999999996 1.0000000180025095e-35 1 -8.4999999999999982 149.00000000000003 273.50000000000006 21.500000000000004 1743.0000000000002 7.12144215472662 0.23506431071694331 891.50000000000011 0.1591095059394487
decision_type=2 2 2 2 9 2 2 2 2 2 2 9 2 2 2 2 2 2 2 2 2
left_child=1 4 13 -4 11 -6 7 8 -7 -8 -10 12 16 -2 17 18 -1 -11 -13 -20 -12
right_child=2 -3 3 -5 5 6 9 -9 10 14 20 15 -14 -15 -16 -17 -18 -19 19 -21 -22
leaf_value=0.18698850278634579 0.13122000000000003 0 0 0 0 0 0 0 0 0.14106150112431498 0.14434200215086343 0.13122000000000003 0 0 0.032805001466497785 0.37397700557269159 0.13122000000000003 0.065609999999999988 0.27556200117319823 0.15746400136873123 0.32805000000000001
leaf_weight=20 22 32 39 20 20 26 38 28 32 24 23 220 24 20 31 20 61 181 25 29 24
leaf_count=20 22 32 39 20 20 26 38 28 32 24 23 220 24 20 31 20 61 181 25 29 24
internal_value=-0.00250782 -0.00106061 -0.014802 -0.0255085 -8.47456e-05 -0.0033524 -0.00212531 -0.0100376 -0.00357143 0.00171533 0.00120253 0.00341076 0.000217391 0.000238095 0.00372881 0.00450658 0.00376543 0.0045122 0.005 0.005 0.005
internal_weight=959 858 101 59 826 427 407 133 105 274 79 399 105 42 236 294 81 205 274 54 47
internal_count=959 858 101 59 826 427 407 133 105 274 79 399 105 42 236 294 81 205 274 54 47
cat_boundaries=0 3 5
cat_threshold=61440 308281344 8192 134217936 2
is_linear=0
shrinkage=0.1


Tree=5
num_leaves=22
num_cat=2
split_feature=29 11 38 17 10 11 20 0 0 26 34 3 5 1 17 18 1 27 0 1 2
split_gain=1.70628 2.10908 1.62637 1.1495 0.966335 1.48121 1.2368 2.08534 0.727111 0.689884 0.167326 0.130219 0.440917 0.104762 0.0957747 0.0465986 0.0376543 0.0367886 1.11022e-16 2.77556e-17 1.38778e-17
threshold=3.2816526523329874 0.26586078738981028 7.8807168534675442 105.50000000000001 0 0.020691013193171664 4.5000000000000009 0.16973387280050573 0.034389757697412857 -3.7499999999999996 1.0000000180025095e-35 1 -8.4999999999999982 149.00000000000003 273.50000000000006 21.500000000000004 1743.0000000000002 7.12144215472662 0.23506431071694331 891.50000000000011 0.1591095059394487
decision_type=2 2 2 2 9 2 2 2 2 2 2 9 2 2 2 2 2 2 2 2 2
left_child=1 4 13 -4 11 -6 7 8 -7 -8 -10 12 16 -2 17 18 -1 -11 -13 -20 -12
right_child=2 -3 3 -5 5 6 9 -9 10 14 20 15 -14 -15 -16 -17 -18 -19 19 -21 -22
leaf_value=0.16828965250771122 0.11809800000000002 0 0 0 0 0 0 0 0 0.12695535101188346 0.12990780193577708 0.11809800000000002 0 0 0.029524501319848007 0.33657930501542244 0.11809800000000002 0.059048999999999997 0.24800580105587838 0.14171760123185814 0.29524499999999998
leaf_weight=20 22 32 39 20 20 26 38 28 32 24 23 220 24 20 31 20 61 181 25 29 24
leaf_count=20 22 32 39 20 20 26 38 28 32 24 23 220 24 20 31 20 61 181 25 29 24
internal_value=-0.00250782 -0.00106061 -0.014802 -0.0255085 -8.47456e-05 -0.0033524 -0.00212531 -0.0100376 -0.00357143 0.00171533 0.00120253 0.00341076 0.000217391 0.000238095 0.00372881 0.00450658 0.00376543 0.0045122 0.005 0.005 0.005
internal_weight=959 858 101 59 826 427 407 133 105 274 79 399 105 42 236 294 81 205 274 54 47
internal_count=959 858 101 59 826 427 407 133 105 274 79 399 105 42 236 294 81 205 274 54 47
cat_boundaries=0 3 5
cat_threshold=61440 308281344 8192 134217936 2
is_linear=0
shrinkage=0.1


Tree=6
num_leaves=24
num_cat=1
split_feature=29 11 38 17 10 11 20 0 0 26 38 2 35 1 17 0 34 2 17 27 0 0 17
split_gain=1.64888 2.07022 1.62637 1.1495 0.924534 1.47985 1.28942 1.33854 0.634766 0.489701 0.674043 0.241913 0.131016 0.104762 0.0879057 0.212459 0.0735797 0.19496 0.0463504 0.0362613 1.11022e-16 5.55112e-17 1.38778e-17
threshold=3.2816526523329874 0.26586078738981028 7.8807168534675442 105.50000000000001 0 0.020691013193171664 4.5000000000000009 0.16973387280050573 0.034389757697412857 -3.7499999999999996 10.343820749338736 0.14806984574426438 478.50000000000006 149.00000000000003 219.50000000000003 0.12662294756532669 3.5000000000000004 0.06186224489795919 67.000000000000014 7.12144215472662 0.30379464609914936 0.13539510239078142 181.50000000000003
decision_type=2 2 2 2 9 2 2 2 2 2 2 2 2 2 2 2 2 2 2 2 2 2 2
left_child=1 4 13 -4 12 -6 7 8 -7 10 -8 -10 16 -2 19 -16 18 22 -1 -11 -20 -21 -18
right_child=2 -3 3 -5 5 6 9 -9 11 14 -12 -13 -14 -15 15 -17 17 -19 20 21 -22 -23 -24
leaf_value=0.095000001415610325 0.10628820000000001 0 0 0 0 0 0 0 0 0.11425981591069512 0.2875458390225098 0.26572049999999997 0.00031441009838655627 0 0.276572048952689 -0.018742360418924364 0.10628820000000001 -0.080123587408087282 0.10628820000000001 0.053144100000000007 0.11113405247449251 0.23314410566244126 0.10128820141561033
leaf_weight=20 22 32 39 20 20 26 25 34 36 24 22 43 22 20 36 25 29 29 232 122 22 39 20
leaf_count=20 22 32 39 20 20 26 25 34 36 24 22 43 22 20 36 25 29 29 232 122 22 39 20
internal_value=-0.00271637 -0.00129371 -0.014802 -0.0255085 -0.000326876 -0.00333333 -0.00217593 -0.0101079 -0.00452381 0.00158703 -0.00776596 -6.3291e-05 0.00330729 0.000238095 0.00337398 8.19673e-05 0.00386364 0.00115385 0.00463504 0.00445946 0.005 0.005 0.005
internal_weight=959 858 101 59 826 452 432 139 105 293 47 79 374 42 246 61 352 78 274 185 254 161 49
internal_count=959 858 101 59 826 452 432 139 105 293 47 79 374 42 246 61 352 78 274 185 254 161 49
cat_boundaries=0 3
cat_threshold=53248 308281344 8192
is_linear=0
shrinkage=0.1


Tree=7
num_leaves=31
num_cat=1
split_feature=29 11 38 31 25 20 11 10 20 29 25 34 1 38 17 38 38 11 20 38 25 25 25 0 11 0 0 0 0 1
split_gain=2.1872 2.08012 1.45327 1.2671 1.225 0.991569 1.41026 0.632433 0.899605 1.15872 0.653595 0.359651 0.637539 1.05521 0.328571 0.299574 0.113369 0.1 0.084188 0.132008 0.216654 0.335404 0.0952381 0.040991 0.0355072 5.55112e-17 2.77556e-17 2.77556e-17 1.38778e-17 1.38778e-17
threshold=3.1004979355011657 0.26586078738981028 7.8807168534675442 5.8715965101010781 0.15608108108108112 1.5000000000000002 0.19695545898967956 0 4.5000000000000009 2.5002015617650035 0.020526315789473688 1.5000000000000002 1743.0000000000002 9.9867933584293684 193.50000000000003 6.9778731505607965 7.8022072269605376 0.18911904875592031 7.5000000000000009 9.3517519040099373 0.14335472956162612 0.10809143686502179 0.12492118537200506 0.21106277450063585 0.12269800022596318 0.26619570084027566 0.18647095820130219 0.10884435031562299 0.062963778298895309 2038.0000000000002
decision_type=2 2 2 2 2 2 2 9 2 2 2 2 2 2 2 2 2 2 2 2 2 2 2 2 2 2 2 2 2 2
left_child=1 5 15 4 -4 6 -1 10 9 14 -7 23 16 -14 17 -2 -13 -9 25 27 21 -21 -23 26 -18 -12 -10 -20 -26 -22
right_child=2 -3 3 -5 -6 7 -8 8 11 -11 18 12 13 -15 -16 -17 24 -19 19 20 29 22 -24 -25 28 -27 -28 -29 -30 -31
leaf_value=-0.0037746826640518366 -0.0034724959223836442 0 -0.00021703093855373427 0 0 -0.0062763461354815378 0.23914844999999998 -0.00021703093855373427 0.059537554270099796 0 0.19565938000000005 -0.0056083067818645631 -0.012947167117966603 0.14782969308735142 0.19609344207114834 0.11000000312924385 0.045438206177082038 0 0.094094270847705719 0.12565938193715098 0.047829690000000015 1.4254358360332732e-09 -0.0095000000646802731 0.028338205384340245 0.047829690000000015 0.12413728479077253 0.47565938566244131 0.10704408762038026 0.17727488787859547 0.11615938313669445
leaf_weight=30 25 31 20 23 20 20 22 20 71 26 172 20 31 21 23 22 20 20 57 27 26 21 21 20 29 25 20 33 20 23
leaf_count=30 25 31 20 23 20 20 22 20 71 26 172 20 31 21 23 22 20 20 57 27 26 21 21 20 29 25 20 33 20 23
internal_value=-0.00355057 -0.00183157 -0.0168182 -0.026746 -0.0375 -0.000867971 -0.0142308 3.91646e-05 -0.00311966 -0.0118539 0.00258621 -0.00015873 -0.00351064 -0.0123077 -0.00452381 -0.00351064 0.00162921 -0.01 0.00351852 0.00211538 -8.47456e-05 -0.00369565 -0.00928571 0.0040991 0.00355072 0.005 0.005 0.005 0.005 0.005
internal_weight=959 849 110 63 40 818 52 766 341 89 425 252 141 52 63 47 89 40 405 208 118 69 42 111 69 197 91 90 49 49
internal_count=959 849 110 63 40 818 52 766 341 89 425 252 141 52 63 47 89 40 405 208 118 69 42 111 69 197 91 90 49 49
cat_boundaries=0 3
cat_threshold=28672 375390208 16384
is_linear=0
shrinkage=0.1


Tree=8
num_leaves=20
num_cat=3
split_feature=11 35 10 4 2 13 4 0 17 3 2 1 11 38 27 35 35 2 0
split_gain=1.94573 1.0121 0.638308 1.16813 1.00087 0.450184 0.439691 0.702036 0.261657 0.224227 0.411649 0.161258 0.0828947 0.0533058 0.323967 0.0496148 0.132203 0.0287234 5.55112e-17
threshold=0.31279069767441864 562.50000000000011 0 1.5000000000000002 0.14384070358275472 1 3.5000000000000004 0.16125909364361909 321.50000000000006 2 0.16424569412741233 518.00000000000011 1.0000000180025095e-35 9.3653289322246689 10.808452127010268 148.50000000000003 105.00000000000001 0.14311315924219151 0.26619570084027566
decision_type=2 2 9 2 2 1 2 2 2 9 2 2 2 2 2 2 2 2 2
left_child=1 2 3 4 -1 6 7 -5 9 10 11 -4 -11 -14 -15 16 -16 -8 -17
right_child=-2 -3 8 5 -6 -7 17 -9 -10 12 -12 -13 13 14 15 18 -18 -19 -20
leaf_value=1.0851550323400737e-06 0 -0.0098052614860538023 -0.044619365404535066 0.032702074807150337 0 0.052645696467425618 0.0010723475344340072 -0.0041561436496765835 -0.0033221093099140633 0.1090699844944647 0 0.066875329702737754 0.00037746826640517873 -0.004316629515729171 0.0406836583048103 0.17609344200000004 -0.00016953108709503084 0.15480140816574656 0.11928480833243944
leaf_weight=22 29 24 34 37 20 86 20 31 23 32 21 53 258 22 39 134 20 27 27
leaf_count=22 29 24 34 37 20 86 20 31 23 32 21 53 258 22 39 134 20 27 27
internal_value=-0.00052659 0.000268817 0.00080574 -0.00349802 -0.0188095 -0.000472637 -0.00456522 -0.00970588 0.0023997 0.0028125 -0.00135593 0.00155172 0.00361624 0.004 0.00293388 0.00409091 0.00161017 0.00287234 0.005
internal_weight=959 930 906 243 42 201 115 68 663 640 108 87 532 500 242 220 59 47 161
internal_count=959 930 906 243 42 201 115 68 663 640 108 87 532 500 242 220 59 47 161
cat_boundaries=0 2 3 4
cat_threshold=32771 281018368 2 134283408
is_linear=0
shrinkage=0.1


Tree=9
num_leaves=21
num_cat=1
split_feature=11 29 4 2 11 38 1 17 17 35 3 34 35 1 11 29 0 38 38 0
split_gain=1.88262 1.01443 1.18393 2.85884 1.0765 0.770409 0.282861 0.237733 0.445157 0.217949 0.198796 0.342079 0.132943 0.107375 0.0851288 0.153948 0.0368421 0.0341911 0.115056 5.55112e-17
threshold=0.31279069767441864 2.5002015617650035 1.5000000000000002 0.14384070358275472 0.07796966702599116 7.9107509939878993 2284.0000000000005 299.50000000000006 338.00000000000006 526.50000000000011 0 3.5000000000000004 182.00000000000003 2471.5000000000005 0.11909767623014345 1.3787534049074017 0.19473560917690749 10.583570203398251 10.819778284210285 0.31844711950457349
decision_type=2 2 2 2 2 2 2 2 2 2 9 2 2 2 2 2 2 2 2 2
left_child=1 7 3 -3 5 -4 19 9 -9 10 11 12 -1 -8 15 -12 -17 -16 -19 -6
right_child=-2 2 4 -5 6 -7 13 8 -10 -11 14 -13 -14 -15 17 16 -18 18 -20 -21
leaf_value=-0.00040880624372184935 0 0.00012236244967985885 0.012986429770829323 -1.6043732785142595e-05 0.01900188175273896 -0.0013227493015106288 -0.0047003063849013725 -0.0034591812694936986 0.095278797819418282 -0.0048831686229357284 -0.010849899084939434 -0.020319367901206861 0.036611364926247482 0.079690401716770776 0.051356168646160064 0.058484097800000037 0.2625639976518212 0.0033978865443172138 0.15848409780000006 0.00098052614860537628
leaf_weight=39 29 28 23 21 55 36 20 27 25 26 31 24 53 21 283 56 20 25 64 53
leaf_count=39 29 28 23 21 55 36 20 27 25 26 31 24 53 21 283 56 20 25 64 53
internal_value=-0.000943691 -0.00016129 -0.00550584 -0.0194898 -0.00221154 -0.0136441 0.00231544 0.00187964 -0.00461538 0.00242351 0.00281513 -0.000952381 0.00173913 -0.0047561 0.00367076 0.00126168 0.00368421 0.00446237 0.00275281 0.005
internal_weight=959 930 257 49 208 59 149 673 52 621 595 116 92 41 479 107 76 372 89 108
internal_count=959 930 257 49 208 59 149 673 52 621 595 116 92 41 479 107 76 372 89 108
cat_boundaries=0 2
cat_threshold=134217872 2
is_linear=0
shrinkage=0.1


Tree=10
num_leaves=22
num_cat=2
split_feature=11 20 11 10 11 1 1 11 31 3 27 27 17 0 35 27 18 0 0 0 0
split_gain=1.92986 0.980174 1.18679 0.481376 0.597727 0.40669 0.506137 0.242267 0.206625 0.244927 0.51533 0.414216 0.169406 0.16248 0.0864466 0.0379518 0.0290376 2.22045e-16 2.77556e-17 2.77556e-17 2.77556e-17
threshold=0.31279069767441864 1.5000000000000002 0.19695545898967956 0 0.1224400477950371 1502.0000000000002 2266.5000000000005 0.01025641025641026 7.4120147315680773 1 11.756265626104616 12.48159041453126 333.00000000000006 0.15271187696396904 526.50000000000011 8.944612056941514 21.500000000000004 0.44336916480606542 0.12662294756532669 0.044005438661356658 0.60418157631361458
decision_type=2 2 2 9 2 2 2 2 2 9 2 2 2 2 2 2 2 2 2 2 2
left_child=1 2 -1 4 -3 15 -7 -5 9 10 18 -12 14 -8 16 -6 17 -11 -9 -17 -19
right_child=-2 3 -4 7 5 6 13 8 -10 12 11 -13 -14 -15 -16 19 -18 20 -20 -21 -22
leaf_value=-0.0047958954248513491 0 -0.0065035556525463488 0.19424580396074084 -0.017789608948785614 0.0357011752879745 -0.0050851085338753516 0.18836093020203479 0.21320603254166326 -0.0070629939914383412 0.036807189375837324 -0.0052961746261999728 0.10353371764905009 -0.0035455338174669206 -0.0029018867369632797 0.00051706768524894381 0.037873357308743485 0.00011623119736592358 0.037585084529370864 0.027845006816692275 0.20371747983711164 0.00011623268428896384
leaf_weight=34 29 34 23 38 20 20 23 37 28 369 27 24 20 26 39 35 32 30 22 28 21
leaf_count=34 29 34 23 38 20 20 23 37 28 369 27 24 20 26 39 35 32 30 22 28 21
internal_value=-0.000630865 0.00016129 -0.0125439 0.000990836 -0.00341837 -0.000921052 -0.0065942 0.0022023 0.00268875 0.00306763 -0.00125 -0.00872549 0.00394434 -0.00112245 0.004389 0.00379518 0.00477876 0.005 0.005 0.005 0.005
internal_weight=959 930 57 873 186 152 69 687 649 621 110 51 511 49 491 83 452 420 59 63 51
internal_count=959 930 57 873 186 152 69 687 649 621 110 51 511 49 491 83 452 420 59 63 51
cat_boundaries=0 3 5
cat_threshold=32768 268435456 2064 134234112 4
is_linear=0
shrinkage=0.1


Tree=11
num_leaves=25
num_cat=3
split_feature=11 20 17 25 17 10 2 11 3 17 32 17 31 38 31 35 18 17 17 11 0 0 0 1
split_gain=1.77468 0.743113 1.16434 0.728763 0.583784 0.559641 0.873857 1.12896 0.40251 0.659726 0.889952 0.965748 0.267893 0.188188 0.319088 0.0914888 0.0645834 0.104762 0.0411829 0.0368051 1.11022e-16 2.77556e-17 2.77556e-17 2.77556e-17
threshold=0.31279069767441864 2.5000000000000004 186.50000000000003 0.12793614972245301 88.500000000000014 0 0.1802214502822406 0.1224400477950371 1 182.50000000000003 2 220.50000000000003 2.8228654781173526 9.2064246843132107 5.9165523441942574 526.50000000000011 18.500000000000004 108.50000000000001 307.50000000000006 0.011555111555111557 0.3646190003521495 0.16973387280050573 0.50982061439855786 2279.5000000000005
decision_type=2 2 2 2 2 9 2 2 9 2 1 2 2 2 2 2 2 2 2 2 2 2 2 2
left_child=1 2 4 -4 -1 6 7 -3 9 13 11 -11 -9 22 -15 16 18 -18 19 -10 -21 -6 -7 -14
right_child=-2 5 3 -5 21 8 -8 12 15 10 -12 -13 23 14 -16 -17 17 -19 -20 20 -22 -23 -24 -25
leaf_value=-0.0043163058823662229 0 -0.0068033532407464434 -0.0040860856025957976 -0.0040867431056398331 0.24487625981818162 0.10996427554757023 -0.015145269789845451 -0.0033701361260723098 0.18586890734951342 -0.016366985392533184 0.095506944818293416 -0.0028577680669111759 0.14894895089947205 -0.0097515785942265797 0.33599979772296806 -0.00136166887025274 0.00010460807762933123 -0.016338222080348814 0.082640005101833086 0.077395870286389237 0.00010461452394423533 0.051704560522983556 0.079602228426142813 0.11690563338687612
leaf_weight=20 29 28 20 27 29 73 26 26 25 21 31 36 58 26 28 29 22 20 20 267 21 25 21 31
leaf_count=20 29 28 20 27 29 73 26 26 25 21 31 36 58 26 28 29 22 20 20 267 21 25 21 31
internal_value=-0.00167362 -0.000913978 -0.00822314 -0.0205319 -0.000405405 0.000179234 -0.00477654 -0.00199301 0.00153846 -0.00170732 -0.00863636 -0.0160526 0.0023913 0.0022973 -0.00240741 0.00342995 0.00393333 0.000238095 0.0043994 0.00468051 0.005 0.005 0.005 0.005
internal_weight=959 930 121 47 74 809 169 143 640 236 88 57 115 148 54 404 375 42 333 313 288 54 94 89
internal_count=959 930 121 47 74 809 169 143 640 236 88 57 115 148 54 404 375 42 333 313 288 54 94 89
cat_boundaries=0 3 5 6
cat_threshold=1 268435456 16 134299776 6 2
is_linear=0
shrinkage=0.1


Tree=12
num_leaves=26
num_cat=2
split_feature=11 20 22 17 25 17 25 3 1 34 10 2 20 9 4 2 1 29 1 22 0 2 25 4 0
split_gain=1.66992 0.93743 0.923981 1.00119 0.811252 0.776968 0.625 0.420994 0.639767 0.649847 0.319645 0.639334 0.206087 0.280519 0.197298 0.189739 0.189548 0.0946644 0.0781702 0.109091 0.0396907 0.0321429 0.0303922 2.22045e-16 2.77556e-17
threshold=0.31279069767441864 2.5000000000000004 95.000000000000014 186.50000000000003 0.018732492997198882 129.50000000000003 0.12843045112781956 0 2305.0000000000005 2.5000000000000004 1 0.1802214502822406 10.500000000000002 1.0000000180025095e-35 3.5000000000000004 0.039888682745825611 2284.0000000000005 1.2325560112299108 2428.5000000000005 50.000000000000007 0.25850324142053599 0.13420963364993219 0.19127485329526941 1.5000000000000002 0.19473560917690749
decision_type=2 2 2 2 2 2 2 9 2 2 9 2 2 2 2 2 2 2 2 2 2 2 2 2 2
left_child=1 2 3 21 5 -3 -5 8 9 -6 11 14 18 -14 15 -9 17 -17 23 -20 24 -1 -10 -12 -16
right_child=-2 4 -4 6 7 -7 -8 10 22 -11 12 -13 13 -15 20 16 -18 -19 19 -21 -22 -23 -24 -25 -26
leaf_value=0.097339343045946061 0 -0.0043012589249660652 -0.010069004313422095 -0.0032705060040456369 -0.0084305810889066021 -0.022999137351825138 -0.0027497454680661861 -0.0051751132770694493 0.064681624370555468 0.0083738839354193639 0.11771538453482072 -0.0027244527611951916 0.15056015641331971 -0.0024495910667032836 0.069656283257750307 0.013938678691402241 -0.0023891633419800898 0.16531920408394551 -0.0092941749330193706 0.077287583377976879 0.22791085161139737 0.22038863383636342 0.01500601712128783 0.030792728475259545 0.2065992383911267
leaf_weight=20 29 29 25 20 34 22 20 39 31 31 38 30 27 28 57 28 24 55 20 24 20 36 20 232 20
leaf_count=20 29 29 25 20 34 22 20 39 31 31 38 30 27 28 57 28 24 55 20 24 20 36 20 232 20
internal_value=-0.00240355 -0.00166667 -0.00987603 -0.00541667 -0.000438813 -0.0126471 -0.0175 0.000382586 -0.00492063 -0.0119231 0.00139571 -0.00118375 0.00328496 -0.00227273 0.000473251 -0.00184931 0.000327103 0.00259036 0.00436306 0.000454546 0.00396907 0.00321429 0.00303922 0.005 0.005
internal_weight=959 930 121 96 809 51 40 758 116 65 642 273 369 55 243 146 107 83 314 44 97 56 51 270 77
internal_count=959 930 121 96 809 51 40 758 116 65 642 273 369 55 243 146 107 83 314 44 97 56 51 270 77
cat_boundaries=0 2 5
cat_threshold=134283280 4 40963 270532608 10256
is_linear=0
shrinkage=0.1


Tree=13
num_leaves=31
num_cat=3
split_feature=11 29 38 31 20 17 25 7 10 35 21 2 38 38 31 17 0 1 1 35 16 0 31 38 1 2 1 0 0 1
split_gain=1.5541 1.23801 0.982092 1.07052 0.567948 0.960781 0.915719 0.444277 0.487424 0.434945 0.43123 0.308096 0.477491 0.931292 0.304839 0.27907 0.254348 0.244898 0.225964 0.155233 0.137682 0.287439 0.148371 0.0401961 0.0267442 0.025 1.11022e-16 2.77556e-17 2.77556e-17 2.77556e-17
threshold=0.31279069767441864 3.1004979355011657 7.9107509939878993 5.8715965101010781 2.5000000000000004 186.50000000000003 0.12793614972245301 1.0000000180025095e-35 0 517.50000000000011 1 0.18869053555400422 9.3653289322246689 9.9867933584293684 2.998706783274725 131.50000000000003 0.55097003938039235 703.00000000000011 688.00000000000011 284.50000000000006 2 0.044005438661356658 5.8392016115570362 10.717022143083765 712.00000000000011 0.14442943420216151 2325.5000000000005 0.24293848920101288 0.15271187696396904 2305.0000000000005
decision_type=2 2 2 2 2 2 2 2 9 2 9 2 2 2 2 2 2 2 2 2 9 2 2 2 2 2 2 2 2 2
left_child=1 4 16 -4 5 14 -7 20 23 10 11 12 24 -14 -1 18 -3 -15 -12 27 21 -6 28 29 -10 -21 -22 -17 -23 -9
right_child=-2 2 3 -5 7 6 -8 8 9 -11 15 -13 13 17 -16 19 -18 -19 -20 25 26 22 -24 -25 -26 -27 -28 -29 -30 -31
leaf_value=-0.0034148164475358519 0 -0.0013363381071383553 -0.0036984054379776143 -0.00081722605178885738 -0.0020494938399042181 -0.0033164339600088018 -0.0027641117868629963 0.15642049949499492 0.011849578464316293 -0.0080357329649292496 -0.010424299303183223 -0.016437627098905339 -0.022182476312333513 -0.015041106574250746 0.19837050595753858 0.078382979721235882 0.075321876210981659 0.41122468436464604 0.096064496464714377 0.42799090225664094 0.042280900102641621 0.12363907497492116 -0.0018921396397774794 0.027906542833988881 0.06254947643648244 -0.0028478729147266555 0.054746808399410068 0.17738044253579613 0.16918658740085898 0.13471791497524521
leaf_weight=20 29 20 39 23 30 20 26 61 20 22 21 21 21 28 42 58 26 21 22 20 116 46 21 20 23 20 43 31 28 21
leaf_count=20 29 20 39 23 30 20 26 61 20 22 21 21 21 28 42 58 26 21 22 20 116 46 21 20 23 20 43 31 28 21
internal_value=-0.00323775 -0.00252688 -0.0125926 -0.0208065 -0.00120438 -0.00796296 -0.018913 -0.000182073 -0.0022093 -0.00402367 -0.00316993 -0.00715278 -0.00561947 -0.0107143 0.00016129 0.00032967 -0.00152174 -0.00316327 -0.00662791 0.00267442 0.00288732 0.000185185 0.00289474 0.00366071 0.00267442 -0.0025 0.00470414 0.005 0.005 0.005
internal_weight=959 930 108 62 822 108 46 714 430 328 306 134 113 70 62 172 46 49 43 129 284 125 95 102 43 40 159 89 74 82
internal_count=959 930 108 62 822 108 46 714 430 328 306 134 113 70 62 172 46 49 43 129 284 125 95 102 43 40 159 89 74 82
cat_boundaries=0 3 4 5
cat_threshold=4096 268435456 16384 1073758404 1025
is_linear=0
shrinkage=0.1


Tree=14
num_leaves=31
num_cat=1
split_feature=11 29 27 20 17 25 18 7 25 11 35 2 22 31 17 20 2 1 29 32 27 27 31 31 0 34 11 0 0 0
split_gain=1.53992 1.26874 0.730936 0.630773 1.17743 0.728763 0.557959 0.550077 0.631071 0.372833 0.450426 0.288018 0.685714 0.287946 0.268601 0.161657 0.2496 0.139296 0.126534 0.301449 0.10656 0.241429 0.0455548 0.136508 0.0418033 0.03 0.0261905 5.55112e-17 5.55112e-17 2.77556e-17
threshold=0.31279069767441864 3.664402490324973 12.357085452525327 2.5000000000000004 186.50000000000003 0.12793614972245301 14.500000000000002 1.0000000180025095e-35 0.020526315789473688 0.19116125269287579 517.50000000000011 0.1802214502822406 50.000000000000007 2.998706783274725 86.500000000000014 7.5000000000000009 0.14442943420216151 2079.5000000000005 1.2683303356789073 0 12.24242830062332 12.663306280948536 5.8392016115570362 6.2310502354743242 0.034389757697412857 3.5000000000000004 0.20198488944382489 0.21912746546557765 0.15271187696396904 0.09983509756428384
decision_type=2 2 2 2 2 2 2 2 2 2 2 2 2 2 2 2 2 2 2 1 2 2 2 2 2 2 2 2 2 2
left_child=1 3 -3 4 13 -6 -4 18 -9 14 11 15 -13 -1 -10 -11 17 -17 19 -5 24 -22 27 -24 -16 -23 -18 -20 29 -26
right_child=-2 2 6 7 5 -7 -8 8 9 10 -12 12 -14 -15 20 16 26 -19 22 -21 21 25 23 -25 28 -27 -28 -29 -30 -31
leaf_value=-0.0025362932180337918 0 -0.0022355885815394543 -0.0026152858271855984 -0.0018445444559137911 -0.002984790564007933 -0.0026143349645865207 -0.003328564894179853 -0.015672013661881205 -0.0068561349263916247 0.076694891972411083 -0.0074913018167676038 0.1166531912599159 -0.0059801478424633125 0.17851271985697326 0.01066462061788467 -0.01179651389109658 0.11471343173825017 -0.0046842402128377206 0.068183085257164253 0.23409935361881595 -0.001456715139786989 0.17752344824714039 -0.0072758905427081355 0.12464482258312455 0.14077844954549543 0.16826019357572464 0.048669028478925118 0.040880318384945484 0.0049106885353740158 0.27148555646739408
leaf_weight=21 29 35 20 30 20 27 27 20 32 36 21 21 35 43 20 21 20 25 133 39 20 30 20 43 43 20 22 27 20 39
leaf_count=21 29 35 20 30 20 27 27 20 32 36 21 21 35 43 20 21 20 25 133 39 20 30 20 43 43 20 22 27 20 39
internal_value=-0.00334202 -0.00263441 -0.0145122 -0.00148585 -0.00851351 -0.0205319 -0.0226596 -0.000427408 -0.00264045 -0.00182353 -0.00495025 -0.00333333 -0.00928571 0.0003125 0.000982143 -0.000645161 -0.00295455 -0.00804348 0.00294521 -0.000797101 0.00239583 -0.000714286 0.00410314 0.0018254 0.00418033 0.003 0.00261905 0.005 0.005 0.005
internal_weight=959 930 82 848 111 47 47 737 445 425 201 180 56 64 224 124 88 46 292 69 192 70 223 63 122 50 42 160 102 82
internal_count=959 930 82 848 111 47 47 737 445 425 201 180 56 64 224 124 88 46 292 69 192 70 223 63 122 50 42 160 102 82
cat_boundaries=0 1
cat_threshold=2
is_linear=0
shrinkage=0.1


Tree=15
num_leaves=30
num_cat=1
split_feature=1 29 1 38 20 11 17 35 18 10 1 1 0 17 5 1 1 38 31 1 25 26 25 0 0 0 0 0 2
split_gain=1.60252 1.41838 1.34302 1.15832 0.851393 1.30462 0.782925 0.6 0.522612 0.384969 0.485001 0.433366 0.358605 0.131197 0.131843 0.134444 0.130775 0.107743 0.210989 0.15 0.0576203 0.043302 0.102857 1.11022e-16 5.55112e-17 2.77556e-17 1.38778e-17 1.38778e-17 1.38778e-17
threshold=479.50000000000006 2.2539164765495676 25.000000000000004 7.9107509939878993 1.5000000000000002 0.19695545898967956 129.50000000000003 517.50000000000011 21.500000000000004 0 1399.0000000000002 2305.0000000000005 0.26619570084027566 214.50000000000003 -8.4999999999999982 2605.5000000000005 703.00000000000011 9.3653289322246689 5.1296619847546854 115.50000000000001 0.14140198612232205 -2.2499999999999996 0.12409656567943923 0.24293848920101288 0.014876479074673899 0.13539510239078142 0.062963778298895309 0.13539510239078142 0.14337918744118061
decision_type=2 2 2 2 2 2 2 2 2 9 2 2 2 2 2 2 2 2 2 2 2 2 2 2 2 2 2 2 2
left_child=1 2 -1 12 5 -2 8 9 -5 10 16 -12 -3 21 20 -16 -6 26 -19 -20 25 22 -11 24 -23 -15 -4 -21 -24
right_child=4 3 17 6 7 -7 -8 -9 -10 13 11 -13 -14 14 15 -17 -18 18 19 27 -22 23 28 -25 -26 -27 -28 -29 -30
leaf_value=-0.013870893563884979 -0.0092922841593140598 -0.00097914543827057679 0.21633109994554245 -0.0023537572444670475 -0.00046401470968805703 0.17604271709718233 -0.0034789474312999199 -0.0074998552528493072 -0.0059663680251922473 0.042621285526002445 -0.011040134101562779 0.086301239494890505 0.071984784974024885 0.23709267877635587 -0.021399731135033476 0.14097697296707798 0.16294359564777841 -0.014260458237070915 -0.0040782186853193366 0.11881156850341111 0.0037797818328876077 0.065715082207433259 0.13415611595117879 0.056102981702587318 0.027237011218154802 0.13647239739933006 0.13518223141888377 0.12630347180370358 0.12110396222506455
leaf_weight=35 28 20 24 32 21 23 32 36 29 25 23 27 33 29 20 25 46 20 35 20 39 22 23 25 172 21 23 29 22
leaf_count=35 28 20 24 32 21 23 32 36 29 25 23 27 33 29 20 25 46 20 35 20 39 22 23 25 172 21 23 29 22
internal_value=-0.00323775 -0.00885542 -0.00306452 -0.0162329 -0.000263158 -0.0126471 -0.022957 0.000833333 -0.0163115 0.00166667 -0.00326772 -0.011 -0.00443396 0.00303695 0.000522388 -0.00388889 0.00201493 0.00102649 -0.000769231 0.00142857 0.00275281 0.00430796 0.00214286 0.005 0.005 0.005 0.005 0.005 0.005
internal_weight=959 332 186 146 627 51 93 576 61 540 117 50 53 423 134 45 67 151 104 84 89 289 70 219 194 50 47 49 45
internal_count=959 332 186 146 627 51 93 576 61 540 117 50 53 423 134 45 67 151 104 84 89 289 70 219 194 50 47 49 45
cat_boundaries=0 3
cat_threshold=32769 0 16
is_linear=0
shrinkage=0.1


Tree=16
num_leaves=24
num_cat=1
split_feature=29 38 31 25 3 35 25 25 17 17 26 22 38 27 31 29 11 11 29 0 1 20 1
split_gain=2.65698 1.45327 1.2671 1.225 0.778446 1.16193 2.33493 0.840278 0.584237 0.552129 0.613472 0.387413 0.299574 0.220833 0.139013 0.120525 0.0815945 0.0745096 0.0789569 0.0324561 0.0291667 0.0253247 5.55112e-17
threshold=3.1004979355011657 7.8807168534675442 5.8715965101010781 0.15608108108108112 0 134.50000000000003 0.10391931277803346 0.020526315789473688 321.50000000000006 182.50000000000003 -6.4999999999999991 50.000000000000007 6.9778731505607965 11.756265626104616 1.7816581155692954 1.1183294714389398 0.19988776655443327 0.11261703552456977 1.4047013476812491 0.16125909364361909 51.000000000000007 1.5000000000000002 752.50000000000011
decision_type=2 2 2 2 9 2 2 2 2 2 2 2 2 2 2 2 2 2 2 2 2 2 2
left_child=4 12 3 -3 5 6 7 -1 15 14 -11 -12 -2 -13 -7 -6 22 18 -17 -20 -9 -19 -16
right_child=1 2 -4 -5 8 9 -8 20 -10 10 11 13 -14 -15 16 17 -18 21 19 -21 -22 -23 -24
leaf_value=-0.017343739097394326 -0.0055674382611132006 -0.0058219316389309652 -0.0016793421182866642 -0.0015815209597230227 -0.0010780112863849722 -0.0063585386922665249 -0.012107615400077525 0.00071161287867549817 -0.022488516580669936 -0.0085683104416067937 -0.013323772926139383 0.040925355507958255 0.091086890579657159 -0.014722479441969577 0.09929266901921599 -0.0025185820499973089 0.02143356015086954 0.0031103857906560799 0.027746624678067502 0.68704703599643224 0.042044530698645083 0.099629335662957397 0.15309979396521675
leaf_weight=24 25 20 23 20 24 20 21 28 22 24 29 53 22 27 58 23 38 35 37 20 20 273 73
leaf_count=24 25 20 23 20 24 20 21 28 22 24 29 53 22 27 58 23 38 35 37 20 20 273 73
internal_value=-0.00219499 -0.0168182 -0.026746 -0.0375 -0.000300353 -0.00335294 -0.0132796 -0.00472222 0.00263514 -0.000590062 -0.00552632 -0.00233945 -0.00351064 0.00125 0.0028836 0.00354369 0.00381657 0.00396907 0.00125 0.00324561 0.00291667 0.00467532 0.005
internal_weight=959 110 63 40 849 415 93 72 434 322 133 109 47 80 189 412 169 388 80 57 48 308 131
internal_count=959 110 63 40 849 415 93 72 434 322 133 109 47 80 189 412 169 388 80 57 48 308 131
cat_boundaries=0 2
cat_threshold=167796864 6
is_linear=0
shrinkage=0.1


Tree=17
num_leaves=25
num_cat=1
split_feature=29 38 31 25 10 20 26 17 17 0 31 31 26 38 2 29 34 29 35 17 0 1 0 1
split_gain=2.61922 1.45327 1.2671 1.225 0.51065 0.769186 0.597329 0.62004 0.692989 0.601001 0.420937 0.760743 0.321537 0.299574 0.236622 0.20662 0.260815 0.209968 0.153452 0.224103 0.0324561 0.0307201 0.0287234 0.0282609
threshold=3.1004979355011657 7.8807168534675442 5.8715965101010781 0.15608108108108112 0 8.5000000000000018 -1.7499999999999998 79.500000000000014 145.50000000000003 0.16973387280050573 5.8001375297955802 5.9420892617740355 -2.2499999999999996 6.9778731505607965 0.147330149772086 2.0547479329947227 2.5000000000000004 2.4449519581738497 300.50000000000006 231.50000000000003 0.1177731590156262 607.00000000000011 0.10884435031562299 703.00000000000011
decision_type=2 2 2 2 9 2 2 2 2 2 2 2 2 2 2 2 2 2 2 2 2 2 2 2
left_child=4 13 3 -3 5 6 22 -8 -9 14 18 -12 -7 -2 21 -13 17 -17 -6 20 -20 -10 -1 -18
right_child=1 2 -4 -5 10 12 7 8 9 -11 11 15 -14 -15 -16 16 23 -19 19 -21 -22 -23 -24 -25
leaf_value=0.14887129194979584 -0.0050106944350018726 -0.0052397384750378683 -0.0015114079064580069 -0.0014233688637507256 0.017430089897735358 -0.010496663879677549 0.082029076947918014 -0.011090991159281333 -0.0042666867369525185 -0.0092075437734092207 -0.010657459135511443 0.075837220928952051 0.096291047606969035 0.081978201521691441 0.14263606293393336 -0.0084294819783622011 -0.0050914189519641259 0.0031589796698595187 -0.01208120992596788 -0.0097412806280407702 0.10095419572075215 -0.018562831834118609 0.048254485174485329 0.13466164364644526
leaf_weight=27 25 20 23 20 247 23 24 38 21 39 26 60 106 22 26 27 20 20 20 22 37 20 20 26
leaf_count=27 25 20 23 20 247 23 24 38 21 39 26 60 106 22 26 27 20 20 20 22 37 20 20 26
internal_value=-0.00229927 -0.0168182 -0.026746 -0.0375 -0.000418139 -0.00333333 -0.00709302 -0.00988095 -0.0123611 -0.00820755 0.00160194 -0.00226257 0.00267442 -0.00351064 -0.00246269 0.000424837 -0.00252688 -0.00776596 0.00377301 -6.3291e-05 0.00324561 -0.00719512 0.00287234 0.00282609
internal_weight=959 110 63 40 849 344 215 168 144 106 505 179 129 47 67 153 93 47 326 79 57 41 47 46
internal_count=959 110 63 40 849 344 215 168 144 106 505 179 129 47 67 153 93 47 326 79 57 41 47 46
cat_boundaries=0 3
cat_threshold=32769 8388608 18448
is_linear=0
shrinkage=0.1


Tree=18
num_leaves=28
num_cat=2
split_feature=29 38 31 11 25 11 7 21 2 17 27 17 17 25 38 35 17 29 3 38 38 17 29 11 0 1 1
split_gain=1.97152 1.52165 1.06115 0.909091 0.9 0.585385 0.356306 0.365046 0.460542 0.373435 0.276845 0.270158 0.508287 0.204816 0.168511 0.147941 0.138858 0.0812509 0.0751157 0.0855332 0.225 0.0556098 0.12 0.0362554 0.034127 0.0307692 1.11022e-16
threshold=3.1004979355011657 7.8807168534675442 5.8715965101010781 0.26586078738981028 0.15608108108108112 1.0000000180025095e-35 1.0000000180025095e-35 0 0.06186224489795919 297.00000000000006 11.419094717871982 214.50000000000003 257.00000000000006 0.20007251631617118 6.9778731505607965 81.000000000000014 283.50000000000006 1.6695900619558148 1 9.5568330957171117 10.694009588356826 113.50000000000001 1.3787534049074017 0.19988776655443327 0.12662294756532669 2279.5000000000005 2170.0000000000005
decision_type=2 2 2 2 2 2 2 9 2 2 2 2 2 2 2 2 2 2 9 2 2 2 2 2 2 2 2
left_child=3 14 4 5 -3 -1 16 8 10 13 -8 21 -13 15 -2 -10 18 -17 19 24 -21 22 -9 -19 -7 -14 -20
right_child=1 2 -4 -5 -6 6 7 11 9 -11 -12 12 25 -15 -16 17 -18 23 26 20 -22 -23 -24 -25 -26 -27 -28
leaf_value=-0.049083158605140884 -0.0045096249915016822 -0.0047157646275340906 -0.0013602671158122084 -0.00094667820465402686 -0.0012810319773756426 0.010472302502539235 -0.0013270933778829566 -0.010634093245562783 -0.0080226710700818712 -0.021015729211030836 -0.015044758106221382 -0.0059724816289900388 0.12774952404359738 -0.0092093116203175261 0.073780381369522294 -0.0045021040152344195 -0.00099291059195274188 0.00016607770923925404 0.017533827692905693 -0.020991191964390837 0.13327572223616477 0.12485292775106741 0.02237944002961385 0.002254106007397211 0.021602571792957739 0.0074287162286789431 0.23793822183115532
leaf_weight=33 25 20 23 31 20 43 20 20 28 20 23 34 20 20 22 27 20 67 129 20 20 114 30 21 20 32 57
leaf_count=33 25 20 23 31 20 43 20 20 28 20 23 34 20 20 22 27 20 67 129 20 20 114 30 21 20 32 57
internal_value=-0.00240355 -0.015 -0.0251587 -0.000771496 -0.035 -0.000134474 0.000414013 -0.00130252 -0.00411017 -0.00210382 -0.0136047 0.00134615 -0.00313953 -0.000521472 -0.00138298 0.000804196 0.00305825 0.0023913 0.00361592 0.0010177 -0.0025 0.00378049 0.001 0.00386364 0.0034127 0.00307692 0.0047449
internal_weight=959 110 63 849 40 818 785 476 226 183 43 250 86 163 47 143 309 115 289 103 40 164 50 88 63 52 186
internal_count=959 110 63 849 40 818 785 476 226 183 43 250 86 163 47 143 309 115 289 103 40 164 50 88 63 52 186
cat_boundaries=0 1 3
cat_threshold=1610629348 536895504 18
is_linear=0
shrinkage=0.1


Tree=19
num_leaves=27
num_cat=3
split_feature=29 38 31 25 11 3 35 35 11 21 17 17 17 10 20 38 2 1 38 1 25 17 2 11 17 2
split_gain=1.87481 1.52165 1.06115 0.9 0.871272 0.35979 2.06603 0.489224 0.399941 0.351001 0.287356 0.233634 0.748669 0.222614 0.293876 0.168511 0.132102 0.114443 0.137755 0.0617541 0.101587 0.0352707 0.108339 0.0303675 0.0295918 2.77556e-17
threshold=3.1004979355011657 7.8807168534675442 5.8715965101010781 0.15608108108108112 0.26586078738981028 0 134.50000000000003 446.50000000000006 0.21159235203969937 1 299.50000000000006 182.50000000000003 223.50000000000003 2 4.5000000000000009 6.9778731505607965 0.094727623051322485 211.50000000000003 9.7414096291867818 2412.5000000000005 0.14627512127512129 145.50000000000003 0.11314285714285716 0.020691013193171664 266.50000000000006 0.17122109079579093
decision_type=2 2 2 2 2 9 2 2 2 9 2 2 2 9 2 2 2 2 2 2 2 2 2 2 2 2
left_child=4 15 3 -3 5 6 -1 9 11 10 13 21 -13 17 -15 -2 -16 18 -7 23 -21 -8 -23 -11 -14 -19
right_child=1 2 -4 -5 -6 7 8 -9 -10 19 -12 12 24 14 16 -17 -18 25 -20 20 -22 22 -24 -25 -26 -27
leaf_value=-0.023905866794872395 -0.0040586624923515061 -0.004244188164780692 -0.0012242404042309921 -0.0011529287796380701 -0.0008520103841886163 0.14731121292564825 0.030691426335004119 -0.010559818464720334 -0.0019616907990703853 0.0063543613747300805 -0.01727606824267873 -0.0025747739912802062 0.2345521801307684 -0.0072930351997484476 -0.0066829473237133277 0.066402343232570063 0.10987190926198696 0.051929311615207696 -0.091210220515180296 -0.0072670037959988165 0.26665587626625958 0.019011663810196058 0.028153984685219548 0.064093958698642581 0.00076410628016190167 0.25199660550000286
leaf_weight=30 25 20 23 20 31 21 71 21 22 29 24 20 29 38 33 22 31 58 28 21 24 38 23 214 20 23
leaf_count=30 25 20 23 20 31 21 71 21 22 29 24 20 29 38 33 22 31 58 28 21 24 38 23 214 20 23
internal_value=-0.00271637 -0.015 -0.0251587 -0.035 -0.00112485 -0.000501222 -0.00355513 0.000913044 -0.000381166 0.00150735 -0.00120301 0.0010199 -0.00369565 -0.000172414 -0.00348214 -0.00138298 0.0003125 0.0025 -0.00112245 0.0038255 0.000555556 0.00348485 0.00172131 0.00458848 0.00295918 0.005
internal_weight=959 110 63 40 849 818 253 565 223 544 256 201 69 232 102 47 64 130 49 288 45 132 61 243 49 81
internal_count=959 110 63 40 849 818 253 565 223 544 256 201 69 232 102 47 64 130 49 288 45 132 61 243 49 81
cat_boundaries=0 2 4 7
cat_threshold=134242432 4 1077953700 2048 0 14680064 24576
is_linear=0
shrinkage=0.1


Tree=20
num_leaves=27
num_cat=2
split_feature=10 4 2 18 11 5 25 26 17 27 29 11 9 3 20 22 11 29 35 2 18 1 1 0 0 1
split_gain=1.21413 3.10906 2.5 0.923161 0.834315 0.489153 0.412153 0.373364 0.784881 0.414995 0.372024 0.723214 0.330327 0.353067 0.58978 0.372014 0.299395 0.341624 0.204608 0.183243 0.045098 0.0357143 5.55112e-17 2.77556e-17 2.77556e-17 2.77556e-17
threshold=0 1.5000000000000002 0.14655962042244494 29.500000000000004 0.31279069767441864 -8.4999999999999982 0.018732492997198882 -2.2499999999999996 243.00000000000003 10.3456612450058 3.0610332014132511 0.19127360012061462 1.0000000180025095e-35 1 10.500000000000002 220.00000000000003 0.19127360012061462 1.9257063792541962 338.50000000000006 0.036292682926829273 14.500000000000002 848.50000000000011 1013.0000000000001 0.21912746546557765 0.16125909364361909 1627.0000000000002
decision_type=9 2 2 2 2 2 2 2 2 2 2 2 2 9 2 2 2 2 2 2 2 2 2 2 2 2
left_child=1 2 -1 5 6 10 -2 8 9 -8 11 -3 20 19 15 16 23 -18 25 -14 -9 -11 -21 -15 -23 -7
right_child=4 3 -4 -5 -6 18 7 12 -10 21 -12 -13 13 14 -16 -17 17 -19 -20 22 -22 24 -24 -25 -26 -27
leaf_value=-0.013691942173631108 -0.0032801845302405925 0.094575877597690483 -0.015798430492140088 -0.0045644829614906639 -0.0010785677343928583 0.040947314471650689 -0.0080301673423908704 0.023603037949506724 -0.015203235869431349 0.11051717970195735 -0.0026830124370127079 -0.017148909410230839 -0.0021623184002375877 0.088641480149381169 -0.005974281101754365 -0.011568250364754368 0.033643472962210909 -0.008692442698668125 -0.00011621922939200059 0.11683275762257828 2.4208257859441771 0.13380786550525378 0.36740902013446214 0.0020611990392450904 0.10274469131984804 0.072231816188797107
leaf_weight=20 39 36 20 20 25 53 24 184 29 20 20 28 37 43 20 21 34 28 31 86 20 29 27 23 21 21
leaf_count=20 39 36 20 20 25 53 24 184 29 20 20 28 37 43 20 21 34 28 31 86 20 29 27 23 21 21
internal_value=-0.00323775 -0.00909266 -0.035 -0.00456938 -0.00104167 -0.00240741 -0.00040146 0.000201239 -0.0047561 -0.000319149 -0.00809524 -0.004375 0.00136711 -0.000642633 -0.00365922 -0.00171141 0.0003125 -0.00467742 0.00214286 0.0028125 0.0045098 0.00357143 0.005 0.005 0.005 0.005
internal_weight=959 249 40 209 710 189 685 646 123 94 84 64 523 319 169 149 128 62 105 150 204 70 113 66 50 74
internal_count=959 249 40 209 710 189 685 646 123 94 84 64 523 319 169 149 128 62 105 150 204 70 113 66 50 74
cat_boundaries=0 2 4
cat_threshold=134217729 276824064 570425408 52
is_linear=0
shrinkage=0.1


Tree=21
num_leaves=29
num_cat=3
split_feature=20 11 21 19 31 3 1 11 2 34 11 3 27 2 1 17 0 27 17 35 35 4 38 11 20 0 0 0
split_gain=1.01148 1.70898 0.844019 1.13205 1.58387 1.56564 1.58402 1.08605 0.72 0.446799 0.839198 0.380317 0.56605 0.347826 0.239598 0.184965 0.246243 0.140299 0.124805 0.0929872 0.0899189 0.203831 0.121385 0.0396907 0.0267442 5.55112e-17 2.77556e-17 1.38778e-17
threshold=1.5000000000000002 0.19695545898967956 0 2009.5000000000002 2.7778847933272539 1 670.00000000000011 0.19116125269287579 0.15101686945277143 2.5000000000000004 0.21530123576586094 2 11.990197536981929 0.074603955755530568 518.00000000000011 237.50000000000003 0.22712763613879824 9.2057893478528765 162.50000000000003 335.50000000000006 247.50000000000003 3.5000000000000004 8.5516295115459737 0.061868686868686872 5.5000000000000009 0.29264176734200026 0.58220001460305648 0.090743938022688611
decision_type=2 2 9 2 2 9 2 2 2 2 2 9 2 2 2 2 2 2 2 2 2 2 2 2 2 2 2 2
left_child=1 -1 11 4 -4 6 -5 24 -9 14 15 12 17 -14 18 16 19 -2 -7 -11 -13 23 -23 -22 -8 -16 -25 -19
right_child=2 -3 3 5 -6 9 7 8 -10 10 -12 20 13 -15 25 -17 -18 27 -20 -21 21 22 -24 26 -26 -27 -28 -29
leaf_value=-0.008483436982858741 -0.00018831262529442458 0.11347357953645661 0.12625573767095585 -0.0080326255714529109 -0.0037790268879276528 0.2529302191138233 0.067356059713003943 -0.0081444692958055447 -0.016603495637632731 0.12108173282281609 -0.0046694488807297995 0.084072849896544871 -0.0047864568525382723 -0.015269637086803053 0.017258444052182964 -0.01347750576928884 -0.0030757314136983238 0.01910793156708326 -0.01091645389504774 0.0019363057879115215 0.01346886651641657 -0.0005265645086717398 0.22823198489051544 0.10956917087145079 0.099465461731761573 0.0064592540267237519 0.00018732799465207562 0.016350464034881166
leaf_weight=34 20 23 20 20 23 28 23 25 25 60 22 142 23 23 129 20 21 23 22 29 20 20 23 53 20 20 24 24
leaf_count=34 20 23 20 20 23 28 23 25 25 60 22 142 23 23 129 20 21 23 22 29 20 20 23 53 20 20 24 24
internal_value=-0.00313347 -0.0160526 -0.00231707 -0.00496132 -0.0205814 -0.00362069 -0.0132927 -0.00897849 -0.019 -0.000124654 -0.00421053 0.00117284 -0.00353659 -0.0123913 0.00298995 -0.00115385 0.000454546 0.00201493 -0.003 0.00275281 0.00311644 0.00142857 -0.00430233 0.00396907 0.00267442 0.005 0.005 0.005
internal_weight=959 57 902 507 43 464 113 93 50 351 152 395 113 46 199 130 110 67 50 89 282 140 43 97 43 149 77 47
internal_count=959 57 902 507 43 464 113 93 50 351 152 395 113 46 199 130 110 67 50 89 282 140 43 97 43 149 77 47
cat_boundaries=0 2 4 6
cat_threshold=541131296 543744 33554448 36 142688384 2
is_linear=0
shrinkage=0.1


Tree=22
num_leaves=31
num_cat=4
split_feature=10 25 25 3 17 17 3 35 25 20 5 2 38 5 25 11 17 10 20 25 2 1 29 27 27 20 2 0 0 0
split_gain=0.84062 0.650458 1.27588 0.536508 0.734609 1.04077 0.465371 0.603487 0.445182 0.406438 0.4 0.315672 0.261452 0.473373 0.347282 0.176007 0.419048 0.115278 0.189408 0.115183 0.109091 0.092712 0.0591495 0.109091 0.0450249 0.0411504 0.0359155 5.55112e-17 2.77556e-17 1.38778e-17
threshold=0 0.10893278301886794 0.10391931277803346 1 112.50000000000001 148.50000000000003 2 129.00000000000003 0.015277777777777779 7.5000000000000009 -7.7499999999999991 0.147330149772086 7.8807168534675442 -8.4999999999999982 0.073906550032003429 0.20276119077013785 139.00000000000003 3 10.500000000000002 0.058997563522450405 0.06186224489795919 2403.5000000000005 1.2178713328783151 8.944612056941514 13.595737038048149 11.500000000000002 0.15643825301204822 0.15271187696396904 0.16125909364361909 0.09983509756428384
decision_type=9 2 2 9 2 2 9 2 2 2 2 2 2 2 2 2 2 9 2 2 2 2 2 2 2 2 2 2 2 2
left_child=1 2 8 4 -3 -6 7 10 -1 -7 -2 29 -10 20 -15 21 -17 18 19 -8 -14 25 23 -19 -24 27 28 -5 -21 -9
right_child=6 3 -4 15 5 9 17 11 12 -11 -12 -13 13 14 -16 16 -18 22 -20 26 -22 -23 24 -25 -26 -27 -28 -29 -30 -31
leaf_value=-0.0072470928872465472 -0.010263939903806557 0.10892021112344552 -0.020759253724236943 0.05842789896182278 -0.0084430324563566726 -0.012573169426705564 -0.006904484210625385 0.027399170137384118 0.019380793171204124 0.09811624559960265 -0.0019774601890683737 -0.012661464800176421 -0.003010314802584001 -0.010641230574827468 -0.0011065162494434981 0.1057061125058637 -0.0039126831827819668 0.23208571139100923 -0.0077350528716389633 0.047025900166208751 0.25618686503841376 0.0024956630729336795 0.099180138539400081 -0.026017405282170808 -0.0031372693077106706 0.013173891378304351 0.026349483774042243 0.00016859519518687139 0.071219254820593311 0.082486410339144833
leaf_weight=25 20 33 25 58 22 38 20 23 39 32 20 20 20 21 33 22 20 24 22 29 24 27 181 20 20 20 20 35 22 24
leaf_count=25 20 33 25 58 22 38 20 23 39 32 20 20 20 21 33 22 20 24 22 29 24 27 181 20 20 20 20 35 22 24
internal_value=-0.00240355 -0.00521825 -0.00997326 -0.00249186 -0.00722222 -0.0123913 0.000684211 -0.00482906 -0.00672839 -0.00642857 -0.015 0.000522388 -0.00448905 -0.0072449 -0.0135185 0.00109375 -0.00452381 0.00241848 -0.000284553 0.0017033 0.000454546 0.00285714 0.00362745 0.000454546 0.00450249 0.00411504 0.00359155 0.005 0.005 0.005
internal_weight=959 494 187 307 125 92 465 107 162 70 40 67 137 98 54 182 42 358 113 91 44 140 245 44 201 113 71 93 51 47
internal_count=959 494 187 307 125 92 465 107 162 70 40 67 137 98 54 182 42 358 113 91 44 140 245 44 201 113 71 93 51 47
cat_boundaries=0 3 5 7 10
cat_threshold=134251521 360710144 16 8388624 6 8320 32 0 37748736 10240
is_linear=0
shrinkage=0.1


Tree=23
num_leaves=29
num_cat=5
split_feature=21 4 29 0 3 35 29 25 4 4 35 3 0 10 13 5 34 1 0 17 11 11 35 2 25 0 2 1
split_gain=0.677539 0.830164 1.63201 1.03712 0.746315 0.750772 0.294595 0.373503 0.327543 0.33373 0.24245 0.20969 0.273673 0.197359 0.336538 0.531926 0.14632 0.123077 0.12268 0.113889 0.0819328 0.194805 0.0634295 0.0986631 0.0377622 0.0371212 0.025 5.55112e-17
threshold=0 1.5000000000000002 2.5002015617650035 0.24293848920101288 1 57.500000000000007 2.281356761395688 0.19772523623330077 2.5000000000000004 3.5000000000000004 172.00000000000003 2 0.12662294756532669 3 4 -8.4999999999999982 3.5000000000000004 226.50000000000003 0.30379464609914936 187.50000000000003 0.17351456654564776 0.20390791073210732 247.50000000000003 0.11861646690984888 0.075134408602150551 0.09983509756428384 0.13000956734346766 2027.5000000000002
decision_type=9 2 2 2 9 2 2 2 2 2 2 9 2 9 1 2 2 2 2 2 2 2 2 2 2 2 2 2
left_child=11 2 10 -4 5 -3 7 8 -7 16 -2 12 19 24 15 -15 -10 -12 -8 26 -17 -22 -13 25 -6 -24 -1 -26
right_child=1 4 3 -5 13 6 18 -9 9 -11 17 22 -14 14 -16 20 -18 -19 -20 -21 21 -23 23 -25 27 -27 -28 -29
leaf_value=-0.0015168680013263199 -0.0054126130758897807 -0.0047009838865609858 -0.014009037813103961 -0.0085495941655814103 8.8897543913112574e-05 0.096385964764388904 0.081485411380399886 0.012268977549719959 -0.013072575142041694 -0.002302393255018811 -0.015626613980636729 0.04431778681507241 -0.010985834125564531 -0.0077308049721971396 0.099654969733499382 0.56622156614809915 -0.012390540043065819 0.17851086343494449 -0.007581154205215635 0.06594140378741585 -0.033681922986437178 0.011998171509684272 -0.033420166289901035 0.13392368215289602 0.00015173567566818537 0.0034661913113732457 0.00069270496411699245 0.055769758850262724
leaf_weight=20 34 36 24 20 22 23 38 21 22 30 20 127 35 36 56 26 20 32 21 41 22 20 20 41 86 24 20 22
leaf_count=20 34 36 24 20 22 23 38 21 22 30 20 127 35 36 56 26 20 32 21 41 22 20 20 41 86 24 20 22
internal_value=-0.00209072 -0.00397036 -0.0111538 -0.0268182 -0.00218563 -0.00653846 -0.00414286 -0.00706897 -0.00973684 -0.0130556 -0.00313953 0.00159763 -0.00174603 0.00116667 -0.00117647 -0.00461538 -0.0188095 0.00115385 0.00161017 0.0012963 0.000588235 -0.00214286 0.00342342 0.00147059 0.00392857 -0.00181818 -0.0025 0.005
internal_weight=959 631 130 44 501 211 175 116 95 72 86 328 116 290 160 104 42 52 59 81 68 42 212 85 130 44 40 108
internal_count=959 631 130 44 501 211 175 116 95 72 86 328 116 290 160 104 42 52 59 81 68 42 212 85 130 44 40 108
cat_boundaries=0 2 4 6 9 10
cat_threshold=66592 23616 134291600 6 16512 36 134217728 8388608 18448 2
is_linear=0
shrinkage=0.1


Tree=24
num_leaves=28
num_cat=2
split_feature=7 21 20 2 29 4 20 17 2 17 29 11 11 25 17 0 2 38 35 3 2 2 17 35 0 0 1
split_gain=0.650465 1.03334 0.962683 0.818911 1.86104 0.669747 0.572309 0.67413 0.30129 0.325559 0.276322 0.416398 0.612813 0.511034 0.272172 0.225964 0.214881 0.172437 0.119318 0.0893439 0.092725 0.144499 0.0634112 0.111111 5.55112e-17 2.77556e-17 2.77556e-17
threshold=1.0000000180025095e-35 0 8.5000000000000018 0.14863547758284604 2.2581093732377044 2.5000000000000004 10.500000000000002 186.50000000000003 0.035401002506265669 276.50000000000006 1.7378276462900828 0.19068031497147425 0.20238765190743679 0.073906550032003429 90.500000000000014 0.12662294756532669 0.072916666666666671 10.583570203398251 338.50000000000006 1 0.074995559765555636 0.15294486215538852 113.50000000000001 189.50000000000003 0.19473560917690749 0.16973387280050573 670.00000000000011
decision_type=2 9 2 2 2 2 2 2 2 2 2 2 2 2 2 2 2 2 2 9 2 2 2 2 2 2 2
left_child=8 2 3 5 -5 14 10 -8 15 19 22 13 -13 -12 -2 -1 -4 -16 -18 20 -10 25 23 -3 -21 -22 -15
right_child=1 6 16 4 -6 -7 7 -9 9 -11 11 12 -14 26 17 -17 18 -19 -20 24 21 -23 -24 -25 -26 -27 -28
leaf_value=0.0041309977214986247 -0.0094796885284270573 0.01939909161924129 -0.012471619204462731 -0.0055747124879015827 -0.011528349343411178 -0.010606024502490496 0.0076428171326383383 -0.0064111643824466165 -0.029873141543715433 -0.0025415362017870194 -0.006898076583449409 -0.047762080085570841 0.030794929904701753 0.00013656210810136793 0.0013120725622823429 -0.0030193917261654895 0.073207767768899992 -0.0086486657039890613 -0.012942002775410131 0.062590766400959744 0.03976048894427512 -0.001850662417815387 0.086546487321261786 -0.0065060604007241007 0.13305546551886102 0.6127304534761443 0.078551653373978403
leaf_weight=22 20 25 20 25 21 29 31 20 36 20 35 22 24 58 39 21 42 22 22 134 43 21 112 20 22 23 30
leaf_count=22 20 25 20 25 21 29 31 20 36 20 35 22 24 58 39 21 42 22 22 134 43 21 112 20 22 23 30
internal_value=-0.00229927 -0.00423825 -0.0092 -0.0142308 -0.0254348 -0.00954545 -0.000813953 -0.0106863 0.00119883 0.00232441 0.000705522 -0.00210059 -0.0102174 0.000934959 -0.00487654 -0.00662791 -0.000952381 -0.00155738 0.001875 0.00320789 0.000864662 0.00270115 0.00372611 0.000555556 0.0046988 0.005 0.005
internal_weight=959 617 240 156 46 110 377 51 342 299 326 169 46 123 81 43 84 61 64 279 123 87 157 45 156 66 88
internal_count=959 617 240 156 46 110 377 51 342 299 326 169 46 123 81 43 84 61 64 279 123 87 157 45 156 66 88
cat_boundaries=0 1 3
cat_threshold=1073791172 536871056 20
is_linear=0
shrinkage=0.1


Tree=25
num_leaves=27
num_cat=4
split_feature=3 17 18 2 2 2 2 0 10 26 3 27 10 1 35 31 31 27 0 1 25 0 1 0 0 0
split_gain=0.853214 1.00182 0.667097 0.589981 1.46438 0.57446 0.482754 0.377618 0.302658 0.794361 0.280835 0.239656 0.219098 0.329001 0.217938 0.250216 0.210327 0.38961 0.203226 0.129187 0.0421875 1.11022e-16 1.11022e-16 5.55112e-17 2.77556e-17 2.77556e-17
threshold=0 321.50000000000006 1.5000000000000002 0.06186224489795919 0.050696506051609962 0.16424569412741233 0.018415998192294659 0.09983509756428384 1 -1.0000000180025095e-35 2 11.896657461351092 3 2471.5000000000005 189.50000000000003 5.6246850945650939 2.8428723844846009 11.717741447543178 0.072309844804971588 140.00000000000003 0.073282613560080576 0.60418157631361458 752.50000000000011 0.19473560917690749 0.13539510239078142 0.16973387280050573
decision_type=9 2 2 2 2 2 2 2 9 2 9 2 9 2 2 2 2 2 2 2 2 2 2 2 2 2
left_child=1 8 3 4 6 12 -2 -8 9 -1 14 -9 16 20 15 -10 -5 -18 -16 -11 -14 22 -12 -22 -20 -21
right_child=2 -3 -4 5 -6 -7 7 11 10 19 21 -13 13 -15 18 -17 17 -19 24 25 23 -23 -24 -25 -26 -27
leaf_value=-0.0065235772327389453 0.086440991505854992 -0.0116441107622599 -0.0051283307789493282 -0.0066504519376861032 -0.012063406919627713 -0.0063863386008659725 -0.0014822147557180887 -0.0094000819201474628 0.0060860230515619954 -0.02823467957795571 0.0017726183035085342 -0.0056445730069103663 -0.0042282231055505125 -0.0061506969256430793 -0.006635520930563004 -0.004740608658329125 0.076132414763912512 -0.015651911864382331 0.20732757356014747 0.043129500311910471 0.083791718224135323 0.00010430091852445866 0.078579722525611337 0.097830784103769483 0.081108125851252932 0.13907166202201049
leaf_weight=33 31 25 33 23 20 38 31 21 22 22 92 22 20 21 30 20 42 35 37 25 86 37 116 22 26 29
leaf_count=33 31 25 33 23 20 38 31 21 22 22 92 22 20 21 30 20 42 35 37 25 86 37 116 22 26 29
internal_value=-0.00229927 0.000515267 -0.00543956 -0.00446602 -0.0102 -0.00196864 -0.00547619 -0.00986486 0.00152352 -0.00298319 0.00282051 -0.0159302 -0.000220883 0.00216981 -0.000862069 -0.00690476 -0.00363636 -0.00149351 0.00177419 0.00236842 0.00421875 0.00480392 0.005 0.005 0.005 0.005
internal_weight=959 514 445 412 125 287 105 74 489 109 380 43 249 149 135 42 100 77 93 76 128 245 208 108 63 54
internal_count=959 514 445 412 125 287 105 74 489 109 380 43 249 149 135 42 100 77 93 76 128 245 208 108 63 54
cat_boundaries=0 2 5 6 9
cat_threshold=578814016 48 16385 289406976 8192 545259520 40962 8388608 16
is_linear=0
shrinkage=0.1


Tree=26
num_leaves=26
num_cat=3
split_feature=3 5 17 17 0 17 10 25 27 4 17 2 38 27 10 35 27 25 0 2 1 25 0 0 0
split_gain=1.0585 0.851659 0.707302 1.82707 0.90559 0.57351 0.460639 0.770146 0.964286 0.32036 0.613757 0.504895 0.287941 0.411664 0.243888 0.814234 0.23961 0.163964 0.150617 0.139758 0.11039 0.0320106 1.11022e-16 2.77556e-17 2.77556e-17
threshold=0 -1.0000000180025095e-35 181.50000000000003 203.50000000000003 0.17813743195869636 321.50000000000006 1 0.13757107606479993 10.706272260506662 1.5000000000000002 88.500000000000014 0.17571130733382392 9.1884014435603358 12.268580236939544 2 269.50000000000006 12.729148362041824 0.073282613560080576 0.13539510239078142 0.21673469387755104 688.00000000000011 0.20297977415864385 0.55097003938039235 0.16973387280050573 0.29264176734200026
decision_type=9 2 2 2 2 2 9 2 2 2 2 2 2 2 9 2 2 2 2 2 2 2 2 2 2
left_child=1 2 6 -4 12 9 7 20 -9 10 -2 16 -5 -14 15 18 23 -8 -11 21 -1 22 -16 -12 -19
right_child=5 -3 3 4 -6 -7 17 8 -10 14 11 -13 13 -15 19 -17 -18 24 -20 -21 -22 -23 -24 -25 -26
leaf_value=-0.020243128277712279 -0.0065678386170281017 -0.0069038575592574244 -0.0082418030115166841 0.13812071600633966 -0.013336618165611443 -0.010400412412670453 -0.010440537296724801 -0.0053796443252512463 0.11293785853298317 0.06228341208689793 0.085554432999105423 -0.0018712439332350976 -0.0087018229605137255 0.081603978612481018 0.096611859854546928 -0.032710264886191741 -0.0048828041270122073 0.076333216630792844 -0.00047047724998827928 0.0068597702161843858 0.038852611097754342 0.040527116434387417 0.00011247580543878312 0.00057558193253471896 0.23569600508058489
leaf_weight=22 21 39 21 39 20 26 20 27 21 61 61 20 33 20 184 20 28 71 20 24 34 28 58 21 20
leaf_count=22 21 39 21 39 20 26 20 27 21 61 61 20 33 20 184 20 28 71 20 24 34 28 58 21 20
internal_value=-0.00250782 -0.00646096 -0.00505747 -0.0107895 -0.00571429 0.000274914 -0.00151163 -0.00596491 -0.0158333 0.000970696 -0.00294702 -0.000384615 -0.00152174 -0.00632075 0.00246835 -0.00175676 0.00227273 0.00293388 0.00253086 0.00384868 0.00142857 0.00462963 0.005 0.005 0.005
internal_weight=959 387 348 133 112 572 215 104 48 546 151 130 92 53 395 101 110 111 81 294 56 270 242 82 91
internal_count=959 387 348 133 112 572 215 104 48 546 151 130 92 53 395 101 110 111 81 294 56 270 242 82 91
cat_boundaries=0 2 5 7
cat_threshold=134242448 6 0 343932928 16400 16384 358612992
is_linear=0
shrinkage=0.1


Tree=27
num_leaves=27
num_cat=3
split_feature=3 10 17 38 2 31 17 11 25 21 4 11 17 31 17 18 0 22 17 27 35 34 27 0 0 29
split_gain=1.17251 0.623464 0.948573 1.62969 0.744338 0.563333 0.536981 0.367551 0.527858 0.33393 0.573281 1.03214 0.375758 0.252962 0.196973 0.175372 0.208437 0.163534 0.130769 0.25 0.0592237 0.147387 0.0451691 5.55112e-17 5.55112e-17 1.38778e-17
threshold=0 1 112.50000000000001 9.6866173734896481 0.081617569422447481 6.0958766795722781 200.50000000000003 0.19410230401391107 0.055079889435717663 2 1.5000000000000002 0.19068031497147425 171.50000000000003 3.7786053631288126 251.50000000000003 18.500000000000004 0.60418157631361458 35.000000000000007 113.50000000000001 11.224680126056446 247.50000000000003 2.5000000000000004 13.371331961540989 0.24293848920101288 0.19473560917690749 2.5002015617650035
decision_type=9 9 2 2 2 2 2 2 2 9 2 2 2 2 2 2 2 2 2 2 2 2 2 2 2 2
left_child=1 2 -1 -4 7 -5 -6 8 -3 10 11 12 -2 -9 18 20 -17 -10 19 -12 22 25 23 -11 -20 -22
right_child=9 4 3 5 6 -7 -8 13 17 15 14 -13 -14 -15 -16 16 -18 -19 24 -21 21 -23 -24 -25 -26 -27
leaf_value=0.0091840511238007998 -0.005657282224685989 -0.0066052395479684438 -0.010304645411790225 0.034706910094104142 0.18858239648477859 -0.0070456353746489817 -0.0059169468376982243 -0.0063091047366740207 -0.00087425305735064915 0.010680807526480887 0.016056081410197875 -0.0080099088712026027 0.37464983279105146 -0.0091930249998578295 -0.0056748208206071973 -0.0021266973519957454 0.00010122822489490036 0.061149535556868265 0.25303049465247535 -0.010720631716356833 0.030088020876509754 -0.0025841277161164251 0.0045786806476998676 0.049249079053212186 0.016272851125260897 0.00024459892938729879
leaf_weight=39 24 21 38 30 106 20 35 20 28 153 25 21 31 21 25 31 21 29 58 20 24 35 20 34 27 23
leaf_count=39 24 21 38 30 106 20 35 20 28 153 25 21 31 21 25 31 21 29 58 20 24 35 20 34 27 23
internal_value=-0.00229927 -0.00646096 -0.0121533 -0.0188636 -0.00333333 -0.007 0.0014539 -0.00928571 -0.00525641 0.000618557 -0.00226141 -0.00947368 -0.00227273 -0.0169512 0.00112903 0.00257835 -0.00269231 -0.000263158 0.00269231 -0.00166667 0.00361592 0.00134146 0.00451691 0.005 0.005 0.005
internal_weight=959 387 127 88 260 50 141 119 78 572 231 76 55 41 155 341 52 57 130 45 289 82 207 187 85 47
internal_count=959 387 127 88 260 50 141 119 78 572 231 76 55 41 155 341 52 57 130 45 289 82 207 187 85 47
cat_boundaries=0 2 5 7
cat_threshold=134242448 6 0 75497472 16 1073774724 20480
is_linear=0
shrinkage=0.1


Tree=28
num_leaves=31
num_cat=5
split_feature=21 20 17 3 13 17 3 0 17 17 2 10 11 17 11 27 27 1 17 20 11 26 17 38 17 2 20 11 0 0
split_gain=1.10663 1.28889 1.84091 0.736209 1.25554 1.00939 0.49059 0.597119 0.368182 0.473485 0.322414 0.243624 0.468336 1.08774 0.253905 0.420763 0.652497 0.27475 0.202149 0.141004 0.225957 0.123759 0.14338 0.118367 0.106977 0.0421546 0.0373418 0.0303922 5.55112e-17 5.55112e-17
threshold=0 2.5000000000000004 186.50000000000003 1 2 190.50000000000003 3 0.12662294756532669 214.50000000000003 75.500000000000014 0.072916666666666671 4 0.21159235203969937 112.50000000000001 0.077131322900181723 12.07294203622566 12.441602104209334 2403.5000000000005 157.50000000000003 8.5000000000000018 0.1224400477950371 -6.4999999999999991 299.50000000000006 9.5568330957171117 143.00000000000003 0.032249742002063993 5.5000000000000009 0.1784576888080073 0.58220001460305648 0.23506431071694331
decision_type=9 2 2 9 1 2 9 2 2 2 2 9 2 2 2 2 2 2 2 2 2 2 2 2 2 2 2 2 2 2
left_child=1 2 -1 4 5 -3 7 23 9 -9 18 12 14 -14 15 -8 -17 19 -5 28 -21 -13 25 -2 -6 -23 -12 -22 -16 -27
right_child=6 3 -4 10 24 -7 11 8 -10 -11 26 21 13 -15 17 16 -18 -19 -20 20 27 22 -24 -25 -26 29 -28 -29 -30 -31
leaf_value=-0.004691086893276789 0.16745873480148488 -0.020400759149129623 -0.0071472226184347166 0.00037794870247611647 0.023613265757111548 -0.00055196001160844543 0.0048037661887170326 -0.0043880892545746361 -0.011083653849064507 0.019704689115659719 0.019046856350194773 -0.00088549969971958543 0.0034062530560285465 -0.0047561574464898638 0.062584941412026751 -0.0076073222649681764 0.68066621579759268 -0.0060074010416325003 -0.0043667523268862201 -0.0085430234413078118 0.36842496030779281 0.010271675096391597 -0.00060260533978577198 -0.0049813378414541275 -0.0028651097154270984 0.047653597923239137 0.067548191431316615 0.14363720671329719 9.1105402405411431e-05 0.12794958895483308
leaf_weight=22 29 38 22 20 23 21 39 20 20 24 20 21 21 22 99 20 21 34 21 21 31 21 22 20 20 116 59 20 26 46
leaf_count=22 29 38 22 20 23 21 39 20 20 24 20 21 21 22 99 20 21 34 21 21 31 21 22 20 20 116 59 20 26 46
internal_value=-0.00323775 -0.00858696 -0.0245455 -0.00581081 -0.0115179 -0.0221186 -0.00104552 -0.00678862 -0.01375 -0.00863636 1.20356e-10 0.000169492 -0.00145604 -0.0112791 -0.000144694 -0.005 -0.0120732 0.0015368 -0.00719512 0.00296954 -0.000555555 0.00266949 0.00353659 0.000918367 0.000348837 0.00445355 0.00373418 0.00303922 0.005 0.005
internal_weight=959 266 44 222 102 59 693 113 64 44 120 580 354 43 311 80 41 231 41 197 72 226 205 49 43 183 79 51 125 162
internal_count=959 266 44 222 102 59 693 113 64 44 120 580 354 43 311 80 41 231 41 197 72 226 205 49 43 183 79 51 125 162
cat_boundaries=0 1 3 4 6 9
cat_threshold=32964 16528 4 2 134299648 2 134238209 2097152 8208
is_linear=0
shrinkage=0.1


Tree=29
num_leaves=29
num_cat=1
split_feature=3 2 2 17 20 2 38 11 35 2 17 11 26 0 25 5 0 26 11 4 20 29 17 0 17 11 0 11
split_gain=0.957415 0.90276 0.923101 0.594635 0.562871 0.54679 0.61091 0.37984 0.319199 0.38243 0.387931 0.327795 0.363887 0.30303 0.277149 0.224026 0.204545 0.163591 0.121753 0.248377 0.119492 0.0469353 0.121569 0.0429577 0.0346154 1.11022e-16 2.77556e-17 1.38778e-17
threshold=0 0.081617569422447481 0.1591095059394487 116.50000000000001 1.5000000000000002 0.037855266300453792 9.5568330957171117 0.21159235203969937 124.50000000000001 0.059141494435612091 157.50000000000003 0.19150266470612293 -1.0000000180025095e-35 0.090743938022688611 0.12562787751213358 -8.4999999999999982 0.14409097374671601 -2.2499999999999996 0.12269800022596318 2.5000000000000004 10.500000000000002 1.7074712417269138 173.50000000000003 0.072309844804971588 210.00000000000003 0.25526851647408066 0.25850324142053599 0.20012038523274481
decision_type=9 2 2 2 2 2 2 2 2 2 2 2 2 2 2 2 2 2 2 2 2 2 2 2 2 2 2 2
left_child=1 5 7 -4 13 6 15 17 18 10 -10 20 16 -2 -14 -1 -13 -3 19 -6 23 22 -19 -11 -16 -20 -23 -26
right_child=4 2 3 -5 8 -7 -8 -9 9 11 -12 12 14 -15 24 -17 -18 21 25 -21 -22 26 -24 -25 27 -27 -28 -29
leaf_value=-0.0028363076665078083 -0.00045567275157433538 -0.011014069968141093 -0.00093246323408951179 -0.0049614414401116629 0.056639983311697534 -0.007374696535534961 -0.0056106704614774759 -0.0021010514752586493 -0.004732598519258769 0.0080339201062680273 0.29686720969654495 -2.2288270660440238e-05 -0.014968046869549272 -0.0046499043315189397 0.10005948019811575 0.072207025086659299 -0.0080773354249284914 0.0013925813283249989 0.0055371794602553396 -0.0052724611727698687 0.030697527271122294 0.26957548321291974 -0.011860761415114633 0.00074447565214355029 0.4357077814962142 0.061892418620833806 0.082486068435012994 0.14198717744813824
leaf_weight=21 24 31 23 26 34 38 27 24 20 20 29 22 20 20 20 23 22 31 129 22 24 53 20 122 22 46 23 23
leaf_count=21 24 31 23 26 34 38 27 24 20 20 29 22 20 20 20 23 22 31 129 22 24 53 20 122 22 46 23 23
internal_value=-0.00240355 -0.00657143 -0.00322511 -0.0154082 -7.949e-06 -0.0142661 -0.00908451 5.49452e-05 0.000826087 -0.00110465 -0.00928571 0.000254237 -0.00352713 -0.0109091 0.000294118 -0.00181818 -0.0109091 0.00183544 0.0037013 -0.000357143 0.00319277 0.0034252 0.00107843 0.00429577 0.00346154 0.005 0.005 0.005
internal_weight=959 340 231 49 619 109 71 182 575 344 49 295 129 44 85 44 44 158 231 56 166 127 51 142 65 175 76 45
internal_count=959 340 231 49 619 109 71 182 575 344 49 295 129 44 85 44 44 158 231 56 166 127 51 142 65 175 76 45
cat_boundaries=0 2
cat_threshold=134307984 4
is_linear=0
shrinkage=0.1


Tree=30
num_leaves=27
num_cat=3
split_feature=21 20 17 3 3 11 35 25 19 27 27 0 4 27 27 11 31 31 27 7 25 19 11 0 1 0
split_gain=0.952081 0.849449 1.58857 0.702134 0.64741 1.17088 0.953139 0.411388 0.653333 0.385197 0.425276 0.544444 0.371014 0.263043 0.225 0.138527 0.245572 0.727513 0.124805 0.117647 0.0854978 0.0797721 0.0367495 1.11022e-16 5.55112e-17 2.77556e-17
threshold=0 2.5000000000000004 186.50000000000003 1 2 0.20390791073210732 134.50000000000003 0.12562787751213358 2010.5000000000002 10.320802987674147 11.858217883633037 0.12662294756532669 1.5000000000000002 13.682235091009501 10.982830940316843 0.19410230401391107 4.09275980341289 2.7778847933272539 12.787523322322413 1.0000000180025095e-35 0.19744216093666292 2011.5000000000002 0.12345467032967035 0.50982061439855786 2266.5000000000005 0.13539510239078142
decision_type=9 2 2 9 9 2 2 2 2 2 2 2 2 2 2 2 2 2 2 2 2 2 2 2 2 2
left_child=3 2 -2 7 5 6 -3 8 18 20 11 14 -12 22 -11 23 17 -17 -1 -8 25 -9 -14 24 -5 -6
right_child=1 4 -4 15 9 -7 19 21 -10 10 12 -13 13 -15 -16 16 -18 -19 -20 -21 -22 -23 -24 -25 -26 -27
leaf_value=0.0021946311425043077 -0.0032867952335747502 -0.0093412629271115606 -0.0058745918118507474 0.024830225595309521 0.028052920669275457 -0.0056700717386679389 0.46395255210989172 0.048967651864234865 -0.0084859639228305524 -0.04176220266710351 -0.0018841302022228668 -0.02653377390247388 0.0020311504176412365 -0.002196829787905964 0.10766833493566395 0.0079018985319182257 0.04154655618395181 -0.0050391117804277109 -0.0030500552951979506 -0.0044770897659014031 1.361460153133879e-05 0.10150191845997006 0.06308236599249567 7.547296950516369e-06 0.056725542020618219 0.081515375493646097
leaf_weight=28 38 26 28 116 58 26 32 26 30 20 23 32 21 23 20 33 61 21 22 36 33 28 71 58 28 21
leaf_count=28 38 26 28 116 58 26 32 26 30 20 23 32 21 23 20 33 61 21 22 36 33 28 71 58 28 21
internal_value=-0.0026121 -0.00552124 -0.0162121 0.000770065 -0.00404977 -0.01 -0.0056383 -0.00506944 -0.01 -0.0014759 -0.00404762 -0.0102778 -0.000797101 0.00152174 -0.0025 0.00331804 0.000652174 -0.00425926 -0.003 0.000588235 0.00321429 0.0012963 0.00391304 0.005 0.005 0.005
internal_weight=959 508 66 451 442 120 94 134 80 322 210 72 138 115 40 317 115 54 50 68 112 54 92 202 144 79
internal_count=959 508 66 451 442 120 94 134 80 322 210 72 138 115 40 317 115 54 50 68 112 54 92 202 144 79
cat_boundaries=0 2 4 5
cat_threshold=1614872608 527424 679542784 2 16528
is_linear=0
shrinkage=0.1


Tree=31
num_leaves=25
num_cat=2
split_feature=3 18 17 17 10 1 11 1 38 25 5 4 17 27 0 35 11 2 25 2 0 29 0 0
split_gain=0.999599 0.777846 0.486195 1.11459 0.569749 0.706633 0.544374 0.424455 0.420429 0.332957 0.625 0.328164 0.387159 0.324279 0.30525 0.295297 0.289443 0.118474 0.100806 0.0391652 0.0363014 0.0330048 5.55112e-17 2.77556e-17
threshold=0 1.5000000000000002 181.50000000000003 203.50000000000003 1 197.50000000000003 0.21530123576586094 2403.5000000000005 10.141282710000171 0.13757107606479993 -8.4999999999999982 1.5000000000000002 113.50000000000001 10.400988224906978 0.16973387280050573 173.50000000000003 0.19068031497147425 0.074995559765555636 0.20297977415864385 0.037617924528301892 0.19473560917690749 1.2178713328783151 0.25075114815255334 0.10884435031562299
decision_type=9 2 2 2 9 2 2 2 2 2 2 2 2 2 2 2 2 2 2 2 2 2 2 2
left_child=7 2 4 -4 8 -6 14 11 9 13 -11 12 -1 -2 15 -5 20 -17 21 -7 -14 -13 -21 -19
right_child=1 -3 3 6 5 19 -8 -9 -10 10 -12 18 16 -15 -16 17 -18 23 -20 22 -22 -23 -24 -25
leaf_value=-0.0018329108393615526 0.01185594965979395 -0.0025145913106937572 -0.0042404561564022515 -0.0026766760716794178 -0.005782348595845194 0.022533223354144552 -0.0068106175934264605 -0.0059484071066539818 0.23915517392639063 -0.010607038636415947 -0.0037814368791565241 0.11325884601119421 0.00052590966835643527 -0.0074141482609896437 -0.012184875492575194 -0.0013464008378060875 -0.0034355164472013814 0.21928973460601475 -0.00022769844992114269 0.036391536794963646 -0.0081764199632628001 0.012141370867719303 0.24914989780663455 0.24309886151168172
leaf_weight=20 29 37 24 28 28 22 25 24 21 20 20 27 53 20 38 24 31 36 31 110 20 221 27 23
leaf_count=20 29 37 24 28 28 22 25 24 21 20 20 27 53 20 38 24 31 36 31 110 20 221 27 23
internal_value=-0.00240355 -0.00523985 -0.00429293 -0.00813131 -0.00173401 0.00170051 -0.00534483 0.00122426 -0.00708333 -0.0107303 -0.0175 0.00202233 -0.00225806 -0.00520408 -0.00305369 -0.000405405 0.000192308 0.00259036 0.00392473 0.00437107 0.00363014 0.00459677 0.005 0.005
internal_weight=959 532 495 198 297 187 174 427 110 89 40 403 124 49 149 111 104 83 279 159 73 248 137 59
internal_count=959 532 495 198 297 187 174 427 110 89 40 403 124 49 149 111 104 83 279 159 73 248 137 59
cat_boundaries=0 2 5
cat_threshold=570425408 48 0 276824064 16400
is_linear=0
shrinkage=0.1


Tree=32
num_leaves=30
num_cat=3
split_feature=21 35 4 9 3 2 17 5 17 31 4 17 29 17 2 1 10 25 25 35 11 25 11 1 1 0 0 0 2
split_gain=1.03596 0.801781 0.73125 0.629261 0.468962 0.73302 0.608839 0.707085 0.436436 0.33145 0.379779 0.352753 0.714105 0.315657 0.258117 0.223545 0.17907 0.320051 0.54697 0.145455 0.16874 0.120366 0.093412 0.0905797 0.0346154 5.55112e-17 5.55112e-17 2.77556e-17 1.38778e-17
threshold=0 433.50000000000006 3.5000000000000004 1.0000000180025095e-35 1 0.063413742690058492 82.500000000000014 -8.4999999999999982 321.50000000000006 6.2720942510481787 1.5000000000000002 135.00000000000003 3.1414416895845751 214.50000000000003 0.074603955755530568 1231.5000000000002 2 0.13757107606479993 0.16578792408388823 335.50000000000006 0.18867531610256735 0.20141429318003659 0.12269800022596318 106.00000000000001 607.00000000000011 0.31114771979399714 0.12662294756532669 0.072309844804971588 0.15403750478377345
decision_type=9 2 2 2 9 2 2 2 2 2 2 2 2 2 2 2 9 2 2 2 2 2 2 2 2 2 2 2 2
left_child=1 3 -3 14 5 6 -2 -8 16 10 -5 12 -12 19 -1 -15 17 24 -19 27 -21 22 -18 -9 -6 26 -24 -7 -26
right_child=4 2 -4 9 8 13 7 23 -10 -11 11 -13 -14 15 -16 -17 21 18 -20 20 -22 -23 25 -25 28 -27 -28 -29 -30
leaf_value=-0.0029782415137582889 -0.0021519143506908175 -0.0014457656445410639 -0.0005448637295377923 -0.0045678617286250243 -0.00067060407103905419 0.1439185231689401 -0.012419919083019927 -0.0027943227459796566 -0.0034374498344690906 -0.0024687403226848815 -0.0060562254855804206 0.0028849160020189496 0.026294751394557205 0.003222071697623985 0.17124224490610765 -0.0304437033606926 0.033873328352461769 -0.0055852973634788541 0.01828927005523831 0.7132914931283505 -0.0039336532791977193 -0.00046089087851433272 0.070179954901504873 0.47402464088991786 0.029797938432894425 0.05186226229252814 0.041538065526274641 0.030965754907085637 0.17961124027438238
leaf_weight=24 23 32 20 31 20 29 35 23 23 23 26 39 27 21 53 27 36 27 33 38 22 24 116 25 23 21 53 43 22
leaf_count=24 23 32 20 31 20 29 35 23 23 23 26 39 27 21 53 27 36 27 33 38 22 24 116 25 23 21 53 43 22
internal_value=-0.0034463 -0.00850877 -0.02 -0.00621076 -0.00126801 -0.00429054 -0.0110377 -0.00704819 0.000955882 -0.0100685 -0.00800813 -0.00478261 -0.0100943 -0.000555555 0.0011039 -0.0075 0.0018 -0.0012963 -0.00666667 0.0019697 -0.00166667 0.00326923 0.00411504 0.000833333 0.00346154 0.005 0.005 0.005 0.005
internal_weight=959 275 52 223 684 286 106 83 398 146 123 92 53 180 77 48 375 125 60 132 60 250 226 48 65 190 169 72 45
internal_count=959 275 52 223 684 286 106 83 398 146 123 92 53 180 77 48 375 125 60 132 60 250 226 48 65 190 169 72 45
cat_boundaries=0 2 4 6
cat_threshold=32900 524288 671113344 2 16385 12582912
is_linear=0
shrinkage=0.1


Tree=33
num_leaves=31
num_cat=3
split_feature=21 35 4 9 31 4 3 17 2 27 31 17 25 25 11 35 35 17 11 27 25 25 35 11 17 2 13 1 4 0
split_gain=1.12468 0.801781 0.73125 0.42565 0.373938 0.447029 0.363974 0.470302 0.312542 0.327675 0.703297 0.540528 0.308157 0.446282 0.261838 0.263167 0.442075 0.345677 0.21326 0.19321 0.145699 0.133333 0.123077 0.0701534 0.1 0.04095 0.0368421 0.0261905 0.025 1.11022e-16
threshold=0 433.50000000000006 3.5000000000000004 1.0000000180025095e-35 6.2720942510481787 1.5000000000000002 1 321.50000000000006 0.063413742690058492 9.8792883895715971 5.0811247644275932 143.00000000000003 0.12710447253557058 0.069285499978569295 0.16348109836486094 383.00000000000006 302.50000000000006 211.50000000000003 0.19116125269287579 13.682235091009501 0.20985021130024381 0.14750566893424039 206.00000000000003 0.23459005859408619 139.00000000000003 0.036292682926829273 2 2027.5000000000002 1.5000000000000002 0.21106277450063585
decision_type=9 2 2 2 2 2 9 2 2 2 2 2 2 2 2 2 2 2 2 2 2 2 2 2 2 2 1 2 2 2
left_child=1 3 -3 18 5 -5 8 19 9 -2 -11 -12 13 -7 26 16 17 22 -1 20 23 -17 -16 25 -25 -8 -10 -14 -13 -27
right_child=6 2 -4 4 -6 12 7 -9 14 10 11 28 27 -15 15 21 -18 -19 -20 -21 -22 -23 -24 24 -26 29 -28 -29 -30 -31
leaf_value=0.15999107924117997 0.0003494764120630467 -0.0013011890800869619 -0.00049037735658401531 -0.0041110755557625138 -0.0022218662904163965 0.016729193462817593 0.0072139821682633129 -0.0030937048510221764 0.21318138910590845 -0.0042425712704500075 -0.0037667211496832278 0.018467656812916108 0.21045131485076563 -0.0054506029370223717 -0.0015727638724847251 -0.0029733883551917042 -0.015756370121010426 -0.036186270071906772 -0.0029276105367041999 -0.0011960287552023865 -0.00071006276350216895 0.13640873357833702 0.23689948817527764 0.049606325115761067 -0.0023907635702710046 0.036937567924009887 0.41780032754108903 -0.00026812546209313109 0.012263508067097329 0.14778647161107103
leaf_weight=39 30 32 20 31 23 24 22 23 56 28 23 20 22 26 20 20 20 21 38 29 20 40 32 20 20 172 20 20 20 28
leaf_count=39 30 32 20 31 23 24 22 23 56 28 23 20 22 26 20 20 20 21 38 29 20 40 32 20 20 172 20 20 20 28
internal_value=-0.00323775 -0.00850877 -0.02 -0.00621076 -0.00938356 -0.00719512 -0.000979827 0.00136628 -0.00319444 -0.00739669 -0.0103846 -0.00452381 -0.00369565 -0.009 -0.00111354 -0.00349673 -0.00682796 -0.00321918 -0.000194805 0.00242765 0.00322695 0.00166667 0.00115385 0.00385496 1.30385e-10 0.00454955 0.00368421 0.00261905 0.0025 0.005
internal_weight=959 275 52 223 146 123 684 334 350 121 91 63 92 50 229 153 93 73 77 311 282 60 52 262 40 222 76 42 40 200
internal_count=959 275 52 223 146 123 684 334 350 121 91 63 92 50 229 153 93 73 77 311 282 60 52 262 40 222 76 42 40 200
cat_boundaries=0 2 4 5
cat_threshold=32900 524288 671113344 6 2
is_linear=0
shrinkage=0.1


Tree=34
num_leaves=29
num_cat=4
split_feature=21 20 17 3 17 18 17 35 13 35 2 35 10 11 38 25 25 1 20 18 11 1 17 25 27 11 0 0
split_gain=1.4833 0.987751 2.09221 1.07001 0.678008 0.623985 0.76591 0.692267 0.6395 0.738619 0.350365 0.378707 0.312101 0.793326 0.274268 0.21196 0.275566 0.304513 0.195652 0.125366 0.124528 0.112609 0.107375 0.104762 0.0390535 0.0380952 1.11022e-16 2.77556e-17
threshold=0 2.5000000000000004 186.50000000000003 1 299.50000000000006 25.000000000000004 82.500000000000014 72.500000000000014 2 464.50000000000006 0.072916666666666671 146.00000000000003 3 0.19889241908036473 9.6866173734896481 0.083045977011494257 0.017778128950695325 425.50000000000006 8.5000000000000018 13.500000000000002 0.17351456654564776 211.50000000000003 160.50000000000003 0.14140198612232205 12.775874053090886 0.233043536893208 0.24293848920101288 0.09983509756428384
decision_type=9 2 2 9 2 2 2 2 1 2 2 2 9 2 2 2 2 2 2 2 2 2 2 2 2 2 2 2
left_child=1 2 -1 19 10 6 20 -8 9 18 11 15 13 21 -13 16 -2 -18 -9 25 -5 -12 -16 -10 26 -3 -14 -17
right_child=4 3 -4 5 -6 -7 7 8 23 -11 12 14 24 -15 22 27 17 -19 -20 -21 -22 -23 -24 -25 -26 -27 -28 -29
leaf_value=-0.0016962745611058734 0.0022709431682184865 0.097592161844494318 -0.0046609122085675457 0.054360741894735345 -0.007671321430746285 -0.00093264904705367977 -0.0081536831147403874 -0.0042729949854105184 0.014283926021212624 -0.00039428039788706303 -0.02672812574831436 -0.015722703016803355 0.073068192883849442 -0.0053118481465391741 -0.0010577562053880011 0.0097263825423798689 -0.0023429905370748946 0.017662123134171055 -0.012513130523866663 -0.0043134701356893632 -0.0045134277921548482 0.053915762803024396 0.039393752272939224 -0.00097415424498052423 0.016761041539330619 0.050516236276527363 0.36380009968157057 0.00019380841367103719
leaf_weight=31 25 64 22 33 38 22 24 23 22 34 26 21 181 36 20 30 24 22 23 20 20 71 21 20 23 20 22 21
leaf_count=31 25 64 22 33 38 22 24 23 22 34 26 21 181 36 20 30 24 22 23 20 20 71 21 20 23 20 22 21
internal_value=-0.00375912 -0.00853093 -0.0214151 -0.00669231 -0.000499154 -0.010368 -0.00907035 -0.0128082 -0.0097541 -0.015 0.000395949 -0.00315217 0.00221448 -0.00164336 -0.00951613 8.19673e-05 -0.0034507 -0.00804348 -0.0232609 0.00192982 0.00122642 0.00293814 -0.0047561 0.000238095 0.00436441 0.00380952 0.005 0.005
internal_weight=959 378 53 325 581 221 199 146 122 80 543 184 359 133 62 122 71 46 46 104 53 97 41 42 226 84 203 51
internal_count=959 378 53 325 581 221 199 146 122 80 543 184 359 133 62 122 71 46 46 104 53 97 41 42 226 84 203 51
cat_boundaries=0 2 4 5 8
cat_threshold=32964 528384 545259584 18 2 8192 6291456 8208
is_linear=0
shrinkage=0.1


Tree=35
num_leaves=28
num_cat=3
split_feature=21 3 17 25 35 11 2 17 3 11 11 34 35 25 11 38 25 11 1 11 25 17 35 27 0 0 0
split_gain=1.24709 0.96821 1.98639 1.5402 1.15864 0.694915 0.541634 0.495879 0.376414 0.355556 0.348599 0.826291 0.346953 0.301938 0.291767 0.504981 0.245354 0.233073 0.225 0.119251 0.163029 0.09699 0.0432712 0.0419355 1.11022e-16 5.55112e-17 2.77556e-17
threshold=0 1 182.50000000000003 0.12746486696661671 433.50000000000006 0.07796966702599116 0.1802214502822406 299.50000000000006 2 0.21214627864073191 0.20276119077013785 2.5000000000000004 69.000000000000014 0.071913380736910157 0.16348109836486094 10.014483797084232 0.15733273596176825 0.20012038523274481 470.00000000000006 0.18902356538229123 0.12713320519541035 129.50000000000003 325.50000000000006 9.029237423369155 0.26619570084027566 0.13539510239078142 0.20293251406474569
decision_type=9 9 2 2 2 2 2 2 9 2 2 2 2 2 2 2 2 2 2 2 2 2 2 2 2 2 2
left_child=1 5 4 -4 6 -1 14 8 13 12 22 -12 -7 -2 26 16 -16 19 -6 20 21 -15 24 -14 -10 -25 -3
right_child=7 2 3 -5 18 9 -8 -9 10 -11 11 -13 23 17 15 -17 -18 -19 -20 -21 -22 -23 -24 25 -26 -27 -28
leaf_value=-0.0062721140075276188 -0.0024016106401601972 0.15349801574435551 -0.0056263764643061627 -0.0037877126675456736 -0.00056492470771889462 -0.0046758995762090924 -0.0044542279571590133 -0.0098331683034328168 0.014268683283640067 -0.0077444779652251911 0.0072474837236900435 -0.0056836413859078679 0.20067886505256538 -0.0027786424958658688 -0.011199510183515721 0.33239729199963741 -0.0021278245437786037 -0.022585927727211352 -0.00083938414234832062 0.20802708243475784 -0.014150432682639226 0.19560718757740062 0.12134661531542296 0.084154973498030694 0.039118755747195526 0.049015007835361141 0.0039751180951397768
leaf_weight=34 28 23 22 34 20 20 22 36 181 36 44 27 20 23 20 30 21 27 20 39 21 29 21 58 28 46 29
leaf_count=34 28 23 22 34 20 20 22 36 181 36 44 27 20 23 20 30 21 27 20 39 21 29 21 58 28 46 29
internal_value=-0.0038634 -0.00758064 -0.0119323 -0.0289286 -0.00743243 -0.00236607 -0.00327586 -0.000350194 0.000512821 1.30385e-10 0.00258842 -0.0034507 0.00222222 -0.00319209 -0.000691057 -0.00485915 -0.0120732 -0.00147482 -0.0225 0.000535714 -0.00184931 0.00115385 0.00456522 0.00419355 0.005 0.005 0.005
internal_weight=959 455 241 56 185 214 145 504 468 180 301 71 144 167 123 71 41 139 40 112 73 52 230 124 209 104 52
internal_count=959 455 241 56 185 214 145 504 468 180 301 71 144 167 123 71 41 139 40 112 73 52 230 124 209 104 52
cat_boundaries=0 2 4 6
cat_threshold=32964 544768 545259712 18 536887296 6
is_linear=0
shrinkage=0.1


Tree=36
num_leaves=30
num_cat=3
split_feature=21 20 17 17 17 9 1 35 19 17 17 17 3 2 25 10 1 22 35 27 17 2 35 38 2 11 2 0 0
split_gain=1.3669 1.58197 1.94537 0.66477 0.577768 0.722951 0.773909 0.659396 0.522457 0.879544 0.678205 1.13333 0.404648 0.420586 0.334615 0.263937 0.756441 0.25255 0.129789 0.211937 0.162756 0.107744 0.0933536 0.0861244 0.0371212 0.0364583 0.0336066 0.0267442 5.55112e-17
threshold=0 2.5000000000000004 131.50000000000003 220.50000000000003 62.500000000000007 1.0000000180025095e-35 2073.0000000000005 59.000000000000007 2011.5000000000002 105.50000000000001 86.500000000000014 173.50000000000003 1 0.06498064743138636 0.19133376953111111 2 1080.0000000000002 50.000000000000007 247.50000000000003 10.908228536948256 59.000000000000007 0.081617569422447481 302.50000000000006 9.5568330957171117 0.046693313953488379 0.11909767623014345 0.14442943420216151 0.24293848920101288 0.25075114815255334
decision_type=9 2 2 2 2 2 2 2 2 2 2 2 9 2 2 9 2 2 2 2 2 2 2 2 2 2 2 2 2
left_child=1 2 -1 4 27 7 8 -6 10 -10 -7 -12 13 -2 -9 16 23 -15 20 -20 -17 -19 -21 -14 -25 -22 -5 -3 -27
right_child=12 3 -4 26 5 6 -8 14 9 -11 11 -13 15 17 -16 18 -18 21 19 22 25 -23 -24 24 -26 28 -28 -29 -30
leaf_value=-0.00071213236636911569 -0.0094170779849929113 0.07356063219490544 -0.0045646111905817991 0.071887797529626846 -0.012168773322353492 -0.0076535418357607469 -8.167195729055066e-05 0.074518968518882567 -0.0006813416759785144 -0.010485086330213018 0.036907484412910696 -0.02056511580545527 0.091451600387671333 -0.020551570606177058 -0.00044660652641933634 -0.0011162290129871624 -0.0043331011986664702 0.00032080986031877702 -0.020143186724882283 0.0060533723097096013 0.061456065541301855 0.21387530432181445 0.02393977055419785 -0.0110667571717336 0.0067665047059699279 0.046195479827985553 0.040792959975865975 0.40995050799377125 0.11550879457135972
leaf_weight=29 27 20 30 20 21 26 35 58 27 22 34 20 32 34 20 20 25 22 32 27 24 32 46 20 24 133 41 23 35
leaf_count=29 27 20 30 20 21 26 35 58 27 22 34 20 32 34 20 20 25 22 32 27 24 32 46 20 24 133 41 23 35
internal_value=-0.0042805 -0.00841743 -0.0238136 -0.00617166 -0.0080719 -0.0098289 -0.0139024 -0.00308081 -0.0174806 -0.0256122 -0.0125 -0.00611111 -0.000801105 -0.0058 0.00115385 0.00067757 -0.00355856 -0.00295455 0.0020948 -0.000714286 0.00358491 0.0012963 0.00226027 0.00105263 -0.00181818 0.00447917 0.00336066 0.00267442 0.005
internal_weight=959 426 59 367 306 263 164 99 129 49 80 54 533 115 78 418 101 88 317 105 212 54 73 76 44 192 61 43 168
internal_count=959 426 59 367 306 263 164 99 129 49 80 54 533 115 78 418 101 88 317 105 212 54 73 76 44 192 61 43 168
cat_boundaries=0 2 4 7
cat_threshold=32964 540672 8320 2 1 4194304 10240
is_linear=0
shrinkage=0.1


Tree=37
num_leaves=29
num_cat=3
split_feature=21 20 35 13 3 29 34 27 27 11 38 17 4 34 38 2 2 20 2 38 17 11 1 11 11 0 0 2
split_gain=0.572772 1.40291 1.63076 0.680978 0.425525 0.921054 0.759948 0.462512 0.403573 0.411075 0.371994 0.628466 0.332731 0.611154 0.317117 0.299422 0.552095 0.395257 0.368011 0.289286 0.282043 0.141251 0.209059 0.0899621 0.0431973 2.77556e-17 2.77556e-17 2.77556e-17
threshold=0 2.5000000000000004 67.000000000000014 1 2 1.556034910275196 1.5000000000000002 12.676155121894771 12.637019991161864 0.20390791073210732 7.9107509939878993 90.500000000000014 2.5000000000000004 2.5000000000000004 11.078373885576658 0.14409291934787058 0.14049675335661946 8.5000000000000018 0.072916666666666671 6.5736557835440959 218.00000000000003 0.20176860641631281 1282.0000000000002 0.020691013193171664 0.23537616753028154 0.16973387280050573 0.20293251406474569 0.074603955755530568
decision_type=9 2 2 1 9 2 2 2 2 2 2 2 2 2 2 2 2 2 2 2 2 2 2 2 2 2 2 2
left_child=1 2 -1 8 5 27 -7 20 9 10 19 -12 -13 -14 -10 16 17 23 -19 -3 -8 25 -23 -6 -17 -5 -25 -2
right_child=4 3 -4 21 15 6 7 -9 14 -11 11 12 13 -15 -16 24 -18 18 -20 -21 -22 22 -24 26 -26 -27 -28 -29
leaf_value=0.067548374539776981 0.007017882113862995 -0.013811937375693008 -0.0025974245341544508 0.021479706530376095 -0.0013532880668947096 -0.012334532277948437 -0.003127256727702277 0.037248119643133577 0.039626160432242735 -0.01000382753327205 -0.0082313874459762053 0.16487694748493131 -0.00057010007775710385 -0.0087870547818406971 -0.0072927878644202171 0.033485245540876271 -0.001795785577405662 -0.0085403201681187313 0.1831814369656779 0.0028117377022093028 -0.028509554685145412 0.034507473482297858 -0.002264303652988249 0.059636846296659274 0.037070058379312279 0.15679998308749685 0.1151275241681832 0.2131021773612882
leaf_weight=21 29 20 32 53 33 21 29 23 44 33 39 23 34 22 30 127 24 32 30 36 24 20 21 75 20 21 20 23
leaf_count=21 29 20 32 53 33 21 29 23 44 33 39 23 34 22 30 127 24 32 30 36 24 20 21 75 20 21 20 23
internal_value=-0.0034463 -0.00600218 -0.0214151 -0.00409091 -0.00105769 -0.00537736 -0.0114948 -0.00684211 -0.00674377 -0.00900966 -0.00706897 -0.0102542 -0.00512658 -0.00928571 -0.000405405 0.000822103 -0.00154206 0.000263158 -0.00629032 -0.000357143 -0.0119811 0.0023913 -0.00231707 0.0034375 0.00431973 0.005 0.005 0.005
internal_weight=959 449 53 396 510 149 97 76 281 207 174 118 79 56 74 361 214 190 62 56 53 115 41 128 147 74 95 52
internal_count=959 449 53 396 510 149 97 76 281 207 174 118 79 56 74 361 214 190 62 56 53 115 41 128 147 74 95 52
cat_boundaries=0 2 3 5
cat_threshold=1073774692 528384 2 134234128 18
is_linear=0
shrinkage=0.1


Tree=38
num_leaves=26
num_cat=2
split_feature=20 17 25 17 3 0 2 25 10 26 17 1 2 11 20 38 38 17 17 26 35 1 25 0 1
split_gain=0.773197 1.2559 1.04685 0.912162 0.381814 1.00847 1.26543 1.28444 0.390673 0.681585 0.338197 0.305625 0.260062 0.137374 0.109948 0.199134 0.107033 0.199692 0.506993 0.0760234 0.0607334 0.144886 0.0441176 2.77556e-17 2.77556e-17
threshold=2.5000000000000004 186.50000000000003 0.12793614972245301 88.500000000000014 0 0.10884435031562299 0.147330149772086 0.12659421153575262 1 -1.2499999999999998 218.00000000000003 140.00000000000003 0.063413742690058492 0.22722511097896589 10.500000000000002 7.5503606776627485 9.0363982102365252 140.50000000000003 83.500000000000014 -3.7499999999999996 173.50000000000003 2284.0000000000005 0.19693166379457383 0.16973387280050573 2325.5000000000005
decision_type=2 2 2 2 9 2 2 2 9 2 2 2 2 2 2 2 2 2 2 2 2 2 2 2 2
left_child=1 3 -3 -1 5 20 10 -8 9 -6 12 -11 -7 -13 16 -16 22 18 -18 -19 -2 -22 -10 -5 -21
right_child=4 2 -4 23 8 6 7 -9 14 11 -12 13 -14 -15 15 -17 17 19 -20 24 21 -23 -24 -25 -26
leaf_value=-0.00073562339801455884 0.00044212445089845324 -0.0042545204839836591 -0.0028653152372935843 0.049149202759981851 -0.0042953050459417401 -0.0075368953266508887 -0.0026591522538775784 -0.010842047048352448 0.0005689084784267789 -0.01134082058070769 -0.024732829107979148 0.0049539805878548865 0.012096456234427023 -0.003017699704461232 0.084405910729959843 -0.0026427176053540904 0.045888790789357072 0.001512119556266592 -0.011850289838066019 0.070358235952500847 -0.015018270199319145 0.17821634170776524 0.0022948697319369197 0.019439198408162051 0.29456291587393513
leaf_weight=20 53 20 27 29 39 34 20 25 150 39 35 68 42 22 23 33 29 36 26 58 32 34 20 25 20
leaf_count=20 53 20 27 29 39 34 20 25 150 39 35 68 42 22 23 33 29 36 26 58 32 34 20 25 20
internal_value=-0.00240355 -0.00987603 -0.0226596 -0.00175676 -0.00132458 -0.00429825 -0.00974359 -0.0238889 0.000200698 -0.00370787 -0.00400901 -0.000426356 -0.000263158 0.00277778 0.00191358 -0.00214286 0.00264012 0.000857988 -0.00409091 0.00324561 0.00247899 0.000454546 0.00441176 0.005 0.005
internal_weight=959 121 47 74 838 275 156 45 563 168 111 129 76 90 395 56 339 169 55 114 119 66 170 54 78
internal_count=959 121 47 74 838 275 156 45 563 168 111 129 76 90 395 56 339 169 55 114 119 66 170 54 78
cat_boundaries=0 2 5
cat_threshold=134299792 2 16385 4194304 8208
is_linear=0
shrinkage=0.1


Tree=39
num_leaves=29
num_cat=2
split_feature=4 29 2 3 2 17 20 7 35 22 11 17 17 10 17 17 5 31 4 2 7 5 11 22 0 0 2 27
split_gain=1.04551 1.36125 2.08333 0.627963 0.835087 0.574201 0.500096 0.6856 0.480114 0.465112 0.461707 0.4 0.317303 0.183419 0.46592 0.163393 0.123249 0.169312 0.107744 0.104255 0.25 0.0874215 0.315672 0.0292847 1.11022e-16 1.38778e-17 1.38778e-17 1.38778e-17
threshold=1.5000000000000002 2.5002015617650035 0.14384070358275472 0 0.15294486215538852 85.500000000000014 10.500000000000002 1.0000000180025095e-35 107.00000000000001 35.000000000000007 0.17283984489318119 181.50000000000003 145.50000000000003 1 251.50000000000003 171.50000000000003 -8.4999999999999982 5.0667317707492154 2.5000000000000004 0.094727623051322485 1.0000000180025095e-35 -10.499999999999998 0.12269800022596318 110.00000000000001 0.58220001460305648 0.13539510239078142 0.1500331016219795 12.441602104209334
decision_type=2 2 2 9 2 2 2 2 2 2 2 2 2 9 2 2 2 2 2 2 2 2 2 2 2 2 2 2
left_child=1 5 -3 4 9 -1 13 -8 -7 11 -9 -2 -12 14 19 -10 17 18 -11 20 -5 22 -15 24 -23 -21 -24 -26
right_child=3 2 -4 6 -6 8 7 10 15 16 12 -13 -14 21 -16 -17 -18 -19 -20 25 -22 23 26 -25 27 -27 -28 -29
leaf_value=-0.0038757716154056879 -0.00054643900177164914 -0.00058760492652510548 -0.0034519534870117081 -0.037600449095974875 -0.0054170706411877188 -0.0030442165798880466 0.045089284750065378 0.08276733051633535 -0.0069560704098962801 -0.0072784381007423406 -0.0083372152631040058 -0.023185316305832926 -0.0072293110964123889 -0.0076562984912827599 -0.0044262977296281175 0.044234282483983645 0.0027117028282351054 -0.012916391559588859 0.002704127124186312 1.1231277515738849 0.074559245759779111 0.0042055297411985751 0.07169674898904245 0.015919905709706694 0.00048896295398778158 0.0082425031357787372 0.52593571940610129 8.9648626021523323e-05
leaf_weight=26 36 28 21 20 37 36 41 22 35 22 22 24 23 20 20 61 44 21 32 23 25 172 24 30 23 26 23 22
leaf_count=26 36 28 21 20 37 36 41 22 35 22 22 24 23 20 20 61 44 21 32 23 25 172 24 30 23 26 23 22
internal_value=-0.00271637 -0.00900966 -0.0235714 -0.000984042 -0.00539823 -0.00449367 0.000879121 -0.00518518 -0.00181818 -0.00282123 -0.0114179 -0.01 -0.0172222 0.00242991 -0.00104839 0.001875 0.000798319 -0.00166667 0.0012963 0.00180851 -0.00166667 0.00361111 0.000522388 0.00459514 0.005 0.005 0.005 0.005
internal_weight=959 207 49 752 216 158 536 108 132 179 67 60 45 428 114 96 119 75 54 94 45 314 67 247 217 49 47 45
internal_count=959 207 49 752 216 158 536 108 132 179 67 60 45 428 114 96 119 75 54 94 45 314 67 247 217 49 47 45
cat_boundaries=0 2 5
cat_threshold=134283408 2 16384 39845888 24576
is_linear=0
shrinkage=0.1


Tree=40
num_leaves=31
num_cat=4
split_feature=4 29 2 3 0 27 10 17 17 35 10 26 17 17 20 3 17 17 25 27 17 25 29 5 0 1 29 0 1 0
split_gain=0.879449 1.36125 2.08333 0.645917 0.550587 0.592199 0.488117 0.832101 1.48153 0.505732 0.305477 0.674298 0.251712 0.250216 0.25 0.22816 0.341333 0.331852 0.305991 0.225 0.15 0.127675 0.230488 0.116758 0.169173 0.0372638 0.0274504 1.11022e-16 2.77556e-17 1.38778e-17
threshold=1.5000000000000002 2.5002015617650035 0.14384070358275472 0 0.014876479074673899 12.43497806487275 1 183.50000000000003 220.50000000000003 63.000000000000007 2 -2.2499999999999996 100.50000000000001 269.00000000000006 11.500000000000002 3 188.50000000000003 83.500000000000014 0.16274951095963439 12.838159222893966 229.50000000000003 0.12214107192446544 1.6695900619558148 -8.4999999999999982 0.10884435031562299 2616.0000000000005 1.2178713328783151 0.29264176734200026 1155.5000000000002 0.16125909364361909
decision_type=2 2 2 9 2 2 9 2 2 2 9 2 2 2 2 9 2 2 2 2 2 2 2 2 2 2 2 2 2 2
left_child=1 4 -3 6 -1 21 23 9 -9 -8 11 -5 -11 -10 20 16 17 -12 -19 -7 -13 22 -6 24 -2 26 -17 -28 -18 -14
right_child=3 2 -4 10 5 19 7 8 13 12 15 14 29 -15 -16 25 28 18 -20 -21 -22 -23 -24 -25 -26 -27 27 -29 -30 -31
leaf_value=-0.0062552597570983085 0.0019846827814026064 -0.00052884443387258456 -0.0031067581383105425 -0.0036180140797098096 -0.00098130959214384988 -0.0034894165392312933 -0.0037590945641765121 -0.018361176884398835 0.19762552542351636 -0.0012907726604858372 0.040580356766350884 0.027766832634181744 0.21718632213165862 -0.015532562361592504 -0.0029866032335897925 0.08052675933702276 0.061430734927550093 -0.0073739596602852252 0.00031576401984490898 -0.016815608816922362 -0.00025352991119426338 0.038965409843426661 0.31613976675779754 0.0041574305416275173 -0.005125192390312585 0.027820999978127915 0.019643123770739627 0.00028421720223870128 0.12207362971555882 0.41930375546974408
leaf_weight=20 38 28 21 26 20 20 31 23 22 24 21 60 29 20 20 31 21 34 20 20 20 57 21 34 32 20 116 61 29 20
leaf_count=20 38 28 21 26 20 20 31 23 22 24 21 60 29 20 20 31 21 34 20 20 20 57 21 34 32 20 116 61 29 20
internal_value=-0.00323775 -0.00900966 -0.0235714 -0.00164894 -0.00449367 -0.00224638 -0.00542403 -0.00868715 -0.0180769 -0.00365385 0.000603272 -0.00345588 0.000890411 -0.00690476 1.30385e-10 0.00210744 -0.0012963 -0.00566667 -0.00981481 -0.0125 0.0025 0.00193878 -0.00231707 0.000175439 -0.00214286 0.00394958 0.00451923 0.005 0.005 0.005
internal_weight=959 207 49 752 158 138 273 169 65 104 479 126 73 42 100 353 125 75 54 40 80 98 41 104 70 228 208 177 50 49
internal_count=959 207 49 752 158 138 273 169 65 104 479 126 73 42 100 353 125 75 54 40 80 98 41 104 70 228 208 177 50 49
cat_boundaries=0 2 5 8 10
cat_threshold=134299792 2 3 100663296 16400 16385 88080384 8192 8396800 36
is_linear=0
shrinkage=0.1


Tree=41
num_leaves=27
num_cat=2
split_feature=4 29 2 3 17 5 34 10 17 17 2 38 1 18 38 27 29 27 20 2 11 1 25 0 0 1
split_gain=1.15203 1.36125 2.08333 0.602474 0.574201 0.534446 1.01023 0.49536 0.409578 0.406136 0.37984 0.35891 0.34744 0.2625 0.260203 0.182763 0.154023 0.138391 0.120155 0.117596 0.0690712 0.106977 0.0460784 1.11022e-16 5.55112e-17 2.77556e-17
threshold=1.5000000000000002 2.5002015617650035 0.14384070358275472 0 85.500000000000014 -10.499999999999998 1.5000000000000002 1 257.00000000000006 218.00000000000003 0.11635338345864663 8.4630680256156854 2403.5000000000005 15.500000000000002 7.2115294998275008 12.494584895091876 1.2584569542114901 13.180029543456696 11.500000000000002 0.147330149772086 0.18902356538229123 377.00000000000006 0.20985021130024381 0.33288799188190671 0.1177731590156262 447.50000000000006
decision_type=2 2 2 9 2 2 2 9 2 2 2 2 2 2 2 2 2 2 2 2 2 2 2 2 2 2
left_child=1 4 -3 12 -1 6 -5 14 15 10 13 -12 18 -9 -7 16 -6 20 22 -11 21 -16 23 -2 -22 -25
right_child=3 2 -4 5 8 7 -8 9 -10 19 11 -13 -14 -15 17 -17 -18 -19 -20 -21 24 -23 -24 25 -26 -27
leaf_value=-0.0034757356672116498 0.026757483271350743 -0.0004759599904853157 -0.0027960823244794798 0.066021383503720846 -0.0024789560661062048 -0.0038397581537768497 -0.010371748422051068 0.0041178601408456529 -0.0032339234373565057 -0.020609249979523878 -0.0058280863458716669 -0.0029830118328707947 -0.0043556422478414304 -0.038673274478933331 0.14726101675337996 -0.0020455236419460385 0.04738263913593193 -0.0013551263569202452 -0.00013446871048977398 -0.0024453991559009857 0.0044217812946742352 -0.00069852959667372229 -4.3292759086406259e-05 0.00041164493836512997 0.040539331129527359 4.1549756605793742e-05
leaf_weight=26 184 28 21 26 20 22 25 56 20 20 26 29 34 24 23 25 67 20 27 21 71 20 20 30 53 21
leaf_count=26 184 28 21 26 20 22 25 56 20 20 26 29 34 24 23 25 67 20 27 21 71 20 20 30 53 21
internal_value=-0.00240355 -0.00900966 -0.0235714 -0.000585106 -0.00449367 -0.00295964 -0.0126471 -0.00175325 -0.00181818 -0.00548387 -0.00314815 -0.00954545 0.00269939 0.00125 0.00157534 0.000535714 0.00270115 0.00286096 0.00393617 -0.0145122 0.0038024 0.000348837 0.00460784 0.005 0.005 0.005
internal_weight=959 207 49 752 158 436 51 385 132 176 135 55 316 80 209 112 87 187 282 41 167 43 255 235 124 51
internal_count=959 207 49 752 158 436 51 385 132 176 135 55 316 80 209 112 87 187 282 41 167 43 255 235 124 51
cat_boundaries=0 2 5
cat_threshold=33579072 48 20482 369098752 16400
is_linear=0
shrinkage=0.1


Tree=42
num_leaves=27
num_cat=2
split_feature=4 22 31 31 10 19 3 11 11 25 25 2 38 17 25 25 0 27 25 2 11 0 1 1 18 2
split_gain=0.820155 1.00915 0.527883 1.61333 0.480837 0.491224 0.409123 0.458229 0.336569 0.203457 0.213677 0.194762 0.184835 0.184615 0.180855 0.177231 0.387231 0.228151 0.212281 0.121385 0.0349608 0.0346154 0.0330508 0.0261905 1.11022e-16 1.38778e-17
threshold=1.5000000000000002 95.000000000000014 6.1680282359568199 6.6725467792464199 0 2009.5000000000002 1 0.07796966702599116 0.20390791073210732 0.19143846075537008 0.10893278301886794 0.13420963364993219 8.5243432436069622 240.50000000000003 0.12746486696661671 0.10809143686502179 0.1177731590156262 12.48159041453126 0.13350943565176515 0.043854033290653016 0.21214627864073191 0.090743938022688611 795.50000000000011 518.00000000000011 25.000000000000004 0.10103389568178302
decision_type=2 2 2 2 9 2 9 2 2 2 2 2 2 2 2 2 2 2 2 2 2 2 2 2 2 2
left_child=1 2 9 -4 5 -2 7 -6 15 10 19 12 23 24 -14 21 22 18 -18 -1 -13 -7 -17 -9 -8 -23
right_child=4 -3 3 -5 6 8 13 11 -10 -11 -12 20 14 -15 -16 16 17 -19 -20 -21 -22 25 -24 -25 -26 -27
leaf_value=0.027199870026270268 -0.0087069309054706914 -0.0035477654068540527 -0.0045871449776443609 0.00017082162059767203 -0.010542206244867137 0.034867553105133155 0.021129015816950585 -0.0038063657656176534 -0.0089664821851337412 -0.0025526665513775446 0.0668321686732474 0.003551245776491112 -0.0069445626614355023 -0.00079223983380235824 4.1574280463220572e-05 -0.017581864606255382 -0.006007913490973571 0.049078182686599497 -0.0064530440953946408 -0.00038097167032976437 0.0017224574326851656 0.00074380879397414196 0.0039724515783979729 0.03937434770899452 0.00010542379737826236 0.028814461149560391
leaf_weight=23 28 36 20 30 26 20 211 20 37 20 58 58 39 20 36 20 27 24 30 20 21 22 39 22 29 23
leaf_count=23 28 36 20 30 26 20 211 20 37 20 58 58 39 20 36 20 27 24 30 20 21 22 39 22 29 23
internal_value=-0.00198644 -0.00756039 -0.00435672 -0.013 -0.000452128 -0.00375 0.00144309 -0.00168103 -0.00243802 -0.000785124 0.0010396 -0.000102041 -0.00269231 0.00407407 -0.00566667 -0.000853658 -0.00285714 -0.00734568 -0.0107895 -0.00430233 0.00373418 0.00346154 0.00330508 0.00261905 0.005 0.005
internal_weight=959 207 171 50 752 270 482 222 242 121 101 196 117 260 75 205 140 81 57 43 79 65 59 42 240 45
internal_count=959 207 171 50 752 270 482 222 242 121 101 196 117 260 75 205 140 81 57 43 79 65 59 42 240 45
cat_boundaries=0 3 5
cat_threshold=32768 375390208 10240 142672000 6
is_linear=0
shrinkage=0.1


Tree=43
num_leaves=31
num_cat=1
split_feature=10 20 22 38 38 5 0 31 38 34 31 31 2 31 29 34 17 5 35 27 35 1 25 29 2 18 1 0 0 0
split_gain=0.567287 0.674714 1.03287 0.801694 1.37561 0.465323 0.530941 0.674451 1.06681 0.487013 0.404559 1.12533 0.224074 0.212199 0.203297 0.194805 0.161815 0.490718 0.144971 0.29548 0.111529 0.212 0.528571 0.0995671 0.0827004 0.0436306 0.0256098 5.55112e-17 2.77556e-17 1.38778e-17
threshold=0 4.5000000000000009 110.00000000000001 7.8022072269605376 9.1284783501804601 -8.4999999999999982 0.10884435031562299 5.9748759263967903 9.6167712756113755 1.5000000000000002 6.1680282359568199 6.6869062496957046 0.027799227799227801 2.5466664679248692 1.5789446938022256 2.5000000000000004 218.00000000000003 -8.4999999999999982 338.50000000000006 12.406149417006736 177.00000000000003 140.00000000000003 0.16171677275864718 2.2581093732377044 0.081617569422447481 1.0000000180025095e-35 470.00000000000006 0.3646190003521495 0.16973387280050573 0.053529536146703895
decision_type=9 2 2 2 2 2 2 2 2 2 2 2 2 2 2 2 2 2 2 2 2 2 2 2 2 2 2 2 2 2
left_child=12 2 3 -2 -5 6 13 8 9 -8 14 -12 -1 -3 -6 -11 25 -18 20 -20 21 -7 -23 -9 -15 27 -21 -14 -22 -26
right_child=1 5 -4 4 10 18 7 23 -10 15 11 -13 16 24 -16 -17 17 -19 19 26 28 22 -24 -25 29 -27 -28 -29 -30 -31
leaf_value=-0.0029824854714383584 0.044050651593721596 -0.0019165130525897929 -0.0042470327921367628 -0.0043425614169195744 -0.0037280496741708847 0.0025552576734044589 -0.0049582575904644627 -0.00016971627460257157 -0.020155970058781475 0.16242860791070773 -0.0041284304798799151 0.00015373945853790484 0.0075227624074141065 0.0043922009937982509 0.10263279473892416 -0.0022231288898656252 0.050022185986969593 -0.037044818519630256 -0.0033124969915764762 -0.0021278310304062103 0.13251160845582746 -0.0083210107168758159 0.0198957067344048 0.0021244186360933836 0.1644755462961896 1.3183881379330837 2.6852401207397294e-05 0.25126760980112955 0.20311246955494819 0.23905758943757305
leaf_weight=24 47 22 24 29 26 53 24 21 20 20 20 27 116 30 37 22 38 21 33 20 57 35 37 23 20 20 21 21 22 29
leaf_count=24 47 22 24 29 26 53 24 21 20 20 20 27 116 30 37 22 38 21 33 20 57 35 37 23 20 20 21 21 22 29
internal_value=-0.0026121 -0.00398491 -0.00880952 -0.00629032 -0.0101079 -0.00207269 -0.00538961 -0.00961538 -0.0147674 -0.00863636 -0.005 -0.0120213 0.0016 4.95051e-05 0.000238095 -0.00214286 0.00268519 -0.00177966 0.000683453 -0.00310811 0.00205882 0.0002 -0.00333333 0.000454546 0.00246835 0.00436306 0.00256098 0.005 0.005 0.005
internal_weight=959 719 210 186 139 509 231 130 86 66 110 47 240 101 63 42 216 59 278 74 204 125 72 44 79 157 41 137 79 49
internal_count=959 719 210 186 139 509 231 130 86 66 110 47 240 101 63 42 216 59 278 74 204 125 72 44 79 157 41 137 79 49
cat_boundaries=0 3
cat_threshold=24578 35651584 16384
is_linear=0
shrinkage=0.1


Tree=44
num_leaves=27
num_cat=1
split_feature=3 17 35 11 25 17 7 25 20 17 29 2 2 1 20 27 27 29 11 11 35 29 0 0 0 0
split_gain=0.543131 1.04357 0.997617 0.617935 0.421405 0.416315 0.353813 0.669074 0.342402 0.410847 0.349091 0.34032 0.341599 0.282614 0.266667 0.227397 0.325024 0.166102 0.147769 0.235714 0.132435 0.0420635 1.11022e-16 5.55112e-17 2.77556e-17 2.77556e-17
threshold=0 83.500000000000014 124.50000000000001 0.18867531610256735 0.21517043090076801 321.50000000000006 1.0000000180025095e-35 0.20141429318003659 10.500000000000002 251.50000000000003 2.2539164765495676 0.147330149772086 0.14107965257390545 43.500000000000007 7.5000000000000009 12.134942908668782 12.43497806487275 1.2178713328783151 0.12269800022596318 0.11261703552456977 79.500000000000014 2.5184944826944267 0.13539510239078142 0.18647095820130219 0.19473560917690749 0.60418157631361458
decision_type=9 2 2 2 2 2 2 2 2 2 2 2 2 2 2 2 2 2 2 2 2 2 2 2 2 2
left_child=1 2 -1 13 11 6 18 8 9 15 -10 12 14 -3 -5 23 -17 -15 19 -2 -18 22 -20 -8 -19 -22
right_child=5 3 -4 4 -6 -7 7 -9 10 -11 -12 -13 -14 17 -16 16 20 24 21 -21 25 -23 -24 -25 -26 -27
leaf_value=0.00019318675224217451 0.095286469266551516 -0.080767967303676663 -0.0075607379579723747 -0.0086361528502644433 0.0070798391497743545 -0.0048908745798570963 0.021752727685069674 -0.0052520337395894935 0.00024733094526293821 -0.0023197136691809274 -0.0065553072685360985 -0.0050032277790918725 0.080414143036142346 -0.16162025004027925 -0.024366053124974925 -0.0022539642951402337 -0.00026814813755462552 0.60130031497578529 0.036792765492543421 -0.0040577312075839676 0.00040699680780771874 0.0056034255871275753 0.0011632805770555572 0.00058768683333921949 0.33700055615773822 4.559173426606639e-05
leaf_weight=23 22 21 27 30 21 29 110 35 25 35 30 28 29 20 30 36 22 61 116 20 36 21 43 29 37 23
leaf_count=23 22 21 27 30 21 29 110 35 25 35 30 28 29 20 30 36 22 61 116 20 36 21 43 29 37 23
internal_value=-0.00229927 -0.00553412 -0.019 -0.00330325 -0.00804348 -0.000529595 2.48758e-05 -0.00182415 -0.000491329 0.000876289 -0.00772727 -0.0103846 -0.00735955 0.00140288 -0.0116667 0.00226563 -0.000982906 0.00330508 0.0031982 -0.00214286 0.00253086 0.00444444 0.005 0.005 0.005 0.005
internal_weight=959 327 50 277 138 632 603 381 346 291 55 117 89 139 60 256 117 118 222 42 81 180 159 139 98 59
internal_count=959 327 50 277 138 632 603 381 346 291 55 117 89 139 60 256 117 118 222 42 81 180 159 139 98 59
cat_boundaries=0 2
cat_threshold=536879248 2
is_linear=0
shrinkage=0.1


Tree=45
num_leaves=27
num_cat=3
split_feature=13 21 38 27 26 29 0 11 4 27 34 20 3 38 1 31 35 2 27 0 17 2 2 26 2 0
split_gain=0.562842 0.659088 0.636629 0.813437 0.924483 0.755223 0.814986 0.344732 0.522918 0.326769 0.627032 0.577978 0.200106 0.277798 0.172265 0.29556 0.169444 0.225 0.160256 0.122469 0.120604 0.108341 0.0706107 0.0346524 5.55112e-17 2.77556e-17
threshold=0 1 10.125469708855755 9.4386074792732604 -1.0000000180025095e-35 2.5034829517212658 0.1177731590156262 0.12269800022596318 2.5000000000000004 12.364270215267991 1.5000000000000002 5.5000000000000009 2 7.096244884031627 848.50000000000011 6.5484468986439248 300.50000000000006 0.13892933100933544 8.4879059906586729 0.09983509756428384 276.50000000000006 0.074603955755530568 0.18869053555400422 -2.7499999999999996 0.074603955755530568 0.58220001460305648
decision_type=1 9 2 2 2 2 2 2 2 2 2 2 9 2 2 2 2 2 2 2 2 2 2 2 2 2
left_child=1 2 3 18 -5 6 -6 8 -2 12 -11 -12 13 -3 15 -4 -14 -18 -1 21 22 -15 23 -9 -25 -13
right_child=7 9 14 4 5 -7 -8 20 -10 10 11 25 16 19 -16 -17 17 -19 -20 -21 -22 -23 -24 24 -26 -27
leaf_value=-0.0014809728829453372 0.013798438409265949 -0.0036569104356369733 -0.0044733112244466511 -0.0067913775880104922 -0.0023385546509185995 0.00025099457017036577 -0.01119324190098807 0.0016102945451399793 -0.069276059747769722 -0.010056682640462385 -0.0011640478916711938 0.062720952284197398 0.027843109091092128 -0.0043264884092697421 0.021871606783130895 9.7665831903337444e-05 0.13823805444963405 -0.013596818119038366 0.28024713585966288 0.0088140313127492067 -0.005119446947810297 0.24574769237908081 0.00045937186035856887 0.0014156357373703583 0.021274734153318944 4.1032560839456002e-05
leaf_weight=27 34 23 22 27 35 31 33 25 22 38 29 36 122 23 32 32 20 20 25 31 22 27 38 46 116 23
leaf_count=27 34 23 22 27 35 31 33 25 22 38 29 36 122 23 32 32 20 20 25 31 22 27 38 46 116 23
internal_value=-0.00219499 -0.00384146 -0.00759124 -0.0112921 -0.0156349 -0.0111616 -0.0170588 0.00136964 -0.00571429 -0.00109453 -0.00531746 -0.000681818 0.000864662 -0.00245614 -0.000813953 -0.00425926 0.00296512 -0.0025 -0.000769231 6.17285e-05 0.00297571 -0.003 0.00366667 0.00446524 0.005 0.005
internal_weight=959 656 264 178 126 99 68 303 56 392 126 88 266 104 86 54 162 40 52 81 247 50 225 187 162 59
internal_count=959 656 264 178 126 99 68 303 56 392 126 88 266 104 86 54 162 40 52 81 247 50 225 187 162 59
cat_boundaries=0 1 2 4
cat_threshold=2 1073791204 536887424 2
is_linear=0
shrinkage=0.1


Tree=46
num_leaves=30
num_cat=2
split_feature=27 29 17 4 11 35 35 27 27 17 20 10 31 29 4 2 2 29 10 35 35 27 17 17 1 0 0 2 0
split_gain=0.772767 0.874578 0.486836 1.01273 0.429837 1.89097 0.413217 0.734783 0.403966 0.377344 0.617851 0.402567 0.545181 0.905571 0.277285 0.129699 0.118367 0.0974522 0.0688834 0.0880037 0.048865 0.131034 0.0346154 0.0291667 0.025 5.55112e-17 5.55112e-17 5.55112e-17 1.38778e-17
threshold=9.2057893478528765 1.0969428380353528 85.500000000000014 1.5000000000000002 0.21159235203969937 187.00000000000003 20.000000000000004 11.224680126056446 14.041855607096542 269.00000000000006 7.5000000000000009 0 5.6790452998207206 2.2240815485864247 3.5000000000000004 0.11314285714285716 0.15101686945277143 2.6626208167429488 1 243.00000000000003 173.50000000000003 8.2459051013428333 129.50000000000003 214.50000000000003 607.00000000000011 0.10884435031562299 0.30379464609914936 0.1676706827309237 0.12662294756532669
decision_type=2 2 2 2 2 2 2 2 2 2 2 9 2 2 2 2 2 2 9 2 2 2 2 2 2 2 2 2 2
left_child=17 -2 3 -3 8 23 -5 -8 9 11 -11 12 13 -4 16 -14 -9 20 19 24 25 -22 -21 -6 -13 -1 27 -20 -24
right_child=1 2 4 6 5 -7 7 14 -10 10 -12 18 15 -15 -16 -17 -18 -19 26 22 21 -23 28 -25 -26 -27 -28 -29 -30
leaf_value=0.0023903084466571807 -0.0049930125951966383 -0.0030562806559959444 0.0012946743364860838 0.13216079223755153 0.0048916249249616323 -0.010901373099820703 -0.0084462564667141284 0.0033951378211569158 -0.0036312688296812889 -0.011284011710460649 0.0072918667813363404 0.0099680088391934929 -0.0099733954476185945 -0.0042443993075568258 -0.0015378704326290626 0.00013974768657018009 -8.9393487845475066e-05 -0.0012432384874784274 0.011515177484619584 0.059229170744023875 -0.0086601433068004257 0.00059813517157989544 0.43033961168547719 0.00084628617768783625 -0.00057449104564567149 0.035953253753748714 0.0064774092439214108 0.046612101459016488 0.41729472859999084
leaf_weight=106 21 21 25 33 28 25 20 29 21 32 36 20 38 22 23 46 20 27 116 20 20 38 22 20 20 35 23 29 23
leaf_count=106 21 21 25 33 28 25 20 29 21 32 36 20 38 22 23 46 20 27 116 20 20 38 22 20 20 35 23 29 23
internal_value=-0.00188217 -0.00345839 -0.00286517 -0.0080137 -0.0015371 -0.00869863 -0.0046 -0.00804348 -0.000476673 0.000127119 -0.00676471 0.00128713 -0.00315603 -0.0120213 -0.00333333 0.00142857 0.000918367 0.00323009 0.00340989 0.00108696 0.00399497 0.00155172 0.00346154 0.00291667 -0.0025 0.005 0.0047191 0.005 0.005
internal_weight=959 733 712 146 566 73 125 92 493 472 68 404 131 47 72 84 49 226 273 105 199 58 65 48 40 141 168 145 45
internal_count=959 733 712 146 566 73 125 92 493 472 68 404 131 47 72 84 49 226 273 105 199 58 65 48 40 141 168 145 45
cat_boundaries=0 3 5
cat_threshold=134217728 75497472 8192 36866 2097152
is_linear=0
shrinkage=0.1


Tree=47
num_leaves=28
num_cat=2
split_feature=10 3 31 26 31 1 17 29 25 9 0 27 27 19 2 31 0 1 29 5 1 1 35 1 0 0 0
split_gain=0.741634 0.66179 0.907315 0.813947 0.954545 0.626866 0.373815 0.349115 0.436111 0.364432 0.447205 0.346823 0.544546 0.887472 0.279497 0.256249 0.159113 0.148052 0.120301 0.341198 0.040518 0.126263 0.0372024 0.0295918 5.55112e-17 2.77556e-17 1.38778e-17
threshold=0 1 5.3296189182132814 -1.0000000180025095e-35 4.2967178761425009 211.50000000000003 269.00000000000006 2.2581093732377044 0.15786951144094005 1.0000000180025095e-35 0.31114771979399714 12.07294203622566 12.474315255988985 2010.5000000000002 0.17122109079579093 5.8596067736199293 0.02468071476886206 1743.0000000000002 1.2178713328783151 -8.4999999999999982 2102.0000000000005 2279.5000000000005 256.50000000000006 1231.5000000000002 0.34003097050564496 0.13539510239078142 0.034389757697412857
decision_type=9 9 2 2 2 2 2 2 2 2 2 2 2 2 2 2 2 2 2 2 2 2 2 2 2 2 2
left_child=1 2 3 -1 -5 -4 11 16 9 -9 -11 18 13 -13 -8 -12 -3 -14 19 26 24 -22 -18 -10 -20 -23 -2
right_child=6 7 5 4 -6 -7 14 8 23 10 15 12 17 -15 -16 -17 22 -19 20 -21 21 25 -24 -25 -26 -27 -28
leaf_value=-0.0061935490417449751 0.084414199310138993 -0.0075030025952643317 -0.046473297326203443 0.00011754963754428742 -0.0088651467819545141 0.12566803726454198 -0.0032802143614826086 0.012103123940464894 0.00010097672562362181 -0.0019704417163760178 -0.0036543187217951052 -0.010285393625607184 0.0014184826728482994 0.029004940540692383 0.0064213447530642627 0.0012858826432814883 0.0028568041676749569 -0.0021635462732481031 0.0047346866590447546 -0.034051760866326296 0.00024712614902191456 0.002630962391881154 0.0034997547665045316 0.00075600852080185451 0.20104981149823625 0.024083945547515542 0.035401787219331821
leaf_weight=23 24 33 25 33 21 42 25 29 29 36 29 23 57 27 22 27 75 20 172 29 22 29 21 20 22 21 23
leaf_count=23 24 33 25 33 21 42 25 29 29 36 29 23 57 27 22 27 75 20 172 29 22 29 21 20 22 21 23
internal_value=-0.00188217 -0.0048234 -0.0102597 -0.0183766 -0.0116667 -0.00246269 0.000722434 -0.00195793 -0.005 -0.00822314 -0.0113043 0.00158849 -0.00287402 -0.011 -0.00776596 -0.00571429 0.00189922 0.0024026 0.00324561 -0.000263158 0.00424812 0.00222222 0.00395833 0.00295918 0.005 0.005 0.005
internal_weight=959 443 144 77 54 67 516 299 170 121 92 469 127 50 47 56 129 77 342 76 266 72 96 49 194 50 47
internal_count=959 443 144 77 54 67 516 299 170 121 92 469 127 50 47 56 129 77 342 76 266 72 96 49 194 50 47
cat_boundaries=0 3 5
cat_threshold=134266880 276824064 10256 536870928 6
is_linear=0
shrinkage=0.1


Tree=48
num_leaves=27
num_cat=2
split_feature=3 11 10 17 17 1 29 20 17 2 25 25 1 2 1 0 2 0 25 27 38 1 1 25 0 0
split_gain=0.588512 0.915742 0.537835 0.468817 0.863597 1.02068 0.594899 0.445323 0.426155 0.565245 0.241663 0.421112 0.454641 0.184246 0.573813 0.106977 0.079936 0.124351 0.0489327 0.0887949 0.0486111 0.0399855 0.0395833 0.0336066 1.11022e-16 2.77556e-17
threshold=0 0.1784576888080073 1 219.50000000000003 197.50000000000003 211.50000000000003 3.0610332014132511 8.5000000000000018 243.00000000000003 0.15403750478377345 0.16160365058670148 0.12381492631200576 2325.5000000000005 0.17452198926302517 1627.0000000000002 0.14409097374671601 0.11635338345864663 0.02468071476886206 0.10962380573248409 10.982830940316843 9.9867933584293684 9.5000000000000018 2266.5000000000005 0.17544525229170285 0.31114771979399714 0.18647095820130219
decision_type=9 2 9 2 2 2 2 2 2 2 2 2 2 2 2 2 2 2 2 2 2 2 2 2 2 2
left_child=1 7 3 4 5 -2 22 -1 13 -10 11 -3 -13 16 -15 -11 17 -4 21 -20 -12 -19 25 -5 -18 -7
right_child=2 10 8 23 -6 6 -8 -9 9 15 20 12 -14 14 -16 -17 24 18 19 -21 -22 -23 -24 -25 -26 -27
leaf_value=-0.0074828945115191035 -0.021002013674115499 0.055348655052038766 -0.0022399925018978585 0.00033306103461618747 -0.0024473969023302683 0.0049954225347760483 -0.0019242184277265498 -0.0077272376653929947 -0.0037264745552193245 0.070732055216689904 -0.0022680522628093181 -0.0044120117947348903 -0.0041528115603055348 -0.0092279390320510798 0.034325353924281925 -0.0015759343690304754 0.019982889163035714 0.0050846682302676874 -0.0012689197475452244 0.45125165483049828 0.033901110342199191 0.0045735615659727464 0.00019359339598277859 0.02292024609223196 0.0002056780157657645 0.047783471077885942
leaf_weight=24 33 23 37 41 29 53 20 22 20 23 36 22 34 27 44 20 129 21 22 21 28 110 20 20 57 23
leaf_count=24 33 23 37 41 29 53 20 22 20 23 36 22 34 27 44 20 129 21 22 21 28 110 20 20 57 23
internal_value=-0.00146507 -0.00630653 -0.000192308 -0.00403614 -0.00679775 -0.00372483 0.000689655 -0.018913 0.00158041 -0.00611111 -0.00269231 -0.0063924 -0.0110714 0.00264957 -0.00204225 0.000348837 0.00348867 0.0021564 0.00327586 0.000348837 0.001875 0.00423664 0.00395833 0.00336066 0.005 0.005
internal_weight=959 189 770 239 178 149 116 46 531 63 143 79 56 468 71 43 397 211 174 43 64 131 96 61 186 76
internal_count=959 189 770 239 178 149 116 46 531 63 143 79 56 468 71 43 397 211 174 43 64 131 96 61 186 76
cat_boundaries=0 2 5
cat_threshold=134283264 6 1024 348127232 8192
is_linear=0
shrinkage=0.1


Tree=49
num_leaves=25
num_cat=3
split_feature=3 17 2 17 22 2 38 38 23 38 17 38 38 1 31 25 21 26 17 1 35 26 25 0
split_gain=0.924393 0.842484 0.983408 0.486948 0.880432 0.404372 0.284747 0.388586 0.307539 0.438648 0.273316 0.253465 0.521332 0.429184 0.557525 0.289286 0.22457 0.164908 0.0975469 0.091954 0.0384123 0.036859 0.0318182 2.77556e-17
threshold=0 77.000000000000014 0.15294486215538852 181.50000000000003 50.000000000000007 0.074995559765555636 7.3008103100619168 7.5983948067188534 1 10.803913932778849 313.50000000000006 9.9431744360659149 9.3653289322246689 380.50000000000006 5.3608688518257619 0.16160365058670148 2 -3.7499999999999996 162.50000000000003 518.00000000000011 189.50000000000003 -6.4999999999999991 0.15700741063644294 0.60418157631361458
decision_type=9 2 2 2 2 2 2 2 9 2 2 2 2 2 2 2 9 2 2 2 2 2 2 2
left_child=1 -1 3 19 -5 -6 20 -8 9 11 16 12 13 23 15 -15 17 -10 -19 -3 -2 -18 -20 -9
right_child=6 2 -4 4 5 -7 7 8 10 -11 -12 -13 -14 14 -16 -17 21 18 22 -21 -22 -23 -24 -25
leaf_value=-0.0057719703805640919 0.0018521306443691863 -0.039209049938661804 -0.0028379375983668535 -0.010331528555835667 -0.0069576991767569185 0.16850045533592389 -0.0042309305103022691 0.028598766423147706 -0.0026984503213806983 -0.0011793835629063879 -0.0032725069044055397 0.019677436124273258 -0.0036081523541468211 0.092734269824657004 -0.0028164415629623307 -0.0015443786629474778 0.012642057986492273 -0.017877676596375843 0.0021887409932072701 0.2871824956446305 0.0011827315532280198 0.0089191720461007633 0.00064848385504395832 0.00037890467075428128
leaf_weight=23 120 29 24 24 24 37 21 40 21 24 21 46 22 36 26 20 24 35 35 58 22 184 20 23
leaf_count=23 120 29 24 24 24 37 21 40 21 24 21 46 22 36 26 20 24 35 35 58 22 184 20 23
internal_value=-0.00146507 -0.00700873 -0.00520408 -0.00255814 -0.00794118 -0.00155738 0.000266667 -0.000685619 -0.000199307 -0.00289474 0.00171429 -0.00157277 -0.00338323 -0.0012069 -0.00597561 -0.000357143 0.00249216 -0.00119835 0.000555556 0.00270115 0.00429577 0.00431193 0.00318182 0.005
internal_weight=959 219 196 172 85 61 740 598 577 237 340 213 167 145 82 56 319 111 90 87 142 208 55 63
internal_count=959 219 196 172 85 61 740 598 577 237 340 213 167 145 82 56 319 111 90 87 142 208 55 63
cat_boundaries=0 2 3 5
cat_threshold=134217872 2 1 1073742916 4096
is_linear=0
shrinkage=0.1


end of trees

feature_importances:
Unit_Price=154
Forecast_Horizon_Days=149
vendor_hist_volume=105
vendor_hist_delay_rate=104
country_hist_delay_rate=100
site_hist_delay_rate=77
Line_Item_Quantity=65
Line_Item_Value=62
country_hist_volume=62
Pack_Price=56
T_pred_month=51
Country=50
Molecule/Test_Type=41
Line_Item_Insurance_(USD)=41
T_pred_quarter=30
country_hist_delay_median=24
vendor_hist_delay_median=22
T_pred_dayofweek=22
PQ_to_PO_Days=20
Dosage=17
Unit_of_Measure_(Per_Pack)=12
weight_is_numeric=8
First_Line_Designation=7
freight_is_numeric=6
T_pred_year=6
Sub_Classification=2
Dosage_Form=1
Shipment_Mode=1

parameters:
[boosting: gbdt]
[objective: quantile]
[metric: quantile]
[tree_learner: serial]
[device_type: cpu]
[data_sample_strategy: bagging]
[data: ]
[valid: ]
[num_iterations: 50]
[learning_rate: 0.1]
[num_leaves: 31]
[num_threads: 4]
[seed: 42]
[deterministic: 0]
[force_col_wise: 0]
[force_row_wise: 0]
[histogram_pool_size: -1]
[max_depth: -1]
[min_data_in_leaf: 20]
[min_sum_hessian_in_leaf: 0.001]
[bagging_fraction: 1]
[pos_bagging_fraction: 1]
[neg_bagging_fraction: 1]
[bagging_freq: 0]
[bagging_seed: 400]
[bagging_by_query: 0]
[feature_fraction: 1]
[feature_fraction_bynode: 1]
[feature_fraction_seed: 30056]
[extra_trees: 0]
[extra_seed: 12879]
[early_stopping_round: 0]
[early_stopping_min_delta: 0]
[first_metric_only: 0]
[max_delta_step: 0]
[lambda_l1: 0]
[lambda_l2: 0]
[linear_lambda: 0]
[min_gain_to_split: 0]
[drop_rate: 0.1]
[max_drop: 50]
[skip_drop: 0.5]
[xgboost_dart_mode: 0]
[uniform_drop: 0]
[drop_seed: 17869]
[top_rate: 0.2]
[other_rate: 0.1]
[min_data_per_group: 100]
[max_cat_threshold: 32]
[cat_l2: 10]
[cat_smooth: 10]
[max_cat_to_onehot: 4]
[top_k: 20]
[monotone_constraints: ]
[monotone_constraints_method: basic]
[monotone_penalty: 0]
[feature_contri: ]
[forcedsplits_filename: ]
[refit_decay_rate: 0.9]
[cegb_tradeoff: 1]
[cegb_penalty_split: 0]
[cegb_penalty_feature_lazy: ]
[cegb_penalty_feature_coupled: ]
[path_smooth: 0]
[interaction_constraints: ]
[verbosity: -1]
[saved_feature_importance_type: 0]
[use_quantized_grad: 0]
[num_grad_quant_bins: 4]
[quant_train_renew_leaf: 0]
[stochastic_rounding: 1]
[linear_tree: 0]
[max_bin: 255]
[max_bin_by_feature: ]
[min_data_in_bin: 3]
[bin_construct_sample_cnt: 200000]
[data_random_seed: 175]
[is_enable_sparse: 1]
[enable_bundle: 1]
[use_missing: 1]
[zero_as_missing: 0]
[feature_pre_filter: 1]
[pre_partition: 0]
[two_round: 0]
[header: 0]
[label_column: ]
[weight_column: ]
[group_column: ]
[ignore_column: ]
[categorical_feature: 3,6,8,10,12,13,16,21,23,28,32,36,37]
[forcedbins_filename: ]
[precise_float_parser: 0]
[parser_config_file: ]
[objective_seed: 16083]
[num_class: 1]
[is_unbalance: 0]
[scale_pos_weight: 1]
[sigmoid: 1]
[boost_from_average: 1]
[reg_sqrt: 0]
[alpha: 0.05]
[fair_c: 1]
[poisson_max_delta_step: 0.7]
[tweedie_variance_power: 1.5]
[lambdarank_truncation_level: 30]
[lambdarank_norm: 1]
[label_gain: ]
[lambdarank_position_bias_regularization: 0]
[eval_at: ]
[multi_error_top_k: 1]
[auc_mu_weights: ]
[num_machines: 1]
[local_listen_port: 12400]
[time_out: 120]
[machine_list_filename: ]
[machines: ]
[gpu_platform_id: -1]
[gpu_device_id: -1]
[gpu_use_dp: 0]
[num_gpu: 1]

end of parameters

pandas_categorical:[["Angola", "Belize", "Benin", "Botswana", "Burundi", "Cameroon", "Congo, DRC", "C\u00f4te d'Ivoire", "Dominican Republic", "Ethiopia", "Ghana", "Guatemala", "Guinea", "Guyana", "Haiti", "Kazakhstan", "Kenya", "Kyrgyzstan", "Lesotho", "Liberia", "Libya", "Malawi", "Mali", "Mozambique", "Namibia", "Nigeria", "Pakistan", "Rwanda", "Senegal", "South Africa", "South Sudan", "Sudan", "Swaziland", "Tanzania", "Uganda", "Vietnam", "Zambia", "Zimbabwe"], ["Aluvia", "Atripla", "Bioline", "Bundi", "Capillus", "CareStart", "Clearview", "Coartem", "Colloidal Gold", "Crixivan", "Determine", "DoubleCheck", "Epivir", "First Response", "Generic", "Genie", "Hexagon", "INSTi", "ImmunoComb", "InstantCHEK", "Intelence", "Invirase", "Isentress", "Kaletra", "LAV", "Multispot", "Norvir", "OraQuick", "Paramax", "Prezista", "Retrovir", "Reveal", "Reyataz", "Stat-Pak", "Stocrin/Sustiva", "Trizivir", "Truvada", "Uni-Gold", "Videx", "Videx EC", "Viracept", "Viramune", "Viread", "Zerit", "Ziagen"], ["Direct Drop", "From RDC"], ["Abacavir", "Abacavir/Lamivudine", "Abacavir/Lamivudine/Zidovudine", "Artemether/Lumefantrine", "Artesunate+Amodiaquine", "Atazanavir", "Atazanavir/Ritonavir", "Chase Buffer, Determine, 100 Tests, 2.5ml x 1 Vial", "Chloroquine base (as phosphate)", "Darunavir", "Didanosine", "Didanosine EC", "Efavirenz", "Efavirenz/Emtricitabine/Tenofovir Disoproxil Fumarate", "Efavirenz/Lamivudine/Tenofovir Disoproxil Fumarate", "Emtricitabine/Tenofovir Disoproxil Fumarate", "Etravirine", "HIV 1, Uni-Gold Recombigen HIV Control, Vial 2 x 0.5 ml", "HIV 1/2, Bioline 3.0 Diluent, 25 Tests", "HIV 1/2, Bioline 3.0 Kit", "HIV 1/2, Bioline 3.0 Kit (no accessories)", "HIV 1/2, Bioline 3.0 Kit, Lancets, Capillary pipets, Alcohol swabs included", "HIV 1/2, Bundi Rapid HIV Kit", "HIV 1/2, Capillus HIV Kit", "HIV 1/2, Clearview Complete Kit", "HIV 1/2, Colloidal Gold, Diagnostic Kit Set (includes lancet, transfer pipette & alcohol prep pad)", "HIV 1/2, Colloidal Gold, Diagnostic Kit, Antibody", "HIV 1/2, Determine Complete HIV Kit", "HIV 1/2, Determine HIV Kit, without Lancets", "HIV 1/2, Determine Kit without Lancets, Buffer or Capillary Tubes, 100 Tests", "HIV 1/2, DoubleCheck Gold Kit", "HIV 1/2, DoubleCheck II Kit", "HIV 1/2, Genie III Kit", "HIV 1/2, HEXAGON Rapid HIV Kit", "HIV 1/2, INSTI HIV 1/2 Antibody Kit", "HIV 1/2, INSTI HIV Antibody Individual POC, 1 Test", "HIV 1/2, ImmunoComb TriSpot Ag - Ab Kit", "HIV 1/2, InstantChek HIV 1+2 Kit", "HIV 1/2, OraQuick Advance HIV Rapid Antibody Kit", "HIV 1/2, OraQuick Rapid Antibody Kit", "HIV 1/2, Stat-Pak Buffer Only", "HIV 1/2, Stat-Pak Dipstick Assay Kit", "HIV 1/2, Stat-Pak HIV, Kit", "HIV 1/2, Uni-Gold HIV Kit", "HIV 1/2/O, First Response HIV 1-2.0, v.3.0 Cards Kit", "HIV 2, New LAV Blot 2 HIV Kit", "HIV, Capillary Tubes, for Determine, EDTA, 50uL,100 Pcs", "HIV, Genie II HIV-1/HIV-2 Kit", "HIV, Lancet, Safety, for HIV Test kits, 100 Pcs", "HIV, Multispot HIV-1/HIV-2 Rapid Test Kit", "HIV, OraQuick Controls Kit, 3 Vials", "HIV, Reveal G3 Rapid HIV-1 Antibody Test", "Indinavir", "Lamivudine", "Lamivudine/Nevirapine/Stavudine", "Lamivudine/Nevirapine/Zidovudine", "Lamivudine/Stavudine", "Lamivudine/Tenofovir Disoproxil Fumarate", "Lamivudine/Zidovudine", "Lamivudine/Zidovudine+Efavirenz", "Lopinavir/Ritonavir", "Malaria Antigen P.f , HRP2, Kit", "Malaria Antigen P.f Kit, 30 x 1 Test", "Malaria Paramax-3 Kit", "Malaria, Antigen P.f., HRP2 CareStart Kit", "Mefloquine (as hydrochloride)", "Nelfinavir", "Nelfinavir (as mesilate)", "Nevirapine", "Primaquine base (as diphosphate)", "Quinine (as dihydrochloride)", "Quinine (as sulfate)", "Raltegravir", "Ritonavir", "Saquinavir", "Stavudine", "Sulfadoxine/Pyrimethamine", "Tenofovir Disoproxil Fumarate", "Zidovudine"], ["ABBSP", "ABBVIE (Abbott) France", "ABBVIE (Abbott) Logis. UK", "ABBVIE (Abbott) St. P'burg USA", "ABBVIE GmbH & Co.KG Wiesbaden", "ABBVIE Ludwigshafen Germany", "Access BIO, L.C.", "Alere Medical Co., Ltd.", "Aspen-OSD, Port Elizabeth, SA", "Aurobindo Unit III, India", "Aurobindo Unit VII, IN", "BI, Ingelheim, Germany", "BMS Evansville, US", "BMS Meymac, France", "BUNDI INTERNATIONAL DIAGNOSTICS LTD", "Bio-Rad Laboratories", "Boehringer Ing., Koropi, GR", "Boehringer Ingelheim Roxane US", "Bristol-Myers Squibb Anagni IT", "Chembio Diagnostics Sys. Inc.", "Cipla Ltd A-42 MIDC Mahar. IN", "Cipla, Goa, India", "Cipla, Kurkumbh, India", "Cipla, Patalganga, India", "EY Laboratories, USA", "Emcure Plot No.P-2, I.T-B.T. Park, Phase II, MIDC, Hinjwadi, Pune, India", "GSK Aranda", "GSK Barnard Castle UK", "GSK Cape Town Factory (South Africa)", "GSK Crawley", "GSK Mississauga (Canada)", "GSK Ware (UK)", "Gilead(Nycomed) Oranienburg DE", "Gland Pharma Ltd Pally Factory", "Guilin OSD site, No 17, China", "Hetero Unit III Hyderabad IN", "Hetero, Jadcherla, unit 5, IN", "Human Diagnostic", "INVERNESS ANY", "INVERNESS ORGENICS LINE", "Inverness Japan", "Inverness USA", "Ipca Dadra/Nagar Haveli IN", "Janssen Ortho LLC, Puerto Rico", "Janssen-Cilag, Latina, IT", "KHB Test Kit Facility, Shanghai China", "MSD Midrand, J'burg, SA", "MSD Patheon, Canada", "MSD, Haarlem, NL", "Macleods Daman Plant INDIA", "MedMira Inc.", "Medochemie Factory A, CY", "Medopharm Malur Factory, INDIA", "Micro Labs Ltd. (Brown & Burk), India", "Micro Labs, Hosur, India", "Micro labs, Verna, Goa, India", "Mylan (formerly Matrix) Nashik", "Not Applicable", "Novartis Pharma AG, Switzerland", "Novartis Pharma Suffern, USA", "Orasure Technologies, Inc", "Orasure Technologies, Inc USA", "Pacific Biotech, Thailand", "Premier Med. Corp Ltd. India", "Premier Medical Corporation", "Ranbaxy per Shasun Pharma", "Ranbaxy per Shasun Pharma Ltd", "Ranbaxy, Paonta Shahib, India", "Remedica, Limassol, Cyprus", "Roche Basel", "Roche Madrid", "Standard Diagnostics, Korea", "Strides, Bangalore, India.", "Trinity Biotech, Plc", "Weifa A.S., Hausmanngt. 6, P.O. Box 9113 Gr\u00c3\u00b8nland, 0133, Oslo, Norway", "bioLytical Laboratories"], ["No", "Yes"], ["Capsule", "Chewable/dispersible tablet", "Chewable/dispersible tablet - FDC", "Delayed-release capsules", "Delayed-release capsules - blister", "Injection", "Oral powder", "Oral solution", "Oral suspension", "Powder for oral solution", "Tablet", "Tablet - FDC", "Tablet - FDC + blister", "Tablet - FDC + co-blister", "Tablet - blister", "Test kit", "Test kit - Ancillary"], ["100/25mg", "100mg", "10mg/ml", "125mg", "133.3/33.3mg", "150/200/30mg", "150/300/200mg", "150/300mg", "150/300mg+600mg", "150/30mg", "150mg", "15mg", "1mg/ml", "20/120mg", "200/300mg", "200/50mg", "200mg", "20mg", "20mg/ml", "250mg", "25mg", "2g", "30/50/60mg", "30/50/6mg", "30/60mg", "30/6mg", "300/100mg", "300/150/300mg", "300/200mg", "300/300mg", "300mg", "30mg", "30mg/ml", "400mg", "40mg", "50+153mg", "500/25mg", "500mg", "50mg", "50mg/g", "60/100/12mg", "60/12mg", "60/30mg", "600/200/300mg", "600/300/300mg", "600/300mg", "600mg", "600mg/2ml", "60mg", "80/20mg/ml", "80mg/ml", "missing"], ["Air", "Air Charter", "Missing", "Ocean", "Truck"], ["ACT", "ANTM", "ARV", "HRDT", "MRDT"], ["ACT", "Adult", "HIV test", "HIV test - Ancillary", "Malaria", "Pediatric"], ["CIF", "CIP", "DAP", "DDP", "DDU", "EXW", "FCA", "N/A - From RDC"], ["ABBOTT LABORATORIES (PUERTO RICO)", "ABBOTT LOGISTICS B.V.", "ABBVIE LOGISTICS (FORMERLY ABBOTT LOGISTICS BV)", "ABBVIE, SRL (FORMALLY ABBOTT LABORATORIES INTERNATIONAL CO.)", "ACCESS BIO, INC.", "ACTION MEDEOR E.V.", "AHN (PTY) LTD (AKA UCB (S.A.)", "AMSTELFARMA B.V.", "ASPEN PHARMACARE", "AUROBINDO PHARAM (SOUTH AFRICA)", "Abbott GmbH & Co. KG", "Aurobindo Pharma Limited", "BIO-RAD LABORATORIES (FRANCE)", "BIO-RAD LABORATORIES PTY LTD. (SOUTH AFRICA)", "BIOLYTICAL LABORATORIES INC.", "BRISTOL-MYERS SQUIBB", "BUNDI INTERNATIONAL DIAGNOSTICS LTD", "CENTRAL PHARMACEUTICAL COMPANY NO. 1", "CHEMBIO DIAGNOSTIC SYSTEMS, INC.", "CIPLA LIMITED", "EMCURE PHARMACEUTICALS LTD", "ETHNOR DEL ISTMO S.A.", "EY Laboratories", "GILEAD SCIENCES IRELAND, INC.", "GLAXOSMITHKLINE EXPORT LIMITED", "HETERO LABS LIMITED", "HUMAN GMBH", "Hoffmann-La Roche ltd Basel", "IDA FOUNDATION", "IDIS LIMITED", "IMRES B.V.", "INTERNATIONAL HEALTHCARE DISTRIBUTORS", "INVERNESS MEDICAL INNOVATIONS HONG KONG LTD", "INVERNESS MEDICAL INNOVATIONS SOUTH AFRICA (PTY) LTD", "JSI R&T INSTITUTE, INC.", "KAS MEDICS LIMITED", "LAWRENCE LABORATORIES (SUBSIDIARY OF BRISTOL MYERS SQUIBB)", "MEDMIRA EAST AFRICA LTD.", "MERCK SHARP & DOHME IDEA GMBH (FORMALLY MERCK SHARP & DOHME B.V.)", "MICRO LABS LIMITED", "MISSIONPHARMA A/S", "MYLAN LABORATORIES LTD (FORMERLY MATRIX LABORATORIES)", "NOVARTIS PHARMA SERVICES AG", "Orasure Technologies Inc.", "Orgenics, Ltd", "PHARMACY DIRECT", "PUETRO RICO PHARMACEUTICAL, INC.", "Premier Medical Corporation Ltd.", "RAININ INSTRUMENT, LLC.", "REINBOLD EXPORT IMPORT", "S. BUYS WHOLESALER", "SCMS from RDC", "SETEMA LIMITED PLC", "SHANGHAI KEHUA BIOENGINEERING CO.,LTD.  (KHB)", "STRIDES ARCOLAB LIMITED", "SUB-SAHARAN BIOMEDICAL P.L.C.", "SUN PHARMACEUTICAL INDUSTRIES LTD (RANBAXY LABORATORIES LIMITED)", "SYSMEX AMERICA INC", "Standard Diagnostics, Inc.", "THE MEDICAL EXPORT GROUP BV", "TURE PHARMACEUTICALS & MEDICAL SUPPLIES P.L.C.", "Trinity Biotech, Plc", "ZEPHYR BIOMEDICALS"]]
