tree
version=v4
num_class=1
num_tree_per_iteration=1
label_index=0
max_feature_idx=38
objective=quantile
feature_names=Unit_Price vendor_hist_volume country_hist_delay_rate Country T_pred_quarter vendor_hist_delay_median Brand weight_is_numeric Fulfill_Via freight_is_numeric Molecule/Test_Type vendor_hist_delay_rate Manufacturing_Site First_Line_Designation is_rdc_fulfillment po_sent_is_date Dosage_Form Forecast_Horizon_Days PQ_to_PO_Days T_pred_year T_pred_month Dosage Unit_of_Measure_(Per_Pack) Shipment_Mode pq_first_sent_is_date site_hist_delay_rate country_hist_delay_median Line_Item_Value Product_Group Pack_Price is_pre_pq_process Line_Item_Insurance_(USD) Sub_Classification Scheduled_Transit_Days T_pred_dayofweek country_hist_volume Vendor_INCO_Term Vendor Line_Item_Quantity
feature_infos=[0.0099503308531680833:1.5040773967762742] [0:2651] [0:0.58823529411764708] -1:25:29:7:34:23:36:37:33:14:6:4:27:13:16:9:30:5:10:8:2:32:35 [1:4] [-53:5] -1:14:10:0:2:23:15 [0:1] -1:1:0 [0:1] -1:12:68:55:58:27:78:53:57:60:77:0:54:14:13:15:56:1:75:10:28:21:47 [0:0.59999999999999998] -1:9:56:35:21:72:7:40:5:10:22:25:2:71:15:36:65 -1:1:0 [0:1] [0:1] -1:10:11:15:7:0:8:2:1:3 [4:497] [-1:204] [2006:2013] [1:12] -1:16:30:2:51:46:6:7:29:15:10:44:43:5:14:22:9:38:42:24:45:18:31:1:49:12:17:23:40 [20:300] -1:0:4:1:3 [0:1] [0:0.40000000000000002] [-25:8] [3.8253751987024738:15.257388791762295] -1:2:3 [0.81093021621632877:5.8607862234658654] [0:1] [0:8.6259238218524317] -1:1:5:2 [4:497] [0:6] [0:642] -1:7:3:5:6 -1:51:11:44:19:50:2:58:12 [0.69314718055994529:12.904112835769981]
tree_sizes=2408 2719 2752 2734 2702 2743 2738 2746 2723 2758 2761 2753 2757 2748 2757 2763 2760 2772 2772 2794 2731 2783 2782 2752 2736 2780 2777 2782 2766 2772 2777 2785 2797 2780 2800 2778 2747 2788 2820 2786 2778 2765 2782 2801 2782 2794 2750 2799 2790 2788

Tree=0
num_leaves=31
num_cat=1
split_feature=3 5 17 4 35 34 1 11 25 1 2 35 29 25 25 25 17 29 34 11 17 29 17 2 25 1 25 29 20 25
split_gain=16.0767 10.7971 10.034 7.65778 7.16516 6.0661 7.01778 4.112 3.9556 6.48772 3.60555 2.87276 2.42976 1.95452 1.75043 1.55556 1.36802 1.31494 1.26921 0.985614 0.967004 0.881739 0.74137 0.665881 0.651837 0.440212 0.554669 0.412305 0.331915 0.267857
threshold=0 -9.4999999999999982 82.500000000000014 3.5000000000000004 187.00000000000003 1.5000000000000002 2325.5000000000005 0.07796966702599116 0.075134408602150551 1282.0000000000002 0.12806698216235898 172.00000000000003 2.1144450119190767 0.021164613661814113 0.096173115461692632 0.15850326536052248 211.50000000000003 2.7608904333365838 2.5000000000000004 0.19127360012061462 229.50000000000003 2.2240815485864247 59.000000000000007 0.14806984574426438 0.1967751826374447 518.00000000000011 0.17104801123667243 2.1707468304415563 5.5000000000000009 0.084089995982322238
decision_type=9 2 2 2 2 2 2 2 2 2 2 2 2 2 2 2 2 2 2 2 2 2 2 2 2 2 2 2 2 2
left_child=2 3 -1 4 13 8 7 -7 -3 11 -8 23 19 -2 18 -12 24 -13 -15 -11 22 -22 -9 -10 27 -24 -27 -4 -14 -5
right_child=1 5 16 29 -6 6 10 20 9 12 15 17 28 14 -16 -17 -18 -19 -20 -21 21 -23 25 -25 -26 26 -28 -29 -30 -31
leaf_value=11.300000000000001 11.300000000000001 11.300000000000001 15.1 13 12.699999999999999 12.199999999999999 11.300000000000001 11.75 11.85 12.199999999999999 12.1 12.800000000000001 11.4 12.4 11.4 12.5 13.15 15.6 11.5 11.800000000000001 11.5 11.800000000000001 11.199999999999999 12.800000000000001 13.4 11.6 11.4 14.300000000000001 11.800000000000001 13.699999999999999
leaf_weight=36 21 30 85 21 22 31 26 24 32 25 42 35 21 22 20 21 38 20 23 32 25 23 65 21 31 34 36 31 31 35
leaf_count=36 21 30 85 21 22 31 26 24 32 25 42 35 21 22 20 21 38 20 23 32 25 23 65 21 31 34 36 31 31 35
internal_value=11.9992 11.9921 12.0223 12.0146 11.9991 11.9855 11.9766 11.9676 11.9974 12.0021 12.0006 12.0194 11.9849 11.986 11.9946 12.0135 12.0327 12.0355 12.0056 11.9991 11.9626 11.975 11.9588 12.0028 12.0371 11.9559 11.9614 12.0405 11.9692 12.0446
internal_weight=959 738 221 164 108 574 327 238 247 217 89 108 109 86 65 63 185 55 45 57 207 48 159 53 147 135 70 116 52 56
internal_count=959 738 221 164 108 574 327 238 247 217 89 108 109 86 65 63 185 55 45 57 207 48 159 53 147 135 70 116 52 56
cat_boundaries=0 2
cat_threshold=536870976 2
is_linear=0
shrinkage=1


Tree=1
num_leaves=31
num_cat=1
split_feature=3 5 34 25 1 17 11 20 35 1 2 17 35 1 0 38 4 35 17 0 25 27 38 25 17 5 17 0 26 17
split_gain=11.5181 10.2279 6.01357 5.98141 5.59151 5.32899 4.96662 4.18686 4.0116 3.71536 5.64185 3.57462 3.33139 2.51131 2.34759 2.32283 2.27935 4.40441 1.65652 1.52871 1.29769 1.1669 2.02143 1.05315 0.939439 0.975095 0.852788 0.754209 0.752198 0.479822
threshold=0 -9.4999999999999982 1.5000000000000002 0.023369565217391308 2325.5000000000005 94.000000000000014 0.07796966702599116 2.5000000000000004 288.50000000000006 368.50000000000006 0.14107965257390545 160.50000000000003 247.50000000000003 1282.0000000000002 0.16973387280050573 7.950502372686004 3.5000000000000004 187.00000000000003 158.50000000000003 0.12662294756532669 0.14627512127512129 10.571069124261046 10.241197585471914 0.1971609925261204 59.000000000000007 -7.7499999999999991 188.50000000000003 0.12662294756532669 -3.7499999999999996 135.00000000000003
decision_type=9 2 2 2 2 2 2 2 2 2 2 2 2 2 2 2 2 2 2 2 2 2 2 2 2 2 2 2 2 2
left_child=5 3 7 -2 6 19 -4 -3 -6 -9 15 23 21 -12 -14 -11 17 18 -5 -1 -10 -13 -23 29 -8 28 -18 -15 -26 -7
right_child=1 2 4 16 8 11 24 9 20 10 13 12 14 27 -16 -17 26 -19 -20 -21 -22 22 -24 -25 25 -27 -28 -29 -30 -31
leaf_value=0.15000000000000002 -0.63000000000000012 0.62 0.68000000000000016 0.05999999999999997 -0.63000000000000012 1.6899999999999999 -0.22500000000000001 -0.73000000000000009 0.040000000000000036 -0.10249999999999995 0.71999999999999997 -0.31500000000000006 1.9275 -0.18000000000000008 0.42999999999999999 0.81999999999999995 1.5650000000000002 0.63000000000000012 -0.29000000000000004 -0.73000000000000009 0.45000000000000001 0.51999999999999991 -0.18000000000000008 0.45999999999999996 -0.35999999999999999 -0.71999999999999997 0.63000000000000012 -0.48000000000000009 -0.45000000000000001 8.1400000000000006
leaf_weight=25 26 34 29 24 28 37 24 31 26 22 20 22 52 21 30 37 34 21 34 24 23 20 37 25 39 79 21 33 45 36
leaf_count=25 26 34 29 24 28 37 24 31 26 22 20 22 52 21 30 37 34 21 34 24 23 20 37 25 39 79 21 33 45 36
internal_value=-0.00119917 -0.00869894 -0.0159878 0.013125 -0.0250853 0.0144654 -0.0333333 -0.00252525 -0.00194805 -0.00914634 -0.0018797 0.0206564 0.0114907 -0.0202703 0.0256098 0.0211864 0.0216418 0.0107595 -0.00344828 -0.0153061 0.0153061 -0.00316456 0.00438596 0.0357143 -0.0393048 -0.0420245 0.0372727 -0.0314815 -0.0345238 0.0417808
internal_weight=959 651 491 160 293 308 216 198 77 164 133 259 161 74 82 59 134 79 58 49 49 79 57 98 187 163 55 54 84 73
internal_count=959 651 491 160 293 308 216 198 77 164 133 259 161 74 82 59 134 79 58 49 49 79 57 98 187 163 55 54 84 73
cat_boundaries=0 2
cat_threshold=545259584 2
is_linear=0
shrinkage=0.1


Tree=2
num_leaves=31
num_cat=1
split_feature=3 5 11 2 1 17 2 1 17 0 17 17 17 35 35 11 1 35 2 0 0 38 25 17 35 29 25 2 29 29
split_gain=10.8602 9.19729 8.81792 7.2685 5.32958 4.71116 3.65226 2.63559 3.35873 2.56806 2.53865 2.52919 2.52789 2.41751 3.21372 6.04233 2.20801 1.89789 1.53636 1.41545 1.19361 1.13294 0.861006 0.794948 0.583333 0.581363 0.569767 0.485541 0.4703 0.449733
threshold=0 -7.7499999999999991 0.18968924628594794 0.081617569422447481 2284.0000000000005 82.500000000000014 0.046693313953488379 1399.0000000000002 203.50000000000003 0.16125909364361909 186.50000000000003 59.000000000000007 229.50000000000003 59.000000000000007 111.00000000000001 0.077131322900181723 518.00000000000011 350.00000000000006 0.15403750478377345 0.21106277450063585 0.17813743195869636 10.399095330978206 0.14133280218529481 214.50000000000003 300.50000000000006 1.2683303356789073 0.16444249341527659 0.14507524361662763 2.4019752752226577 2.5184944826944267
decision_type=9 2 2 2 2 2 2 2 2 2 2 2 2 2 2 2 2 2 2 2 2 2 2 2 2 2 2 2 2 2
left_child=5 2 3 6 7 -1 25 8 -4 10 22 -3 16 28 -15 -16 -5 20 29 26 -7 24 -6 -11 -12 -2 27 -9 -13 -18
right_child=1 11 4 12 9 17 -8 19 -10 23 21 13 -14 14 15 -17 18 -19 -20 -21 -22 -23 -24 -25 -26 -27 -28 -29 -30 -31
leaf_value=-0.65700000000000003 0.24399999999999997 -0.087999999999999912 0.30449999999999999 0.56700000000000006 -0.62950000000000006 4.6210000000000004 -0.58199999999999996 -0.27400000000000002 -0.7945000000000001 -0.13200000000000003 1.9672499999999999 -0.5645 -0.063000000000000084 0.21400000000000008 1.8120000000000003 -0.64799999999999991 0.75800000000000001 0.69725000000000004 0.10475000000000004 -0.1795000000000001 0.94850000000000001 0.045000000000000109 0.0050000000000000712 -0.30325000000000008 0.085999999999999951 -0.056499999999999953 -0.49500000000000011 -0.3050000000000001 -0.55700000000000005 0.86699999999999999
leaf_weight=25 23 37 36 30 20 77 40 20 20 21 27 48 29 27 22 56 68 34 22 20 24 23 31 20 21 29 43 23 23 20
leaf_count=25 23 37 36 30 20 77 40 20 20 21 27 48 29 27 22 56 68 34 22 20 24 23 31 20 21 29 43 23 23 20
internal_value=-0.00245047 -0.00723115 -0.000853242 0.0128352 -0.0118462 0.0205882 -0.00978261 -0.0246914 -0.00714286 0.000920245 0.00819672 -0.0251174 0.0251479 -0.0301136 -0.0204762 -0.0307692 0.0307143 0.0292593 0.0372727 -0.0339623 0.0361386 0.0204225 -0.00882353 -0.0207317 0.0291667 0.00769231 -0.0395349 -0.0313953 -0.0443662 0.0431818
internal_weight=959 799 586 261 325 160 92 162 56 163 122 213 169 176 105 78 140 135 110 106 101 71 51 41 48 52 86 43 71 88
internal_count=959 799 586 261 325 160 92 162 56 163 122 213 169 176 105 78 140 135 110 106 101 71 51 41 48 52 86 43 71 88
cat_boundaries=0 1
cat_threshold=536870976
is_linear=0
shrinkage=0.1


Tree=3
num_leaves=31
num_cat=1
split_feature=3 5 11 17 17 11 20 1 1 1 0 38 2 17 2 26 17 20 1 35 17 17 17 17 1 7 17 27 0 11
split_gain=10.1647 7.43858 9.01392 6.1899 6.64616 4.5014 4.34242 3.74406 3.4309 3.42124 2.88095 2.84158 2.29132 1.8096 1.80205 1.79758 2.11468 1.78383 3.19013 1.68846 1.4871 1.34137 1.15046 1.08898 1.03476 1.41789 0.851583 0.825917 0.768002 0.666923
threshold=0 -7.7499999999999991 0.18968924628594794 78.500000000000014 128.00000000000003 0.077131322900181723 7.5000000000000009 2616.0000000000005 2027.5000000000002 345.00000000000006 0.60418157631361458 10.660889414284357 0.049586912333617471 222.50000000000003 0.16424569412741233 -1.0000000180025095e-35 183.50000000000003 1.5000000000000002 1399.0000000000002 207.50000000000003 145.50000000000003 114.50000000000001 229.50000000000003 157.50000000000003 2170.0000000000005 1.0000000180025095e-35 211.50000000000003 10.290247079812282 0.14409097374671601 0.25526851647408066
decision_type=9 2 2 2 2 2 2 2 2 2 2 2 2 2 2 2 2 2 2 2 2 2 2 2 2 2 2 2 2 2
left_child=8 2 3 -2 -5 10 15 17 9 12 -3 19 23 27 -7 -6 -17 -4 -19 -10 -14 -11 24 -1 -20 -26 -21 -8 -24 -23
right_child=1 5 7 4 6 14 13 -9 11 21 -12 -13 20 -15 -16 16 -18 18 22 26 -22 29 28 -25 25 -27 -28 -29 -30 -31
leaf_value=-0.47930000000000011 -0.28375000000000006 -0.50054999999999994 -0.41500000000000015 0.68219999999999992 0.4607500000000001 -0.58319999999999994 1.9444499999999998 0.077399999999999913 12.451900000000002 -0.59130000000000005 0.97080000000000011 -0.13167500000000007 2.0798000000000001 -0.0088000000000000977 -0.097200000000000134 -0.51452500000000001 -0.17770000000000011 0.27405000000000007 -0.36577500000000013 1.0603625000000001 0.627525 -0.28755000000000008 0.069399999999999906 2.18215 -0.64150000000000007 -0.19905000000000009 0.8035000000000001 0.78575000000000006 -0.43136250000000004 0.19260000000000002
leaf_weight=25 30 32 28 52 24 97 22 25 35 21 24 23 32 25 27 24 21 32 48 26 39 27 21 28 28 37 27 34 20 25
leaf_count=25 30 32 28 52 24 97 22 25 35 21 24 23 32 25 27 24 21 32 48 26 39 27 21 28 28 37 27 34 20 25
internal_value=-0.0044317 -0.0114221 -0.00498938 0.00905172 0.0153465 -0.0288889 0.00466667 -0.0186192 0.0103774 0.00279188 -0.00535714 0.0247748 0.0129032 0.0203704 -0.0395161 -0.0137681 -0.0255556 -0.0228972 -0.0193548 0.0329545 0.0246479 -0.0143836 -0.0253247 -0.00283019 -0.030531 -0.0223077 0.0216981 0.0303571 -0.0109756 -0.00576923
internal_weight=959 651 471 232 202 180 150 239 308 197 56 111 124 81 124 69 45 214 186 88 71 73 154 53 113 65 53 56 41 52
internal_count=959 651 471 232 202 180 150 239 308 197 56 111 124 81 124 69 45 214 186 88 71 73 154 53 113 65 53 56 41 52
cat_boundaries=0 2
cat_threshold=545259584 2
is_linear=0
shrinkage=0.1


Tree=4
num_leaves=31
num_cat=2
split_feature=3 5 4 26 35 17 3 1 11 17 38 17 7 35 35 11 31 17 1 35 27 29 17 17 35 27 17 29 29 0
split_gain=9.83759 7.30165 4.67562 7.31303 7.21336 3.73407 3.46477 3.22042 3.07576 2.73299 2.5985 2.54556 2.5 2.04738 2.83663 5.18685 1.90789 1.52899 2.03996 1.4815 1.40612 1.24178 1.40846 1.05256 1.28749 0.894771 1.04205 0.595238 0.4703 0.399106
threshold=0 -7.7499999999999991 3.5000000000000004 -11.999999999999998 316.00000000000006 82.500000000000014 1 2325.5000000000005 0.20176860641631281 59.000000000000007 9.4855828577133341 108.50000000000001 1.0000000180025095e-35 59.000000000000007 111.00000000000001 0.077131322900181723 3.7469122349348711 100.50000000000001 1399.0000000000002 129.00000000000003 10.830002437285438 2.5034829517212658 214.50000000000003 191.50000000000003 107.00000000000001 11.333235409570355 171.50000000000003 2.2240815485864247 2.4019752752226577 0.12662294756532669
decision_type=9 2 2 2 2 2 9 2 2 2 2 2 2 2 2 2 2 2 2 2 2 2 2 2 2 2 2 2 2 2
left_child=5 2 3 -2 8 -1 7 17 21 -3 -9 -8 29 28 -15 -16 -10 -5 19 -19 -21 22 -4 -13 -25 -14 -27 -6 -11 -7
right_child=1 9 4 6 27 12 11 10 16 13 -12 23 25 14 15 -17 -18 18 -20 20 -22 -23 -24 24 -26 26 -28 -29 -30 -31
leaf_value=-0.53217000000000003 0.51397999999999999 -0.029144999999999935 1.3896899999999999 -0.56442500000000007 -0.21792250000000024 10.913710000000002 -0.10335000000000001 0.44481500000000002 -0.60507250000000012 -0.54222999999999999 -0.039019999999999833 -0.443 2.1371137499999997 0.17333999999999997 1.6072875 -0.54917999999999989 0.34916000000000003 -0.7006950000000004 -0.81638000000000011 -0.018819999999999837 0.70172500000000015 0.085175000000000098 0.71517500000000001 -0.28405000000000008 -0.34299999999999997 -0.30431500000000045 1.4169350000000003 -0.081538749999999827 -0.45124499999999995 4.7432950000000007
leaf_weight=25 30 37 42 32 21 29 39 38 20 48 42 53 30 27 22 56 38 21 37 25 23 25 29 21 29 23 28 21 23 25
leaf_count=25 30 37 42 32 21 29 39 38 20 48 42 53 30 27 22 56 38 21 37 25 23 25 29 21 29 23 28 21 23 25
internal_value=-0.00557873 -0.0100742 -0.00443686 -0.0107692 0.00816327 0.0164706 -0.0147222 -0.00570175 0.0181818 -0.0260563 0.01 -0.0263158 0.0240741 -0.03125 -0.022381 -0.0320513 0 -0.0152174 -0.00943396 0.000724638 0.0104167 0.0291667 0.0359155 -0.0364078 -0.026 0.012963 0.00490196 -0.0285714 -0.0443662 0.0407407
internal_weight=959 799 586 390 196 160 360 218 154 213 80 142 135 176 105 78 58 138 106 69 48 96 71 103 50 81 51 42 71 54
internal_count=959 799 586 390 196 160 360 218 154 213 80 142 135 176 105 78 58 138 106 69 48 96 71 103 50 81 51 42 71 54
cat_boundaries=0 1 3
cat_threshold=536870976 142606464 6
is_linear=0
shrinkage=0.1


Tree=5
num_leaves=31
num_cat=1
split_feature=3 5 1 1 35 1 4 1 0 17 2 31 2 35 31 27 2 29 9 0 17 17 27 31 26 20 26 22 4 17
split_gain=7.21188 7.10119 4.26823 4.26258 8.00794 4.61661 4.49324 3.70256 2.63717 2.6301 1.84702 1.71123 1.74222 1.70945 1.5336 2.20409 1.4567 1.4036 1.16434 1.14858 0.976375 2.21987 0.971361 0.910672 0.880037 0.823299 0.808833 0.75 0.722961 0.686422
threshold=0 -7.7499999999999991 2027.5000000000002 1399.0000000000002 187.00000000000003 2325.5000000000005 3.5000000000000004 345.00000000000006 0.29264176734200026 59.000000000000007 0.046693313953488379 5.8715965101010781 0.15643825301204822 207.50000000000003 5.0182718786383855 9.9021471893920712 0.063413742690058492 1.3787534049074017 1.0000000180025095e-35 0.14409097374671601 162.50000000000003 214.50000000000003 12.364270215267991 6.2161649680614213 -1.0000000180025095e-35 4.5000000000000009 -1.0000000180025095e-35 50.000000000000007 3.5000000000000004 128.00000000000003
decision_type=9 2 2 2 2 2 2 2 2 2 2 2 2 2 2 2 2 2 2 2 2 2 2 2 2 2 2 2 2 2
left_child=2 3 7 4 6 18 10 17 13 -3 -2 12 28 -7 15 -15 -12 -1 -5 -19 -8 -22 -16 -21 27 -26 -18 -20 -11 -6
right_child=1 9 -4 5 29 8 20 -9 -10 11 16 -13 -14 14 22 -17 26 19 24 23 21 -23 -24 -25 25 -27 -28 -29 -30 -31
leaf_value=-0.24045100000000019 0.0056799999999999073 -0.026230499999999959 11.277339 -0.66056025000000007 0.56258199999999992 -0.29772250000000006 -0.012167499999999887 -0.47895299999999996 -0.15342350000000007 -0.40119624999999992 -0.4700899999999999 -0.49162625000000021 -0.20121787500000005 -0.045034624999999912 -0.54987300000000017 1.1942440000000001 -0.16283624999999999 1.7931186249999997 -0.17207856250000006 1.2752415000000004 2.6642860000000002 0.002662500000000101 0.097672000000000037 -0.27259949999999983 -0.6369007499999999 0.011339000000000078 -0.18872550000000016 -0.311475 -0.56550699999999998 0.41282699999999989
leaf_weight=27 38 37 27 44 26 24 20 24 20 76 33 40 32 30 21 44 26 37 24 23 21 22 32 22 29 27 49 24 28 32
leaf_count=27 38 37 27 44 26 24 20 24 20 76 33 40 32 30 21 44 26 37 24 23 21 22 32 22 29 27 49 24 28 32
internal_value=-0.00599583 -0.00982695 0.0129412 -0.00426621 0.00505618 -0.012069 -0.00406699 0.00639098 -0.000877193 -0.0255869 -0.0136986 -0.0306818 -0.0360294 0.00364238 0.00826772 0.0175676 -0.0203704 0.0142202 -0.025 0.0207317 0.018254 0.0267442 -0.00471698 0.01 -0.0192308 -0.0107143 -0.0126667 -0.0291667 -0.0423077 0.037931
internal_weight=959 799 160 586 267 319 209 133 171 213 146 176 136 151 127 74 108 109 148 82 63 43 53 45 104 56 75 48 104 58
internal_count=959 799 160 586 267 319 209 133 171 213 146 176 136 151 127 74 108 109 148 82 63 43 53 45 104 56 75 48 104 58
cat_boundaries=0 1
cat_threshold=536870976
is_linear=0
shrinkage=0.1


Tree=6
num_leaves=31
num_cat=3
split_feature=3 5 1 1 35 4 1 17 1 31 11 4 10 17 2 2 11 11 25 2 32 29 7 17 0 38 38 26 0 4
split_gain=7.06333 5.57335 4.41668 4.17189 6.91545 4.05791 3.54763 3.54323 3.25865 2.6723 2.83662 2.31507 2.56039 1.97659 2.17421 1.84702 1.742 2.99833 1.59172 1.4567 1.28587 1.27639 1.22928 1.1347 0.902278 0.834253 0.937279 0.808833 0.732358 0.722961
threshold=0 -7.7499999999999991 2027.5000000000002 1399.0000000000002 187.00000000000003 3.5000000000000004 345.00000000000006 261.50000000000006 2542.0000000000005 5.8715965101010781 0.077131322900181723 1.5000000000000002 1 59.000000000000007 0.15643825301204822 0.046693313953488379 0.19889241908036473 0.19150266470612293 0.19594784861455286 0.063413742690058492 2 1.3787534049074017 1.0000000180025095e-35 128.00000000000003 0.14409097374671601 9.4855828577133341 10.803913932778849 -1.0000000180025095e-35 0.16973387280050573 3.5000000000000004
decision_type=9 2 2 2 2 2 2 2 2 2 2 2 9 2 2 2 2 2 2 2 1 2 2 2 2 2 2 2 2 2
left_child=2 3 6 4 5 15 21 11 28 13 -11 -5 18 -3 29 -2 17 -14 25 -17 -7 -1 -23 -6 -24 -13 -27 -21 -9 -15
right_child=1 9 -4 7 23 20 -8 8 -10 10 -12 12 16 14 -16 19 -18 -19 -20 27 -22 22 24 -25 -26 26 -28 -29 -30 -31
leaf_value=-0.21640590000000018 0.005111999999999917 -0.17602494999999996 10.1496051 -0.37207492499999995 0.50632379999999988 0.40550950000000019 -0.43105769999999988 0.018507856249999934 1.8403145500000002 1.0206498375000002 -0.52984437499999992 -0.34536692499999994 -0.10507275000000008 -0.36107662499999993 -0.18109608750000011 -0.42308099999999982 -0.31581925625000018 1.1137529500000001 -0.051604031250000043 -0.14655262499999999 -0.11167724999999998 2.9076688500000003 0.7103832000000001 0.37154429999999988 0.17586145000000003 -0.084680399999999878 -0.22057645625000008 -0.16985295000000011 -0.34988838124999999 -0.50895629999999992
leaf_weight=27 38 24 27 37 26 40 24 27 26 20 33 25 27 76 32 33 52 26 28 26 23 25 22 32 35 25 24 49 22 28
leaf_count=27 38 24 27 37 26 40 24 27 26 20 33 25 27 76 32 33 52 26 28 26 23 25 22 32 35 25 24 49 22 28
internal_value=-0.00641293 -0.0101978 0.0123529 -0.0052901 0.00393258 -0.00454545 0.0056391 -0.0130094 0.006 -0.0241784 -0.00471698 -0.0188525 -0.0147343 -0.030625 -0.0352941 -0.0136986 -0.00217391 0.0103774 -0.025 -0.0203704 0.0166667 0.0133028 0.0195122 0.0344828 0.0114035 -0.0351351 -0.027551 -0.0126667 -0.00918367 -0.0423077
internal_weight=959 799 160 586 267 209 133 319 75 213 53 244 207 160 136 146 105 53 102 108 63 109 82 58 57 74 49 75 49 104
internal_count=959 799 160 586 267 209 133 319 75 213 53 244 207 160 136 146 105 53 102 108 63 109 82 58 57 74 49 75 49 104
cat_boundaries=0 1 4 5
cat_threshold=536870976 16386 109051904 16 2
is_linear=0
shrinkage=0.1


Tree=7
num_leaves=31
num_cat=1
split_feature=35 35 3 17 17 1 17 4 11 17 1 19 31 27 38 29 1 11 31 11 25 34 38 17 35 25 25 1 34 0
split_gain=7.07339 6.21823 6.428 4.85164 5.73477 5.43525 3.19136 2.88934 2.42236 2.97922 2.42164 3.06239 2.37505 2.50181 2.17425 2.41111 2.07758 2.41611 1.78531 1.46049 1.53018 1.33633 1.30994 1.25134 1.17401 1.10362 1.07305 0.98661 0.92185 0.625
threshold=59.000000000000007 550.00000000000011 0 182.50000000000003 199.00000000000003 518.00000000000011 59.000000000000007 1.5000000000000002 0.23092785508688862 71.500000000000014 186.50000000000003 2010.5000000000002 1.8998323645609936 11.622660972451319 7.9611951041008018 1.6733494781628286 2305.0000000000005 0.17300083087616908 5.5070515267762721 0.12269800022596318 0.12521702519823694 1.0000000180025095e-35 10.694009588356826 223.50000000000003 250.50000000000003 0.17311238602602194 0.19133376953111111 712.00000000000011 1.5000000000000002 0.13539510239078142
decision_type=2 2 9 2 2 2 2 2 2 2 2 2 2 2 2 2 2 2 2 2 2 2 2 2 2 2 2 2 2 2
left_child=6 2 3 5 -5 14 27 25 9 29 -8 -12 -11 16 -2 -16 17 -14 -15 -20 -21 -13 -17 -6 -22 28 -18 -1 -4 -9
right_child=1 -3 7 4 23 -7 10 8 -10 12 11 21 13 18 15 22 26 -19 19 20 24 -23 -24 -25 -26 -27 -28 -29 -30 -31
leaf_value=0.92719256625000002 -0.33246731000000002 -0.36718508500000002 -0.012473612500000009 -0.44591939218750021 1.0687825949999998 2.4952432949999999 -0.47685993749999994 -0.3185480125000002 0.1221758846874999 -0.56394765000000024 0.19460079999999991 -0.37643842999999966 0.09917180000000024 -0.15716260375000016 -0.17850765499999996 1.1931606550000002 0.56019383187500016 -0.41457567937500017 -0.37157671249999996 0.94458429999999982 -0.14082827999999994 -0.22470611250000003 0.33438986999999987 -0.028488307812500047 0.093275203124999886 -0.79626750750000042 1.4511714862500003 -0.071638878749999968 -0.26789074500000004 -0.4122526775
leaf_weight=21 41 30 33 36 24 69 67 20 32 24 35 27 31 31 30 38 38 23 24 26 32 32 25 38 23 21 22 22 24 20
leaf_count=21 41 30 33 36 24 69 67 20 32 24 35 27 31 31 30 38 38 23 24 26 32 32 25 38 23 21 22 22 24 20
internal_value=-0.00651721 -0.00205298 -0.000206897 0.0107717 -0.00714286 0.0199507 -0.0230392 -0.00806452 -0.00433526 -0.00700637 -0.0295031 -0.0191489 -0.00328467 -0.0004 0.00820896 0.0166667 0.0105263 -0.0037037 -0.00955882 -0.00333333 0.00308642 -0.0330508 0.0277778 0.0112903 -0.00636364 -0.025641 0.0233333 0.00116279 -0.0184211 -0.0325
internal_weight=959 755 725 301 98 203 204 424 346 314 161 94 274 250 134 93 114 54 136 105 81 59 63 62 55 78 60 43 57 40
internal_count=959 755 725 301 98 203 204 424 346 314 161 94 274 250 134 93 114 54 136 105 81 59 63 62 55 78 60 43 57 40
cat_boundaries=0 1
cat_threshold=570425536
is_linear=0
shrinkage=0.1


Tree=8
num_leaves=31
num_cat=2
split_feature=35 3 18 11 1 17 1 19 17 17 17 26 20 31 3 5 17 22 17 1 34 17 11 2 0 1 1 1 38 38
split_gain=6.20872 5.97541 4.61613 4.6026 3.93224 3.19136 2.42164 3.06239 2.18401 4.31525 3.23192 3.1891 3.41107 1.77878 1.94524 2.15089 2.72418 1.57319 1.40829 1.38846 1.33633 1.32408 1.31866 1.29431 1.27059 1.02507 1.0168 0.98661 0.777286 0.728571
threshold=59.000000000000007 0 12.000000000000002 0.11261703552456977 2027.5000000000002 59.000000000000007 186.50000000000003 2010.5000000000002 85.500000000000014 128.00000000000003 113.50000000000001 -8.4999999999999982 4.5000000000000009 1.8998323645609936 1 -10.499999999999998 251.50000000000003 50.000000000000007 235.00000000000003 2471.5000000000005 1.0000000180025095e-35 220.50000000000003 0.18968924628594794 0.074995559765555636 0.10884435031562299 2325.5000000000005 833.00000000000011 712.00000000000011 10.366540532802192 9.011931445169628
decision_type=2 9 2 2 2 2 2 2 2 2 2 2 2 2 9 2 2 2 2 2 2 2 2 2 2 2 2 2 2 2
left_child=5 4 3 -3 28 27 -7 -8 24 10 -10 -11 21 -14 15 -15 19 18 -16 -17 -9 22 -13 -19 -5 -25 -12 -1 29 -2
right_child=1 2 -4 8 -6 6 7 20 9 11 26 12 13 14 17 16 -18 23 -20 -21 -22 -23 -24 25 -26 -27 -28 -29 -30 -31
leaf_value=0.83447330962499999 0.17223989950000007 0.31449104049999976 -0.357016204 -0.21862430346874995 8.8851202605000008 -0.42917394374999995 0.17514071999999992 -0.33879458699999959 -0.0053163800000001872 -0.40720886325 1.1613263580000002 -0.42059388000000003 -0.28664346859375023 1.7687892699999996 0.060873853624999974 -0.4012609239999998 0.19674257848437515 -0.087313878874999959 -0.10194067637500002 -0.05114494774999985 -0.20223550125000003 -0.034879821031250029 -0.26864740800000003 0.5360198077812498 -0.35233779318750025 1.40302673484375 0.20616709049999998 -0.064474990874999888 -0.0090192244999995463 1.7725088725
leaf_weight=21 21 40 48 34 27 67 35 27 31 23 23 25 23 20 21 45 24 24 23 20 32 30 37 39 30 34 21 22 62 30
leaf_count=21 21 40 48 34 27 67 35 27 31 23 23 25 23 20 21 45 24 24 23 20 32 30 37 39 30 34 21 22 62 30
internal_value=-0.00755996 -0.00337748 -0.0076 -0.00520282 0.0146667 -0.0230392 -0.0295031 -0.0191489 -0.00768501 -0.00529158 0.0166667 -0.00953608 -0.00726027 -0.00164835 0.0008 -0.00882353 -0.0162921 0.00827815 -0.00681818 -0.0269231 -0.0330508 -0.023913 -0.0322581 0.0159794 -0.025 0.0226027 0.0340909 0.00116279 0.00752212 0.0166667
internal_weight=959 755 615 567 140 204 161 94 527 463 75 388 365 273 250 109 89 141 44 65 59 92 62 97 64 73 44 43 113 51
internal_count=959 755 615 567 140 204 161 94 527 463 75 388 365 273 250 109 89 141 44 65 59 92 62 97 64 73 44 43 113 51
cat_boundaries=0 1 3
cat_threshold=536870976 134217856 16
is_linear=0
shrinkage=0.1


Tree=9
num_leaves=31
num_cat=2
split_feature=3 1 18 26 0 1 2 20 26 35 1 34 10 35 38 17 38 4 17 27 2 2 31 2 25 34 26 31 17 38
split_gain=5.17748 5.03586 4.90534 4.71953 3.53555 5.53766 3.41821 3.1194 2.57209 2.62502 2.52382 2.03835 1.96931 1.75052 1.60057 1.13457 1.21019 1.0509 2.11853 1.28711 1.16265 0.975555 1.4492 1.00087 0.967378 0.917783 1.22195 1.08062 0.907422 0.9
threshold=0 2027.5000000000002 12.000000000000002 -11.999999999999998 0.37499999607636414 38.000000000000007 0.13684772970146203 4.5000000000000009 -2.2499999999999996 48.500000000000007 272.50000000000006 1.5000000000000002 1 40.000000000000007 10.439102933577336 148.50000000000003 10.209025679067855 3.5000000000000004 196.50000000000003 9.9571694408174611 0.074603955755530568 0.12806698216235898 5.5070515267762721 0.041885964912280707 0.070228615463652722 1.0000000180025095e-35 -2.7499999999999996 5.7146224926434046 197.50000000000003 9.2064246843132107
decision_type=9 2 2 2 2 2 2 2 2 2 2 2 9 2 2 2 2 2 2 2 2 2 2 2 2 2 2 2 2 2
left_child=1 10 3 6 5 -5 -2 13 15 -10 -1 14 21 -7 28 -9 -17 19 -19 -14 -21 23 -23 -13 -4 27 -27 -15 -11 -30
right_child=2 -3 24 4 -6 7 -8 8 9 11 -12 12 17 25 -16 16 -18 18 -20 20 -22 22 -24 -25 -26 26 -28 -29 29 -31
leaf_value=0.59853581814062518 0.18555038145000005 7.99660823445 -0.32314806447500016 -0.39921643687499997 0.75102597866249998 0.010065948875000076 -0.081108287893750131 -0.29228924711875015 -0.18359689612499999 0.23922643645000044 -0.31642862829999996 -0.31418748211250008 -0.13592574279999994 -0.31355154188124995 -0.056224123731249964 0.12523069417578123 -0.22237631672343758 1.5919103429999997 -0.034973588424999758 -0.13412913635000018 0.48241782700312491 -0.094834623045312497 0.21045656162187509 -0.48734959716718729 -0.42891272297499977 -0.10763904314687506 -0.58116361028124996 0.072340109249999784 -0.062240836182812398 0.69509614322187474
leaf_weight=108 27 27 20 44 35 29 28 26 35 38 25 20 33 34 30 22 23 21 20 22 31 36 26 22 37 25 54 21 20 20
leaf_count=108 27 27 20 44 35 29 28 26 35 38 25 20 33 34 30 22 23 21 20 22 31 36 26 22 37 25 54 21 20 20
internal_value=-0.0061001 0.01 -0.00933251 -0.00727763 -0.00953421 -0.0111963 0.0209091 -0.00871711 -0.00438202 -0.00106952 0.00263158 0.00162242 -0.00367965 -0.0205521 0.012963 -0.021831 -0.0122222 0.00474453 0.0182927 -0.00116279 0.00849057 -0.0131579 -0.00645161 -0.0261905 -0.0377193 -0.0253731 -0.0322785 -0.0154545 0.0205128 0.01
internal_weight=959 160 799 742 687 652 55 608 445 374 133 339 231 163 108 71 45 127 41 86 53 104 62 42 57 134 79 55 78 40
internal_count=959 160 799 742 687 652 55 608 445 374 133 339 231 163 108 71 45 127 41 86 53 104 62 42 57 134 79 55 78 40
cat_boundaries=0 1 4
cat_threshold=536870976 0 379584512 16384
is_linear=0
shrinkage=0.1


Tree=10
num_leaves=31
num_cat=1
split_feature=17 3 17 35 1 17 17 17 5 17 19 2 17 4 35 38 4 0 2 25 25 31 1 17 17 7 17 1 29 20
split_gain=5.32908 5.17254 4.27931 4.06057 3.98466 2.9449 4.10867 4.77616 3.56406 3.87569 3.31666 3.25132 2.76014 2.28134 2.17372 1.7925 1.43138 1.8622 1.39423 1.79966 1.38135 1.33382 1.17761 1.97089 1.65807 1.1542 1.08 0.91034 0.88447 0.812698
threshold=83.500000000000014 0 30.000000000000004 550.00000000000011 2027.5000000000002 128.00000000000003 146.50000000000003 154.50000000000003 -10.499999999999998 193.50000000000003 2011.5000000000002 0.099146622497479492 182.50000000000003 3.5000000000000004 239.50000000000003 8.7601372908219979 1.5000000000000002 0.30379464609914936 0.074995559765555636 0.19772523623330077 0.17104801123667243 5.8001375297955802 226.50000000000003 121.00000000000001 171.50000000000003 1.0000000180025095e-35 237.50000000000003 2038.0000000000002 2.108993716249969 4.5000000000000009
decision_type=2 9 2 2 2 2 2 2 2 2 2 2 2 2 2 2 2 2 2 2 2 2 2 2 2 2 2 2 2 2
left_child=2 4 -1 5 22 10 -7 -8 12 14 11 -3 -9 20 21 29 -11 18 26 25 -12 -10 23 -2 -25 -20 -18 -27 -17 -4
right_child=1 3 15 -5 -6 6 7 8 9 16 13 -13 -14 -15 -16 28 17 -19 19 -21 -22 -23 -24 24 -26 27 -28 -29 -30 -31
leaf_value=0.2001101947149998 2.8821061620359383 -1.590243124991453e-05 -0.68574561592843741 -0.27842331130250003 7.1969474110050005 -0.54103563818749989 0.31763245880499991 1.4518177051132028 -0.26858814072296883 -0.23359089892203128 -0.22209607717289057 0.17088656103578118 -0.071631493157499906 0.76418817373000003 -0.049771332859765677 -0.20810031855250008 -0.0025251516824997822 -0.20013868505109383 0.56747518335812497 -0.29844349589289093 -0.028758466225625237 -0.093716222715000089 -0.21891801547000009 -0.27758879886406246 1.3678939304359383 -0.2343408569422267 -0.35017145063812505 0.20899947329101576 -0.016373780612499722 -0.25024786818749983
leaf_weight=35 20 34 20 25 27 39 24 26 48 48 24 39 37 22 36 31 30 23 27 24 21 22 24 26 37 26 20 44 30 70
leaf_count=35 20 34 20 25 27 39 24 26 48 48 24 39 37 22 36 31 30 23 27 24 21 22 24 26 37 26 20 44 30 70
internal_value=-0.00630865 -0.00265201 -0.0215054 -0.00639445 0.0145833 -0.00488599 -0.00864979 -0.00586207 -0.00839416 -0.0123563 0.00785714 0.0226027 0.0134921 -0.00820896 -0.0283019 -0.0288079 -0.0053719 -0.00154639 0.00204678 0.00785124 -0.0211111 -0.0385714 0.00700935 0.0126506 0.00396825 0.0139175 -0.012 0.00714286 -0.0155738 -0.0377778
internal_weight=959 773 186 639 134 614 474 435 411 348 140 73 63 67 106 151 242 194 171 121 45 70 107 83 63 97 50 70 61 90
internal_count=959 773 186 639 134 614 474 435 411 348 140 73 63 67 106 151 242 194 171 121 45 70 107 83 63 97 50 70 61 90
cat_boundaries=0 1
cat_threshold=536870976
is_linear=0
shrinkage=0.1


Tree=11
num_leaves=31
num_cat=1
split_feature=35 17 3 17 18 35 1 17 2 19 38 17 2 1 29 31 2 17 35 35 25 25 11 34 34 34 35 0 34 27
split_gain=5.0183 3.56817 4.0187 3.57799 3.62393 4.48148 3.56872 3.00089 2.92071 2.87316 2.57313 2.32474 2.56232 2.04123 2.01608 1.87995 1.80392 1.65124 2.19184 1.96323 1.92308 1.57576 1.56385 1.48985 1.46868 1.22911 1.202 1.41324 1.11789 0.805703
threshold=562.50000000000011 83.500000000000014 0 154.50000000000003 21.500000000000004 48.500000000000007 149.00000000000003 30.000000000000004 0.17571130733382392 2010.5000000000002 8.06698322052811 266.50000000000006 0.22611917258413092 2073.0000000000005 2.5083689840881616 6.7733661633996443 0.15294486215538852 213.00000000000003 247.50000000000003 284.50000000000006 0.14140198612232205 0.14224402207234829 0.24852390355654566 1.5000000000000002 1.5000000000000002 1.5000000000000002 302.50000000000006 0.12662294756532669 1.5000000000000002 12.418528670304722
decision_type=2 2 9 2 2 2 2 2 2 2 2 2 2 2 2 2 2 2 2 2 2 2 2 2 2 2 2 2 2 2
left_child=1 7 6 4 5 22 -3 -1 10 25 -9 12 16 -13 29 17 23 18 -5 -20 -19 -15 -4 -11 -12 -8 -25 -28 -18 -7
right_child=-2 2 3 15 -6 14 9 8 -10 11 24 13 -14 21 -16 -17 28 20 19 -21 -22 -23 -24 26 -26 -27 27 -29 -30 -31
leaf_value=0.18009917524349978 -0.25058098017225 -0.48693207436874986 -0.18652498908198051 -0.22210897394871118 -0.25812001397765627 1.748592362232344 0.23271661081867984 -0.25976097865124997 0.016416381301874949 0.011083988677437429 0.012976009950250146 -0.13386536089996889 0.47693586186121095 -0.010677669782773513 1.5496079982683282 -0.49970328425589872 -0.5728832782938359 0.47845743090309001 1.4320060506268444 -0.098726092888906436 -0.4176965998537967 0.49199475295782841 0.01652633115742588 -0.35951598684324992 -0.23864144543878113 0.011517759620281254 -0.16256211683758598 0.053188164559210632 -0.12980946436381266 0.14990668720142183
leaf_weight=35 24 27 20 32 23 58 32 60 21 42 21 23 23 26 32 21 25 26 36 29 26 22 22 26 44 81 20 21 41 20
leaf_count=35 24 27 20 32 23 58 32 60 21 42 21 23 23 26 32 21 25 26 36 29 26 22 22 26 44 81 20 21 41 20
internal_value=-0.0048488 -0.00368984 -0.00066313 0.0071831 0.0174286 0.0230263 -0.00727924 -0.0162983 -0.0226027 -0.00497382 -0.0284 -0.0105948 -0.0161616 0.00492958 0.0336364 -0.00294118 -0.0202857 0.00100671 -0.00670103 0.00384615 0.0153846 0.0166667 -0.0047619 -0.0123853 -0.0146154 0.00840708 -0.0216418 -0.0109756 -0.0333333 0.0423077
internal_weight=959 935 754 345 175 152 409 181 146 382 125 269 198 71 110 170 175 149 97 65 52 48 42 109 65 113 67 41 66 78
internal_count=959 935 754 345 175 152 409 181 146 382 125 269 198 71 110 170 175 149 97 65 52 48 42 109 65 113 67 41 66 78
cat_boundaries=0 2
cat_threshold=142614656 52
is_linear=0
shrinkage=0.1


Tree=12
num_leaves=31
num_cat=1
split_feature=35 3 1 29 20 34 27 1 26 1 35 17 25 25 11 2 1 5 31 31 17 34 27 35 2 38 38 38 17 17
split_gain=4.83458 3.88192 4.72468 3.40295 3.29605 3.48578 3.25179 3.00836 2.87924 2.14182 2.01141 2.62185 2.49758 2.00893 2.51488 1.90975 1.85464 1.64819 1.64024 1.53231 1.53014 1.85892 1.49113 1.20554 1.12009 0.979426 0.907407 0.844511 1.25704 0.543099
threshold=562.50000000000011 0 368.50000000000006 2.3969853544398778 4.5000000000000009 1.5000000000000002 12.07294203622566 1334.0000000000002 -5.7499999999999991 272.50000000000006 143.50000000000003 123.50000000000001 0.12876321530458132 0.044155844155844164 0.087715846994535537 0.074603955755530568 2271.5000000000005 -8.4999999999999982 3.0624549211381127 4.5871059695959921 154.50000000000003 2.5000000000000004 9.9571694408174611 69.000000000000014 0.14311315924219151 8.6300623863197377 10.583570203398251 9.3653289322246689 171.50000000000003 203.50000000000003
decision_type=2 9 2 2 2 2 2 2 2 2 2 2 2 2 2 2 2 2 2 2 2 2 2 2 2 2 2 2 2 2
left_child=1 7 3 29 8 6 17 9 -4 27 18 -12 20 -5 -15 -14 -9 -6 -7 22 -13 -22 -17 -20 -8 -10 -27 -1 -29 -3
right_child=-2 2 4 13 5 10 24 16 25 -11 11 12 15 14 -16 19 -18 -19 23 -21 21 -23 -24 -25 -26 26 -28 28 -30 -31
leaf_value=2.9771073264696097 -0.225522882155025 -0.14828723379198472 0.01955373231350617 0.19521840604019994 0.046850361211811992 0.1820567138810251 0.13789099443058817 4.8473934336812663 -0.55375687803208018 -0.23378488078612503 -0.28247590561424679 0.89283442893408105 -0.38488409004228424 -0.54630037179194157 -0.024180065975169997 -0.14196068149684704 0.41949443871444797 0.4137067331962655 -0.089058248104653084 -0.12047882480997192 -0.11365999199137189 0.40845965246321508 0.11310662129551119 0.31801118859512184 -0.079112314395402283 -0.064584901520346974 -0.11670731918301165 -0.232308012579891 0.67187348202965969 -0.21803687351181253
leaf_weight=28 24 53 31 36 42 21 32 32 38 25 39 21 23 20 28 20 23 51 42 43 20 33 22 33 25 27 27 41 39 20
leaf_count=28 24 53 31 36 42 21 32 32 38 25 39 21 23 20 28 20 23 51 42 43 20 33 22 33 25 27 27 41 39 20
internal_value=-0.005683 -0.00454545 -0.00772787 -0.0232484 -0.00372881 0.000107066 0.0126667 0.00808081 -0.0182927 0.00037594 -0.00583596 -0.011086 -0.00604396 -0.00952381 -0.0229167 -0.0157407 0.0281818 0.0241935 0.00625 -0.00882353 0.00810811 -0.000943396 0.0047619 -0.000666667 -0.00614035 -0.0271739 -0.0185185 0.00648148 0.00125 -0.0390411
internal_weight=959 935 747 157 590 467 150 188 123 133 317 221 182 84 48 108 55 93 96 85 74 53 42 75 57 92 54 108 80 73
internal_count=959 935 747 157 590 467 150 188 123 133 317 221 182 84 48 108 55 93 96 85 74 53 42 75 57 92 54 108 80 73
cat_boundaries=0 1
cat_threshold=536870992
is_linear=0
shrinkage=0.1


Tree=13
num_leaves=31
num_cat=2
split_feature=3 20 19 26 17 17 17 17 7 2 0 8 27 5 17 11 5 35 34 34 22 38 7 38 25 34 2 1 11 25
split_gain=5.54276 3.36978 2.96122 2.53632 2.39785 4.40375 3.3651 3.75864 3.1577 3.41127 3.29584 2.2289 2.05165 1.82681 1.77867 2.025 1.89569 1.38544 1.15714 1.12323 1.06112 1.04287 0.908602 0.764349 0.699838 0.745242 0.700896 0.692106 0.653333 0.65273
threshold=0 7.5000000000000009 2009.5000000000002 -11.999999999999998 82.500000000000014 31.500000000000004 181.50000000000003 168.50000000000003 1.0000000180025095e-35 0.1591095059394487 0.12662294756532669 1 9.8792883895715971 -9.4999999999999982 302.50000000000006 0.19915492793593992 -7.7499999999999991 300.50000000000006 1.5000000000000002 2.5000000000000004 50.000000000000007 8.0264960851305762 1.0000000180025095e-35 7.92512869071279 0.19133376953111111 1.5000000000000002 0.072916666666666671 489.50000000000006 0.16872270235108264 0.1354542779962021
decision_type=9 2 2 2 2 2 2 2 2 2 2 1 2 2 2 2 2 2 2 2 2 2 2 2 2 2 2 2 2 2
left_child=1 3 11 -1 5 -4 7 8 9 10 -6 -2 -3 -14 16 -16 19 -18 -15 22 -5 -7 -8 -10 25 -25 -27 -23 -9 -21
right_child=2 12 4 20 6 21 14 28 23 -11 -12 -13 13 18 15 -17 17 -19 -20 29 -22 27 -24 24 -26 26 -28 -29 -30 -31
leaf_value=-0.026907922253163366 -0.42341014355267642 -0.02659593014793913 0.098946126089305961 -0.10172265292987089 -0.06986518551059398 -0.25440639270751259 -0.1385448675377676 1.9976060589634519 0.080330928522786144 5.9176540903131398 0.88942806454067314 -0.35937455112153149 1.254584643367139 0.049025433195057214 -0.22000970683099635 2.1013684753060797 0.38589457075108718 -0.22644395549400703 -0.30081785518943094 0.093615246664698226 -0.22245500515699687 -0.49509722671724332 -0.12778069358809727 -0.14168971423487528 -0.27411438078111294 -0.36150962778235185 0.14924067851428396 -0.1736348041497017 0.2855139486686385 -0.16308367963782722
leaf_weight=30 31 37 26 28 27 24 31 30 26 24 31 26 23 35 20 20 30 26 35 29 115 23 62 24 22 21 22 24 20 37
leaf_count=30 31 37 26 28 27 24 31 30 26 24 31 26 23 35 20 20 30 26 35 29 115 23 62 24 22 21 22 24 20 37
internal_value=-0.00901981 -0.0199681 -0.0036036 -0.0297688 -0.00158598 -0.0159794 0.00119522 0.00951417 0.00329949 0.0182927 0.00517241 -0.0254386 -0.00846154 -0.000537634 -0.00686275 0.0125 -0.0104651 0.00535714 -0.00857143 -0.0160377 -0.0353147 -0.0288732 -0.0231183 -0.0073913 -0.0117978 -0.00671642 0.00116279 -0.0202128 0.034 -0.00606061
internal_weight=959 303 656 173 599 97 502 247 197 82 58 57 130 93 255 40 215 56 70 159 143 71 93 115 89 67 43 47 50 66
internal_count=959 303 656 173 599 97 502 247 197 82 58 57 130 93 255 40 215 56 70 159 143 71 93 115 89 67 43 47 50 66
cat_boundaries=0 2 3
cat_threshold=33579024 16 2
is_linear=0
shrinkage=0.1


Tree=14
num_leaves=31
num_cat=3
split_feature=3 1 31 17 20 11 17 21 11 10 11 2 29 38 29 29 1 35 20 17 17 0 2 27 34 25 29 17 5 22
split_gain=6.41094 3.75373 2.30391 1.98008 1.86029 2.07752 1.84318 1.829 1.62934 1.57895 1.51423 2.2605 2.06592 1.75123 1.55648 1.42096 1.875 1.39716 1.3172 1.19011 1.14181 1.79919 1.00771 0.900067 1.20333 0.857143 0.841224 0.685714 0.658471 0.634041
threshold=0 2266.5000000000005 3.0624549211381127 181.50000000000003 8.5000000000000018 0.20256071169588122 196.50000000000003 1 0.087305590584279127 2 0.11086707410236823 0.14863547758284604 2.2240815485864247 9.3919112996356713 2.5184944826944267 1.7378276462900828 2073.0000000000005 236.00000000000003 11.500000000000002 266.50000000000006 224.50000000000003 0.12662294756532669 0.18869053555400422 10.640532694822353 1.5000000000000002 0.044155844155844164 2.5340273924818715 128.00000000000003 -8.4999999999999982 50.000000000000007
decision_type=9 2 2 2 2 2 2 9 2 9 2 2 2 2 2 2 2 2 2 2 2 2 2 2 2 2 2 2 2 2
left_child=2 7 6 17 10 15 28 8 -2 22 25 12 13 -12 -13 -6 -17 -3 26 -5 21 -10 23 24 -9 -4 29 -14 -1 -11
right_child=1 3 4 19 5 -7 -8 9 20 18 11 14 27 -15 -16 16 -18 -19 -20 -21 -22 -23 -24 -25 -26 -27 -28 -29 -30 -31
leaf_value=-0.11121300989708659 0.40492552793034875 5.3258886812818265 -0.26157857872446011 -0.16290282936604364 0.20074313531099222 -0.27653052125750505 -0.00058987058858361863 0.055312643612071888 0.15238693839351891 0.060317106974367186 0.024417326033173838 -0.30832404383857381 0.13288358512406848 -0.2531001537566086 -0.18072509342382281 0.70507402382596451 -0.31904776669413482 0.022121994096169752 -0.16573780548003267 1.9230581015233612 -0.12904180555536371 -0.25563266548974189 -0.13924540732625834 0.065728007720798232 -0.50724021262704311 -0.28452747491650054 -0.080775796525922247 -0.027345051079363095 -0.21203946604291277 1.8621158630414876
leaf_weight=53 29 27 21 30 34 35 27 20 25 55 20 30 21 42 24 40 20 21 22 26 23 48 22 65 30 21 20 35 47 26
leaf_count=53 29 27 21 30 34 35 27 20 25 55 20 30 21 42 24 40 20 21 22 26 23 48 22 65 30 21 20 35 47 26
internal_value=-0.00870699 -0.000501002 -0.016875 0.0163462 -0.0129738 -0.00348837 -0.0287402 -0.00506494 -0.0144444 0 -0.0186916 -0.0145349 -0.00677966 -0.0193548 -0.0314815 0.00425532 -0.005 0.03125 0.00789474 0.00357143 -0.021875 -0.0157534 -0.00714286 -0.00391304 -0.014 -0.0357143 0.0133663 0.00714286 -0.035 0.0179012
internal_weight=959 489 470 104 343 129 127 385 125 260 214 172 118 62 54 94 60 48 123 56 96 73 137 115 50 42 101 56 100 81
internal_count=959 489 470 104 343 129 127 385 125 260 214 172 118 62 54 94 60 48 123 56 96 73 137 115 50 42 101 56 100 81
cat_boundaries=0 2 4 7
cat_threshold=33579152 18 34464 16384 134217728 8388608 16400
is_linear=0
shrinkage=0.1


Tree=15
num_leaves=31
num_cat=2
split_feature=3 17 1 20 1 1 35 38 29 18 0 25 17 3 29 4 29 29 29 25 17 0 7 17 26 25 17 1 29 1
split_gain=5.65797 4.5084 3.18073 2.98914 2.87066 6.61681 2.01197 1.98705 1.90446 1.94248 2.97551 1.95719 1.86803 1.70342 1.46844 1.16151 1.08849 2.14056 1.0806 1.04832 1.26983 0.996552 1.09624 0.866332 0.838725 0.977082 1.29274 0.827674 0.751111 0.565245
threshold=0 82.500000000000014 2027.5000000000002 1.5000000000000002 607.00000000000011 1231.5000000000002 189.50000000000003 9.0363982102365252 2.1144450119190767 12.000000000000002 0.58220001460305648 0.080625000000000016 222.50000000000003 1 1.7378276462900828 2.5000000000000004 2.0649571941103395 1.3787534049074017 2.3158622396046691 0.16274951095963439 119.50000000000001 0.14409097374671601 1.0000000180025095e-35 189.50000000000003 -3.7499999999999996 0.19649268897632685 199.00000000000003 2403.5000000000005 2.2240815485864247 425.50000000000006
decision_type=9 2 2 2 2 2 2 2 2 2 2 2 2 9 2 2 2 2 2 2 2 2 2 2 2 2 2 2 2 2
left_child=1 7 15 -2 8 12 -4 -1 23 10 11 -10 19 14 -7 16 17 -3 -16 20 -6 22 -17 29 -15 26 28 -8 -26 -5
right_child=3 2 6 4 5 13 27 -9 9 -11 -12 -13 -14 24 18 21 -18 -19 -20 -21 -22 -23 -24 -25 25 -27 -28 -29 -30 -31
leaf_value=-0.23878725498525988 -0.41705275998244606 -0.20939192372219032 5.0421484705843902 -0.1000917089073779 0.0071553228804342346 0.068172485951042999 -0.007196395899335517 -0.013158661632987423 -0.18996679226305596 -0.26469323833610708 1.0680189755536262 -0.00053088352972530117 -0.12172783054958458 -0.32459950055701942 -0.38645664081241499 -0.44312434372552723 -0.021078327720130831 0.78046342543731417 -0.096955560330296647 -0.1010196276820178 1.1090518654993258 0.11148640098905989 -0.07043471366464793 -0.11348799124982732 -0.12738202137430096 -0.22009876578629506 0.014816888210931189 0.5299253056747627 -0.3574674561787205 -0.068542199641945439
leaf_weight=31 41 24 27 43 39 41 26 28 33 47 28 37 21 21 20 26 43 29 39 20 55 40 32 20 25 32 20 31 20 20
leaf_count=31 41 24 27 43 39 41 26 28 33 47 28 37 21 21 20 26 43 29 39 20 55 40 32 20 25 32 20 31 20 20
internal_value=-0.00839416 0.00216138 0.00755396 -0.0139241 -0.0123064 -0.00665722 0.0238095 -0.0228814 -0.0210526 -0.0141379 -0.00612245 -0.0171429 0.0107407 -0.0174312 -0.00545455 0.000515464 0.00833333 0.0179245 -0.0161017 0.0157895 0.0202128 -0.00714286 -0.0155172 -0.0331325 -0.025 -0.0231959 -0.0161538 0.0131579 -0.0255556 -0.0388889
internal_weight=959 337 278 622 581 353 84 59 228 145 98 70 135 218 100 194 96 53 59 114 94 98 58 83 118 97 65 57 45 63
internal_count=959 337 278 622 581 353 84 59 228 145 98 70 135 218 100 194 96 53 59 114 94 98 58 83 118 97 65 57 45 63
cat_boundaries=0 2 4
cat_threshold=545259584 4 134217728 18
is_linear=0
shrinkage=0.1


Tree=16
num_leaves=31
num_cat=2
split_feature=3 27 18 21 35 17 35 22 17 17 1 35 25 17 2 1 27 17 7 20 17 7 19 17 38 31 18 1 17 2
split_gain=3.81784 3.35161 3.23706 2.93111 2.8315 2.51837 4.92157 1.87996 2.04607 1.78352 1.69647 1.67106 1.73986 1.67056 1.56537 1.38857 1.35219 2.70754 1.32057 1.30815 1.22727 1.21303 0.992363 0.941548 0.967771 0.932401 0.929321 0.883205 0.733447 0.771429
threshold=0 9.7092450926827425 12.000000000000002 1 20.000000000000004 187.50000000000003 124.50000000000001 35.000000000000007 206.50000000000003 297.00000000000006 1704.0000000000002 146.00000000000003 0.1971609925261204 180.50000000000003 0.11314285714285716 703.00000000000011 12.40107767167161 195.50000000000003 1.0000000180025095e-35 8.5000000000000018 82.500000000000014 1.0000000180025095e-35 2011.5000000000002 208.50000000000003 9.9033375212790045 5.7146224926434046 18.500000000000004 2279.5000000000005 90.500000000000014 0.099146622497479492
decision_type=9 2 2 9 2 2 2 2 2 2 2 2 2 2 2 2 2 2 2 2 2 2 2 2 2 2 2 2 2 2
left_child=4 7 3 11 -1 6 -6 -2 28 10 23 21 16 14 15 -5 18 -18 -13 27 -8 -3 -16 -7 -25 -23 -22 -15 29 -9
right_child=1 2 -4 13 5 9 20 8 -10 -11 -12 12 -14 19 22 -17 17 -19 -20 -21 26 25 -24 24 -26 -27 -28 -29 -30 -31
leaf_value=-0.13552376138926112 -0.040926401027714304 -0.35196067526621377 -0.25559919435101935 -0.10641428613258448 3.3734622479192384 0.40710045194228361 -0.58580092360723268 -0.087837232437523227 -0.029711975930417012 0.095990672275175201 -0.13845222016019898 0.044267981144782365 -0.36641881746459598 -0.11888786474816788 0.261010983523766 0.043074363842719704 0.12164754667479478 -0.25394948729588795 -0.16136375405737288 0.011077154419726299 1.7055021439349247 -0.084863267557443139 0.12763985019190011 -0.076975114789214427 0.014473356310544895 -0.41926189871459113 -0.12300426223764163 -0.12590988612000661 -0.17873381926531673 -0.12572233499640487
leaf_weight=29 26 28 48 35 47 25 21 28 29 23 43 24 20 26 21 25 29 28 34 41 52 26 32 21 31 22 25 24 76 20
leaf_count=29 26 28 48 35 47 25 21 28 29 23 43 24 20 26 21 25 29 28 34 41 52 26 32 21 31 22 25 24 76 20
internal_value=-0.00870699 -0.0130368 -0.0087473 -0.00590361 0.000458716 0.00347222 0.0127586 -0.0248603 -0.029085 -0.00594406 -0.0108333 -0.0138009 -0.00777778 0.00280374 0.0110619 0 -0.00304348 0.00789474 -0.0137931 -0.00714286 0 -0.0263158 0.0235849 -0.00194805 -0.00961538 -0.0166667 0.00584416 -0.018 -0.0346774 -0.025
internal_weight=959 642 463 415 317 288 145 179 153 143 120 211 135 204 113 60 115 57 58 91 98 76 53 77 52 48 77 50 124 48
internal_count=959 642 463 415 317 288 145 179 153 143 120 211 135 204 113 60 115 57 58 91 98 76 53 77 52 48 77 50 124 48
cat_boundaries=0 2 4
cat_threshold=545259584 32 1073775808 20480
is_linear=0
shrinkage=0.1


Tree=17
num_leaves=31
num_cat=4
split_feature=10 2 13 35 3 25 21 38 2 38 1 17 1 17 11 25 11 17 26 38 38 17 19 17 17 11 35 17 38 31
split_gain=2.47193 2.64546 2.80742 2.2438 2.19583 1.86134 1.72024 1.94754 1.54914 1.26106 1.22917 1.15623 1.06074 1.06047 1.90582 1.4321 1.72225 1.04684 1.04641 2.34852 2.01799 1.98101 1.00962 0.966671 1.05567 1.32679 0.782068 1.15366 0.646465 0.861073
threshold=0 0.072916666666666671 1 50.500000000000007 2 0.087257062712883207 3 6.9152064817331755 0.050696506051609962 7.950502372686004 808.00000000000011 70.500000000000014 1231.5000000000002 218.00000000000003 0.19723682418629992 0.10700230002555586 0.1926241552121136 168.50000000000003 -1.0000000180025095e-35 8.186601438738963 9.4783013177072046 257.00000000000006 2011.5000000000002 94.000000000000014 157.50000000000003 0.024319270696855886 256.50000000000006 195.50000000000003 10.964830103457084 5.5198796103628309
decision_type=9 2 1 2 9 2 9 2 2 2 2 2 2 2 2 2 2 2 2 2 2 2 2 2 2 2 2 2 2 2
left_child=3 2 8 11 5 9 28 -8 23 -5 -7 -1 -12 15 -15 -9 17 -17 -6 -20 -21 22 -22 -2 -25 -26 -14 -28 29 -3
right_child=1 6 -4 4 18 10 7 13 -10 -11 12 -13 26 14 -16 16 -18 -19 19 20 21 -23 -24 24 25 -27 27 -29 -30 -31
leaf_value=-0.052460223034377765 -0.13605173530423384 -0.044056208558519216 -0.17741939558181352 -0.2126639950673945 3.5842675431867685 -0.11668719594497433 0.9915110327733947 -0.098810399524102088 -0.23506581276729155 0.40258456282119415 0.010821663594262532 -0.35764890694908369 -0.30862808458178947 -0.11100238312568056 0.093506286950610834 0.10948279200731542 -0.019171134089527177 1.2612195990849395 -0.29883495548972433 0.55625998489036632 -0.056212506396150275 0.90147488625705707 -0.2036930669084093 0.59881065966583868 1.137683608500091 -0.24583797515676267 -0.0027159349065767561 -0.18017132904012564 -0.11070383601387733 0.28889985973236243
leaf_weight=23 35 79 56 27 20 52 34 22 26 38 21 56 20 29 28 27 32 24 32 31 26 20 23 21 23 20 33 28 33 20
leaf_count=23 35 79 56 27 20 52 34 22 26 38 21 56 20 29 28 27 32 24 32 31 26 20 23 21 23 20 33 28 33 20
internal_value=-0.00881126 -0.00375723 -0.0135359 -0.0141304 -0.011186 -0.0172489 0.00152439 0.00728155 -0.0052 -0.00384615 -0.024026 -0.0297468 -0.0176471 0.00308642 -0.00789474 0.00904762 0.0150602 0.0264706 -0.00123457 -0.00454545 0.003 -0.00652174 -0.0173469 0.000505051 0.0078125 -0.00116279 -0.0228395 -0.0172131 -0.00704225 -0.00353535
internal_weight=959 509 181 450 371 219 328 196 125 65 154 79 102 162 57 105 83 51 152 132 100 69 49 99 64 43 81 61 132 99
internal_count=959 509 181 450 371 219 328 196 125 65 154 79 102 162 57 105 83 51 152 132 100 69 49 99 64 43 81 61 132 99
cat_boundaries=0 3 4 6 8
cat_threshold=134234115 335544320 16400 2 33562752 52 1610613760 16384
is_linear=0
shrinkage=0.1


Tree=18
num_leaves=31
num_cat=2
split_feature=17 3 17 38 13 2 17 35 25 11 17 20 25 27 35 27 34 1 2 9 34 34 31 31 17 1 11 17 0 27
split_gain=2.63114 3.93506 3.31139 3.14705 2.50277 2.35635 2.59446 2.23784 2.47913 2.21345 2.522 2.06815 1.89094 1.52964 1.53061 1.42643 1.51636 3.16075 1.92086 1.27773 1.09923 1.08489 1.41573 2.20378 1.59489 1.07323 1.02467 0.885614 0.837603 0.73373
threshold=113.50000000000001 0 30.000000000000004 6.759830948089717 1 0.074603955755530568 187.50000000000003 79.500000000000014 0.16444249341527659 0.11173634213410767 128.00000000000003 8.5000000000000018 0.15883278179515467 12.441602104209334 383.00000000000006 12.208180208010543 1.5000000000000002 193.50000000000003 0.10891005291005292 1.0000000180025095e-35 2.5000000000000004 1.5000000000000002 5.0182718786383855 5.6790452998207206 182.50000000000003 848.50000000000011 0.19150266470612293 191.50000000000003 0.14409097374671601 11.509111604355615
decision_type=2 9 2 2 1 2 2 2 2 2 2 2 2 2 2 2 2 2 2 2 2 2 2 2 2 2 2 2 2 2
left_child=2 4 -1 -4 12 -6 -7 -3 9 -9 -11 -8 21 15 -15 16 18 -18 -5 -10 -12 25 24 -24 -23 -2 -14 -22 -25 -28
right_child=1 7 3 13 5 6 11 8 19 10 20 -13 26 14 -16 -17 17 -19 -20 -21 27 22 23 28 -26 -27 29 -29 -30 -31
leaf_value=0.11266406003928005 -0.37345990791542294 -0.30094144862228245 -0.15664399893769085 -0.072058521169738127 -0.073494510177737213 2.677689268808638 -0.093744189686000123 -0.098954621218230454 -0.28465474297656501 0.38254414033923134 -0.086376396399942129 0.36087976329418758 -0.31154474029051094 -0.13051644863962242 0.15351530184192105 -0.35318332236892175 -0.00073065183275238259 -0.32341045479867081 0.044002516264285065 -0.17376173786559612 0.047727388059751165 1.4511776322390362 -0.27708127016373857 -0.078905408705107413 0.047463348903241359 0.065215368359187217 0.21321672515477116 -0.024323005909879569 0.53892959369925464 -0.090900564664557496
leaf_weight=35 41 48 51 31 25 44 31 23 23 30 65 29 28 28 21 24 32 45 21 38 23 22 22 22 21 24 24 36 31 21
leaf_count=35 41 48 51 31 25 44 31 23 23 30 65 29 28 28 21 24 32 45 21 38 23 22 22 22 21 24 24 36 31 21
internal_value=-0.00797706 -0.00454545 -0.0159722 -0.0199605 0.0021519 0.0135659 0.0201923 -0.0131757 -0.00966387 -0.00367232 0.000649351 0.00666667 -0.00351563 -0.0143564 0.00102041 -0.019281 -0.0151163 -0.024026 -0.00192308 -0.0270492 -0.00564516 0.00191257 0.00762712 -0.000666667 0.022093 -0.00846154 -0.0171233 0.00423729 0.0103774 -0.00777778
internal_weight=959 671 288 253 385 129 104 286 238 177 154 60 256 202 49 153 129 77 52 61 124 183 118 75 43 65 73 59 53 45
internal_count=959 671 288 253 385 129 104 286 238 177 154 60 256 202 49 153 129 77 52 61 124 183 118 75 43 65 73 59 53 45
cat_boundaries=0 2 3
cat_threshold=545275968 38 2
is_linear=0
shrinkage=0.1


Tree=19
num_leaves=31
num_cat=1
split_feature=1 3 35 35 17 20 27 18 0 17 2 17 1 17 31 26 1 27 34 38 2 27 27 25 25 18 31 19 31 17
split_gain=2.45722 1.87107 3.54422 3.25244 4.72107 2.72493 2.10475 2.44554 1.92132 1.66405 1.63279 2.22821 1.83708 1.90956 1.70541 1.80526 1.40881 1.25303 1.26699 0.848242 0.836779 1.19686 1.24616 0.737888 1.09127 0.703247 0.569486 0.859001 0.620205 0.554949
threshold=1.5000000000000002 0 52.000000000000007 124.50000000000001 203.50000000000003 1.5000000000000002 9.7092450926827425 13.500000000000002 0.50982061439855786 206.50000000000003 0.11314285714285716 186.50000000000003 2024.0000000000002 214.50000000000003 4.4802291815035007 -1.2499999999999998 752.50000000000011 10.258279011838882 1.0000000180025095e-35 10.209025679067855 0.06186224489795919 11.604631117970166 12.474315255988985 0.1971609925261204 0.14389017612405922 28.000000000000004 2.5466664679248692 2012.5000000000002 2.9634264783171234 238.50000000000003
decision_type=2 9 2 2 2 2 2 2 2 2 2 2 2 2 2 2 2 2 2 2 2 2 2 2 2 2 2 2 2 2
left_child=-1 2 -2 4 16 -3 9 8 10 26 17 14 13 -13 -12 -16 -4 -8 -19 -14 21 -20 -23 24 29 -9 27 -7 -28 -5
right_child=1 5 3 23 -6 6 7 25 -10 -11 11 12 19 -15 15 -17 -18 18 20 -21 -22 22 -24 -25 -26 -27 28 -29 -30 -31
leaf_value=-0.12019330095212793 -0.10190136450071403 -0.31807180224510434 0.94285739416380077 -0.051824902019843938 -0.090104019709738747 -0.046097410251912233 0.042381852135639164 -0.27824969924720233 1.4758335617881764 0.0022752611796521549 -0.064362276387182865 -0.37630634719326522 0.10590698056634125 -0.087450858679353705 0.0095681767076794891 0.74199280828969982 3.6683329596004217 -0.0084827990021132393 0.020367675845197476 -0.02563197708999514 -0.13125654699987388 -0.45402741972053973 -0.18704376556191687 0.0086312283360806315 -0.17988789773558331 -0.089059159096407381 -0.12227302197424442 -0.24221999492830168 -0.035058027019722007 0.086050891013185554
leaf_weight=30 27 34 21 103 24 42 20 22 26 36 33 22 37 30 38 32 32 37 21 39 26 20 23 30 28 20 22 40 21 23
leaf_count=30 27 34 21 103 24 42 20 22 26 36 33 22 37 30 38 32 32 37 21 39 26 20 23 30 28 20 22 40 21 23
internal_value=-0.00849844 -0.00758881 -0.000671141 0.00287356 0.0201299 -0.0105223 -0.00914333 -0.00560538 -0.00321782 -0.0189441 -0.00502646 0.00021645 -0.00859375 -0.0230769 0.011165 0.02 0.0367925 -0.0132653 -0.0169291 0.00131579 -0.0233333 -0.0171875 -0.0267442 -0.00434783 -0.00714286 -0.0285714 -0.0244 -0.0195122 -0.0337209 -0.0031746
internal_weight=959 929 288 261 77 641 607 446 404 161 378 231 128 52 103 70 53 147 127 76 90 64 43 184 154 42 125 82 43 126
internal_count=959 929 288 261 77 641 607 446 404 161 378 231 128 52 103 70 53 147 127 76 90 64 43 184 154 42 125 82 43 126
cat_boundaries=0 2
cat_threshold=536870976 34
is_linear=0
shrinkage=0.1


Tree=20
num_leaves=31
num_cat=0
split_feature=17 11 7 2 17 25 27 17 1 29 20 35 2 29 35 35 38 29 38 1 25 35 27 38 25 5 29 17 38 31
split_gain=2.8495 2.43103 3.03268 4.46987 3.00281 2.44253 2.22995 2.74194 1.93807 1.65823 1.66197 1.5515 1.48214 1.61201 1.47718 1.44104 1.34143 1.74639 1.37374 1.28561 1.18038 1.06636 1.80923 2.21499 0.903105 0.779924 0.765156 0.750473 0.632318 0.9
threshold=94.000000000000014 0.20484766593653014 1.0000000180025095e-35 0.074603955755530568 187.50000000000003 0.10962380573248409 12.441602104209334 30.000000000000004 703.00000000000011 3.0790823614994904 8.5000000000000018 115.00000000000001 0.18596672334223951 2.370243304748306 350.00000000000006 189.50000000000003 6.759830948089717 1.3635341034689861 7.6525428743466613 2284.0000000000005 0.14526681924563925 250.50000000000003 9.9021471893920712 10.500079563358756 0.12562787751213358 -8.4999999999999982 1.6360755768635309 189.50000000000003 10.334322255399746 4.2660165860928076
decision_type=2 2 2 2 2 2 2 2 2 2 2 2 2 2 2 2 2 2 2 2 2 2 2 2 2 2 2 2 2 2
left_child=6 2 3 5 8 -2 7 -1 -5 10 11 27 13 -3 20 -8 -9 -18 -19 -10 24 26 -23 -24 28 -6 -13 -4 29 -12
right_child=1 12 9 4 25 -7 15 16 19 -11 14 21 -14 -15 -16 -17 17 18 -20 -21 -22 22 23 -25 -26 -27 -28 -29 -30 -31
leaf_value=0.083680869452945936 -0.010394549090482165 -0.28149935411279214 -0.18044267496257416 0.020777190702426829 -0.043113069529492343 -0.20891557422663923 -0.046185702143465339 -0.15420337903523831 2.5280143263269199 -0.15149801670621557 1.000146124624375 -0.12821655937433984 -0.14652518469209302 0.017238472759009672 -0.15091092744574652 0.15830238166900656 0.0014295746988539195 -0.053416211239581957 -0.2411819192957344 0.045424463805987442 0.15012459806337067 -0.13122724822502718 0.20993479939059212 -0.066017143356723554 -0.11178006017530571 0.075482127760425538 0.055471238803533579 -0.062586822112180404 0.91119989398269829 -0.1705343186449767
leaf_weight=31 34 55 34 33 38 24 21 48 35 31 20 23 24 24 26 23 28 20 77 23 28 21 26 31 21 24 68 27 21 20
leaf_count=31 34 55 34 33 38 24 21 48 35 31 20 23 24 24 26 23 28 20 77 23 28 21 26 31 21 24 68 27 21 20
internal_value=-0.00891554 -0.0056962 -0.00328947 0.0063981 0.0153595 -0.0172414 -0.0181452 -0.022549 0.0269231 -0.00843829 -0.00655738 -0.0117391 -0.0199029 -0.0132911 0.00220588 0.00227273 -0.0274566 -0.022 -0.0283505 0.037931 0.00727273 -0.00680473 -0.0153846 -0.00614035 0.00121951 -0.0016129 0.000549451 -0.0254098 0.00737705 0
internal_weight=959 711 608 211 153 58 248 204 91 397 366 230 103 79 136 44 173 125 97 58 110 169 78 57 82 62 91 61 61 40
internal_count=959 711 608 211 153 58 248 204 91 397 366 230 103 79 136 44 173 125 97 58 110 169 78 57 82 62 91 61 61 40
is_linear=0
shrinkage=0.1


Tree=21
num_leaves=31
num_cat=2
split_feature=4 3 18 17 1 11 21 38 17 20 27 27 17 17 38 1 38 25 17 2 25 27 38 38 38 2 26 27 17 0
split_gain=2.6014 2.46303 2.52646 2.17058 2.08925 1.62316 1.51063 1.43802 1.40977 1.67224 1.65089 1.60952 1.23753 1.25733 1.23648 1.18969 1.90124 1.38163 1.19278 1.38073 1.13623 1.09886 1.05083 1.66419 0.981818 0.859524 0.687831 0.614533 0.575858 0.777351
threshold=3.5000000000000004 0 1.0000000180025095e-35 81.500000000000014 1.5000000000000002 0.20484766593653014 1 8.2610094855610274 131.50000000000003 10.500000000000002 8.7138095024422455 12.624228844585057 87.500000000000014 168.50000000000003 8.186601438738963 1900.5000000000002 9.9867933584293684 0.13423720003465306 236.50000000000003 0.14863547758284604 0.19386631086385209 7.5770958304195934 9.2331775628880592 10.366540532802192 9.0595756183965417 0.15367746288798925 -1.2499999999999998 11.717741447543178 229.50000000000003 0.12662294756532669
decision_type=2 9 2 2 2 2 9 2 2 2 2 2 2 2 2 2 2 2 2 2 2 2 2 2 2 2 2 2 2 2
left_child=1 2 -1 25 -3 8 12 20 9 -5 -10 26 -6 -14 -7 18 24 -18 19 22 21 -8 -9 -24 -17 -2 -12 -15 29 -28
right_child=3 4 -4 5 6 14 7 15 10 -11 11 -13 13 27 -16 16 17 -19 -20 -21 -22 -23 23 -25 -26 -27 28 -29 -30 -31
leaf_value=3.3520752940873297 -0.15265273913292426 -0.11353993104518514 -0.034146283349840094 -0.024116738961591722 0.12188227323914061 0.015475243176998665 0.0018841578261389992 -0.0070830008549657821 -0.18476747769247873 2.0297816531952289 -0.003401869645256639 -0.030896209353023354 -0.10896775767322708 -0.045941381239867775 -0.10230808347406289 -0.0040930517274549777 0.0044723620892035409 -0.14744783158306127 0.014341381184577085 -0.30823594278796346 -0.37287099452419153 -0.15440194447061764 -0.18361203868949405 -0.025992685445212872 0.10129432923031736 -0.032075138961782913 0.7322484038528394 0.076616462136501043 0.028604232509294648 0.034519760174778917
leaf_weight=22 28 27 95 20 20 22 20 33 20 26 27 35 28 37 30 20 28 31 25 31 23 95 39 35 24 20 23 20 35 20
leaf_count=22 28 27 95 20 20 22 20 33 20 26 27 35 28 37 30 20 28 31 25 31 23 95 39 35 24 20 23 20 35 20
internal_value=-0.00891554 -0.0124809 0.0011811 -0.00130719 -0.0152015 0.00232558 -0.0140472 -0.0166667 0.00631068 0.0217391 0.001875 0.00571429 -0.00217391 -0.00764706 -0.0134615 -0.012782 -0.00436893 -0.0161017 -0.0180982 -0.0217391 -0.0253623 -0.0213043 -0.0163551 -0.022973 0.0113636 -0.0208333 0.0119048 0.000877193 0.0166667 0.0244186
internal_weight=959 653 117 306 536 258 509 404 206 46 160 140 105 85 52 266 103 59 163 138 138 115 107 74 44 48 105 57 78 43
internal_count=959 653 117 306 536 258 509 404 206 46 160 140 105 85 52 266 103 59 163 138 138 115 107 74 44 48 105 57 78 43
cat_boundaries=0 1 3
cat_threshold=536870976 81952 2048
is_linear=0
shrinkage=0.1


Tree=22
num_leaves=31
num_cat=2
split_feature=3 20 1 17 12 27 17 1 1 38 1 29 38 38 27 1 11 35 31 25 27 29 17 17 20 38 25 17 25 0
split_gain=2.45521 2.26387 2.07284 4.01561 1.96797 1.54797 1.47365 1.41168 1.38627 1.65384 1.93682 1.18629 1.38006 1.30627 1.7556 1.76024 1.26833 1.22542 1.14626 1.0962 1.52466 0.976127 0.928928 1.36895 0.931366 0.877922 1.28929 0.809043 0.755428 0.640244
threshold=0 1.5000000000000002 1282.0000000000002 162.50000000000003 1 13.28692915837753 81.500000000000014 2279.5000000000005 1231.5000000000002 7.7591816093215344 808.00000000000011 2.6782742690554708 7.7591816093215344 10.209025679067855 11.057927736575392 1923.5000000000002 0.18924109134952513 256.50000000000006 5.8253057888897493 0.075134408602150551 12.441602104209334 1.7378276462900828 168.50000000000003 229.50000000000003 5.5000000000000009 7.6631727576775086 0.19649268897632685 207.50000000000003 0.13108459279628379 0.09983509756428384
decision_type=9 2 2 2 9 2 2 2 2 2 2 2 2 2 2 2 2 2 2 2 2 2 2 2 2 2 2 2 2 2
left_child=2 -2 6 -4 5 7 -1 8 9 -3 19 12 -6 14 17 -16 -15 -14 22 -11 -21 -18 24 27 -8 -9 -27 -24 -23 -10
right_child=1 4 3 -5 11 -7 18 25 29 10 -12 -13 13 16 15 -17 21 -19 -20 20 -22 28 23 -25 -26 26 -28 -29 -30 -31
leaf_value=-0.070778571552491704 -0.25799790657053928 -0.0019884532122345978 2.3707008021022715 -0.060664445308349718 -0.21842686941883216 0.072681643698976825 -0.038274697369402859 -0.15973029547323209 -0.24397715163474343 -0.25326501139071977 0.0026450871809882595 0.093855699836445983 0.017791016603382736 0.13458744028221512 -0.038017348941379807 0.31583323914938577 -0.003061682680730904 -0.16456088874122818 -0.028842774296068897 -0.15777650926335299 -0.049563247069083438 -0.072289486396874381 0.37384212172617381 -0.096401873460372087 0.10401275610284935 -0.090849243103645269 0.89053196679589353 0.20816273809947461 -0.19707362539786413 -0.29443765020922491
leaf_weight=31 35 58 35 23 33 28 26 21 20 20 20 65 37 28 22 21 27 21 63 64 29 27 33 24 32 24 21 21 29 21
leaf_count=31 35 58 35 23 33 28 26 21 20 20 20 65 37 28 22 21 27 21 63 64 29 27 33 24 32 24 21 21 29 21
internal_value=-0.00755996 -0.010793 0.00033557 0.0172414 -0.00959119 -0.014881 -0.00391304 -0.0174497 -0.0211207 -0.0175393 -0.0236842 -0.0034375 -0.00673469 -0.00377358 0.00445545 0.0197674 -0.0112613 -0.00689655 -0.000753769 -0.0287611 -0.0241935 -0.0174699 0.00441176 0.0115385 -0.00517241 -0.00454545 0.00333333 0.0203704 -0.025 -0.0378049
internal_weight=959 671 288 58 636 326 230 298 232 191 133 310 245 212 101 43 111 58 199 113 93 83 136 78 58 66 45 54 56 41
internal_count=959 671 288 58 636 326 230 298 232 191 133 310 245 212 101 43 111 58 199 113 93 83 136 78 58 66 45 54 56 41
cat_boundaries=0 2 4
cat_threshold=536887360 32 2097792 256
is_linear=0
shrinkage=0.1


Tree=23
num_leaves=31
num_cat=3
split_feature=11 10 1 38 38 11 34 3 13 2 38 25 4 25 11 0 25 31 35 2 17 11 1 25 38 31 1 29 31 29
split_gain=2.91793 3.13646 2.13641 2.09272 2.23785 1.77225 2.22496 1.76696 3.67089 1.77731 1.60597 1.68339 1.57312 1.4031 1.36895 1.36461 1.24652 1.19796 1.57794 1.44643 1.15077 1.03653 0.963333 0.934385 0.729167 0.655355 0.686813 0.610875 0.66097 0.580762
threshold=0.233043536893208 0 1121.5000000000002 9.6167712756113755 9.011931445169628 0.12406598277608917 1.5000000000000002 1 2 0.1591095059394487 11.483095598309683 0.1908845133490418 3.5000000000000004 0.19386631086385209 0.20012038523274481 0.10884435031562299 0.12542135257974069 1.226707991348315 207.50000000000003 0.11314285714285716 193.50000000000003 0.19200716366615839 38.000000000000007 0.1122370128449998 10.880976492781002 4.8360737696580243 354.00000000000006 2.1180594854906523 5.7709233378219738 2.4815621557126026
decision_type=2 9 2 2 2 2 2 9 1 2 2 2 2 2 2 2 2 2 2 2 2 2 2 2 2 2 2 2 2 2
left_child=1 3 22 4 13 -5 -7 8 9 27 11 12 15 17 -13 20 23 -1 19 -19 -9 25 -2 -14 -8 -17 -27 28 -3 -4
right_child=2 7 29 5 -6 6 24 10 -10 -11 -12 14 16 -15 -16 21 -18 18 -20 -21 -22 -23 -24 -25 -26 26 -28 -29 -30 -31
leaf_value=0.1346266810482197 -0.21517178579418622 0.33645790955355609 -0.19856074669071042 -0.18745163554530581 0.47513834044153697 -0.16022567700648374 0.06089808506461445 -0.041659144561319916 2.3353277310891478 -0.36977122487152769 0.035157036127138407 -0.20627630193386115 -0.048626725519674355 -0.29010816516318949 -0.057513831149548361 -0.21684884807035668 -0.03835952966396361 -0.057841049728886776 1.0446546018335359 0.013245479396574035 0.37608994315941868 -0.013183078768824075 0.0031896655717754464 0.64115900202054998 -0.012247458220819763 -0.16101960122707012 -0.098561961269414244 0.5854597509954822 -0.10088775119957423 -0.25205239223683951
leaf_weight=21 20 33 38 31 32 35 28 48 20 25 37 54 43 22 24 33 38 28 27 28 26 26 30 20 20 26 65 29 32 20
leaf_count=21 20 33 38 31 32 35 28 48 20 25 37 54 43 22 24 33 38 28 27 28 26 26 30 20 20 26 65 29 32 20
internal_value=-0.00766423 -0.00569918 -0.0231481 0.00319149 0.0107595 -0.00701754 0.00060241 -0.00976231 0.00033557 -0.00630252 -0.0128889 -0.0150124 -0.0118462 0.0047619 -0.0282051 -0.0165179 -0.00148515 0.00961538 0.00421687 -0.00535714 -0.00540541 -0.022 -0.008 0.00714286 0.0145833 -0.0258065 -0.0214286 0 -0.00538462 -0.0362069
internal_weight=959 851 108 272 158 114 83 579 139 119 440 403 325 126 78 224 101 104 83 56 74 150 50 63 48 124 91 94 65 58
internal_count=959 851 108 272 158 114 83 579 139 119 440 403 325 126 78 224 101 104 83 56 74 150 50 63 48 124 91 94 65 58
cat_boundaries=0 3 4 5
cat_threshold=9217 123731968 2048 536936528 2
is_linear=0
shrinkage=0.1


Tree=24
num_leaves=31
num_cat=3
split_feature=3 17 35 5 4 11 3 5 17 11 38 2 31 0 27 31 26 17 17 17 13 18 0 38 0 27 35 17 17 11
split_gain=2.17999 3.51776 1.462 1.54484 1.67992 2.01953 3.40912 1.68633 3.61782 1.08873 1.08709 2.67265 1.81047 1.43601 1.32265 1.18938 1.07644 1.81459 1.32307 2.23072 1.31066 1.33789 1.45922 1.30006 1.63043 1.27562 0.896029 1.34216 0.979604 0.880726
threshold=0 214.50000000000003 446.50000000000006 -11.499999999999998 1.5000000000000002 0.25526851647408066 1 -9.4999999999999982 195.50000000000003 0.1926241552121136 11.282598744442222 0.15488234997732658 4.537958668120889 0.072309844804971588 11.777237749426973 6.0047753554673164 -2.2499999999999996 123.50000000000001 190.50000000000003 168.50000000000003 2 1.5000000000000002 0.16125909364361909 9.8604188798210508 0.12662294756532669 11.80640579660608 507.00000000000006 107.50000000000001 186.50000000000003 0.12269800022596318
decision_type=9 2 2 2 2 2 9 2 2 2 2 2 2 2 2 2 2 2 2 2 1 2 2 2 2 2 2 2 2 2
left_child=1 9 3 -2 10 6 7 -6 -9 29 11 12 13 -5 -14 -16 17 -8 19 20 21 -18 -23 -20 -25 -19 -4 -28 -29 -1
right_child=2 -3 26 4 5 -7 16 8 -10 -11 -12 -13 14 -15 15 -17 18 25 23 -21 -22 22 -24 24 -26 -27 27 28 -30 -31
leaf_value=-0.1142416555434414 -0.080498989784664951 0.11691897430325598 -0.195163963263321 0.054283245501135946 -0.0033589609734194781 -0.096804491701075621 -0.10754237039130286 1.7830502389137388 -0.011335712294663125 -0.20106269630607665 0.020695917715437818 -0.35266808685959217 -0.1728284179145641 -0.032677359600666027 0.33983914752877209 -0.11155591737282258 0.083040133298400862 0.11664567586981037 -0.13206612294174178 0.74801978737544772 -0.10477485587947717 0.13871051782342603 -0.2240545604353871 0.67551222233246522 -0.14026278380341636 -0.05767273640634283 0.10620469730972895 -0.046794800838744655 -0.049272847214178489 -0.054375867386899084
leaf_weight=28 39 22 29 30 43 67 24 55 37 36 20 28 28 22 22 37 44 26 39 32 20 28 22 23 27 29 20 22 26 34
leaf_count=28 39 22 29 30 43 67 24 55 37 36 20 28 28 22 22 37 44 26 39 32 20 28 22 23 27 29 20 22 26 34
internal_value=-0.00849844 -0.0207692 -0.00641932 -0.00498652 -0.00391181 -0.000968992 0.00144766 0.0141379 0.0228261 -0.0306122 -0.0120321 -0.0146707 -0.00899281 0.00576923 -0.0178161 -0.00932203 -0.00432099 -0.014557 -0.00106383 0.00479452 -0.00175439 0.00319149 -0.008 -0.0106742 0 -0.00454545 -0.0180412 -0.0117647 -0.0208333 -0.0225806
internal_weight=959 120 839 742 703 516 449 135 92 98 187 167 139 52 87 59 314 79 235 146 114 94 50 89 50 55 97 68 48 62
internal_count=959 120 839 742 703 516 449 135 92 98 187 167 139 52 87 59 314 79 235 146 114 94 50 89 50 55 97 68 48 62
cat_boundaries=0 1 2 3
cat_threshold=90128 41943232 2
is_linear=0
shrinkage=0.1


Tree=25
num_leaves=31
num_cat=1
split_feature=17 3 5 24 35 34 34 17 25 17 5 25 25 11 9 25 17 25 38 29 1 25 27 31 35 38 2 17 35 25
split_gain=3.24891 2.449 3.04201 2.38994 2.47971 2.40449 2.4527 2.02304 1.82471 1.73673 4.88293 1.5921 1.45385 1.40675 1.40511 1.51919 1.37815 1.23943 1.19093 1.01351 0.982177 0.847053 0.741521 0.687276 1.0456 0.875549 0.890476 0.675 0.529412 0.515455
threshold=94.000000000000014 0 -7.7499999999999991 1.0000000180025095e-35 350.00000000000006 1.0000000180025095e-35 3.5000000000000004 128.00000000000003 0.12876321530458132 182.50000000000003 -8.4999999999999982 0.19158794159317832 0.069818218746826463 0.18965151492984947 1.0000000180025095e-35 0.14224402207234829 135.00000000000003 0.088062689274043163 9.7801370496440452 1.6695900619558148 272.50000000000006 0.1747030869244906 12.43497806487275 6.8392847503743939 67.000000000000014 9.824334796267868 0.14655962042244494 121.00000000000001 229.00000000000003 0.10893278301886794
decision_type=2 9 2 2 2 2 2 2 2 2 2 2 2 2 2 2 2 2 2 2 2 2 2 2 2 2 2 2 2 2
left_child=3 9 7 -1 5 -5 19 13 12 10 16 21 -9 -3 -10 -16 -2 -14 -17 -7 27 23 -6 24 -11 -26 -27 -12 -19 -4
right_child=1 2 29 4 22 6 -8 8 14 11 20 -13 17 -15 15 18 -18 28 -20 -21 -22 -23 -24 -25 25 26 -28 -29 -30 -31
leaf_value=0.89820834546783068 0.002603484072987783 1.2133568173239144 -0.18397415804466005 -0.024411235239398546 -0.16706022407700838 -0.16854645052399314 -0.34650789311279689 -0.1659268938623063 -0.16080119545047797 -0.066218556054197825 2.026371062380464 0.039207071526779248 0.72251525476527978 -0.024181221512151296 -0.090921099132706129 -0.10625545266500334 1.63990747283279 -0.045648788709139868 0.078243140141091155 -0.15815132268860368 -0.23770228467221061 -0.29561681585008792 0.11569967208122939 -0.13032538698372206 -0.11741992832045156 0.87693820134623468 0.0064855879479988948 -0.085093047601041152 0.055269905383438768 -0.18534502323257224
leaf_weight=20 27 21 28 39 21 37 37 39 33 35 20 34 23 26 21 28 48 34 24 74 29 22 20 22 46 21 34 40 34 22
leaf_count=20 27 21 28 39 21 37 37 39 33 35 20 34 23 26 21 28 48 34 24 74 29 22 20 22 46 21 34 40 34 22
internal_value=-0.00828989 -0.00485232 -0.0109329 -0.0181452 -0.0210526 -0.0259358 -0.0317568 -0.00724382 -0.0110169 0.000773196 0.00853659 -0.00514019 -0.00307692 0.0117021 -0.0207547 -0.0130137 0.0273333 0.00384615 -0.00384615 -0.0391892 -0.00730337 -0.00888889 0.00121951 -0.00632911 -0.00367647 0.00148515 0.01 0 -0.00294118 -0.034
internal_weight=959 711 333 248 228 187 148 283 236 378 164 214 130 47 106 73 75 91 52 111 89 180 41 158 136 101 55 60 68 50
internal_count=959 711 333 248 228 187 148 283 236 378 164 214 130 47 106 73 75 91 52 111 89 180 41 158 136 101 55 60 68 50
cat_boundaries=0 2
cat_threshold=545275984 34
is_linear=0
shrinkage=0.1


Tree=26
num_leaves=31
num_cat=1
split_feature=17 3 1 17 5 38 35 17 27 17 2 2 11 25 29 35 17 25 17 35 17 17 20 38 4 2 2 17 17 2
split_gain=3.40658 2.5955 2.78348 3.24769 2.53453 2.4006 2.05807 1.81898 1.81683 1.72188 1.67769 1.52136 1.48834 1.53064 1.39471 1.58671 2.02399 1.37537 1.83368 1.18587 1.17922 1.52642 1.16544 1.16364 0.988074 0.799526 0.72803 0.7139 0.673247 0.614159
threshold=94.000000000000014 0 2027.5000000000002 187.50000000000003 -1.0000000180025095e-35 7.950502372686004 267.50000000000006 278.00000000000006 11.191239239234353 238.50000000000003 0.037855266300453792 0.074603955755530568 0.20256071169588122 0.19649268897632685 1.7621556838519778 172.00000000000003 128.00000000000003 0.19272678332287788 220.50000000000003 187.00000000000003 168.50000000000003 208.50000000000003 8.5000000000000018 10.544180365552501 3.5000000000000004 0.10891005291005292 0.059141494435612091 117.50000000000001 238.50000000000003 0.039888682745825611
decision_type=2 9 2 2 2 2 2 2 2 2 2 2 2 2 2 2 2 2 2 2 2 2 2 2 2 2 2 2 2 2
left_child=5 2 7 -4 11 10 8 20 -7 -5 -1 17 14 -14 19 -16 -17 18 22 -13 27 25 29 26 -21 -22 -10 -2 -23 -3
right_child=1 4 3 9 -6 6 -8 -9 23 -11 -12 12 13 -15 15 16 -18 -19 -20 24 21 28 -24 -25 -26 -27 -28 -29 -30 -31
leaf_value=-0.17364332472269783 0.020991646555602018 -0.14472107590543012 1.9206345527830053 -0.065950156434792809 -0.19128703767010125 0.026014873550395202 0.084014260370633143 -0.17788896344581062 -0.2748542668354686 0.4887680319188844 -0.15819729071876526 0.06227130240853862 -0.0011940373965460438 -0.2115604036566508 -0.23836107140710003 0.47794016483226687 -0.036725482813414347 -0.15896996702943761 0.26888604473095162 -0.051851742406177161 0.57695258921072679 -0.10095989003960444 -0.049423747934138618 -0.048734512725615714 0.013002070266562705 0.40910693216662042 -0.11380554198716282 -0.41218926182368493 0.042893120850850688 -0.16765784535668377
leaf_weight=27 37 25 29 25 30 29 35 26 20 23 93 35 23 20 27 24 92 20 26 35 20 28 25 20 31 31 24 35 22 22
leaf_count=27 37 25 29 25 30 29 35 26 20 23 93 35 23 20 27 24 92 20 26 35 20 28 25 20 31 31 24 35 22 22
internal_value=-0.00724713 -0.00372714 0.00384615 0.0201299 -0.00842697 -0.0173387 -0.0078125 -0.00226131 -0.0155914 0.00416667 -0.0275 -0.00654321 -0.00261324 -0.0197674 0.000409836 -0.00594406 -0.000862069 -0.0161017 -0.0112245 0.00940594 0.00144509 0.00841584 -0.0194444 -0.025 0.00151515 0.0205882 -0.0340909 -0.00833333 -0.004 -0.0287234
internal_weight=959 711 276 77 435 248 128 199 93 48 120 405 287 43 244 143 116 118 98 101 173 101 72 64 66 51 44 72 50 47
internal_count=959 711 276 77 435 248 128 199 93 48 120 405 287 43 244 143 116 118 98 101 173 101 72 64 66 51 44 72 50 47
cat_boundaries=0 2
cat_threshold=545259584 32
is_linear=0
shrinkage=0.1


Tree=27
num_leaves=31
num_cat=2
split_feature=17 3 17 26 38 11 1 17 35 27 2 29 3 4 34 34 1 35 0 17 17 29 17 31 29 29 22 25 29 20
split_gain=2.70116 2.10125 3.36047 2.05714 1.84005 1.79513 2.2736 3.01659 1.91387 1.75001 1.68524 1.79119 1.54181 1.5141 1.37192 2.23121 1.2414 1.17639 1.04871 0.984706 1.06472 0.966747 1.25552 1.05986 0.946844 0.832242 1.10455 0.810193 0.734405 0.513124
threshold=94.000000000000014 0 154.50000000000003 -1.0000000180025095e-35 10.456970180188717 0.18867531610256735 703.00000000000011 182.50000000000003 69.000000000000014 10.46415444426553 0.1591095059394487 4.3800461550478991 1 2.5000000000000004 3.5000000000000004 1.0000000180025095e-35 2605.5000000000005 243.00000000000003 0.09983509756428384 121.00000000000001 200.50000000000003 2.0547479329947227 173.50000000000003 4.6615702534553796 1.2781483229373369 2.3479120437947238 50.000000000000007 0.12793614972245301 1.6639189236538476 7.5000000000000009
decision_type=2 9 2 2 2 2 2 2 2 2 2 2 9 2 2 2 2 2 2 2 2 2 2 2 2 2 2 2 2 2
left_child=4 2 3 -2 10 6 8 -8 -3 -4 11 14 17 -11 15 -1 21 -7 -17 -10 24 22 -14 -24 -21 26 -26 -23 -19 -22
right_child=1 5 9 -5 -6 12 7 -9 19 13 -12 -13 16 -15 -16 18 -18 28 -20 20 29 27 23 -25 25 -27 -28 -29 -30 -31
leaf_value=-0.019436693868501997 1.9446890247524551 -0.15813211024331442 -0.38990405916173343 0.01889248190004178 0.017051768873410023 -0.14307297032649374 1.1615843108984532 -0.05151490393831324 0.0075919599389081775 -0.063642012149210725 -0.18087796712310947 0.059982774279433285 -0.085922496932354792 0.33641398016256796 -0.24359475140299552 -0.11230893558069806 0.0073521640092748981 -0.037046337413461215 -0.14786031401896568 -0.32573080071831645 0.79335242965352426 -0.075886563185786668 0.0019427909731200899 -0.038602462557720776 -0.075643083431685562 -0.056878410586261197 0.020072941502655085 -0.15782396732772846 0.076842560848794872 -0.0034198762232911409
leaf_weight=36 24 23 20 21 32 39 26 34 33 28 32 42 33 23 29 32 26 21 45 29 20 34 35 34 33 29 27 57 41 21
leaf_count=36 24 23 20 21 32 39 26 34 33 28 32 42 33 23 29 32 26 21 45 29 20 34 35 34 33 29 27 57 41 21
internal_value=-0.00714286 -0.00400844 0.00793651 0.03 -0.016129 -0.00636364 -0.000545455 0.0166667 -0.00534884 -0.00492958 -0.0194444 -0.0157609 -0.0115625 0.00490196 -0.0211268 -0.0261062 -0.0159389 -0.00045045 -0.0357143 -0.00208333 -0.00534591 -0.0194301 -0.0127451 -0.00507246 -0.0101695 -0.00505618 0.00166667 -0.0269231 0.00806452 0.00853659
internal_weight=959 711 116 45 248 595 275 60 215 71 216 184 320 51 142 113 219 101 77 192 159 193 102 69 118 89 60 91 62 41
internal_count=959 711 116 45 248 595 275 60 215 71 216 184 320 51 142 113 219 101 77 192 159 193 102 69 118 89 60 91 62 41
cat_boundaries=0 1 3
cat_threshold=8388672 16 6
is_linear=0
shrinkage=0.1


Tree=28
num_leaves=31
num_cat=2
split_feature=17 1 3 17 5 38 38 10 31 2 38 38 17 25 0 20 0 38 2 20 31 17 25 31 2 0 38 20 25 17
split_gain=2.31092 2.03555 2.10288 3.91746 3.375 1.58438 1.56282 1.83995 1.60857 1.48873 1.5017 2.16966 1.48319 1.96695 1.42157 1.31499 1.27671 1.23717 1.19563 0.954141 1.03083 1.34022 0.882883 1.14119 0.729167 0.66 0.601251 0.597931 0.594626 0.93561
threshold=94.000000000000014 25.000000000000004 0 154.50000000000003 -7.7499999999999991 10.456970180188717 5.7037769190697825 1 5.8340055466555851 0.1591095059394487 9.5894007825171084 8.9195817694256672 238.50000000000003 0.14335472956162612 0.09983509756428384 8.5000000000000018 0.58220001460305648 7.6024008371622029 0.18596672334223951 8.5000000000000018 4.5871059695959921 203.50000000000003 0.14627512127512129 6.4089240695552467 0.1591095059394487 0.16125909364361909 9.1044239239152436 4.5000000000000009 0.14140198612232205 222.50000000000003
decision_type=2 2 9 2 2 2 2 9 2 2 2 2 2 2 2 2 2 2 2 2 2 2 2 2 2 2 2 2 2 2
left_child=5 -2 3 4 24 9 -4 8 28 10 11 15 13 -5 -15 16 27 -17 19 20 21 -9 23 26 -3 -14 -21 -1 29 -8
right_child=1 2 6 12 -6 -7 7 18 -10 -11 -12 -13 25 14 -16 17 -18 -19 -20 22 -22 -23 -24 -25 -26 -27 -28 -29 -30 -31
leaf_value=-0.14504809869235827 -0.16217364776191659 0.57241156880691924 -0.15923748576997088 -0.0030778886009620978 0.01685755741731736 0.015346591986069047 0.015933890592107505 0.056207392360148226 -0.024378978335384362 -0.16279017041079855 -0.13311067306194482 0.082442130017194207 0.27281687046193881 -0.085689817412377078 -0.19984284649074216 0.020338652942301329 -0.011341437016821488 -0.14093361577789329 -0.062383815221956684 0.46667236340419938 -0.078608021636665096 -0.24788797906753468 -0.12876567329384445 -0.050534499907173958 1.6401850697751641 -0.039294086019173238 0.015181429691065241 -0.13177864450115645 0.01637855367891854 -0.041744647535919249
leaf_weight=25 26 20 26 89 48 32 31 31 26 32 20 30 30 20 29 24 25 31 32 21 83 21 24 20 28 25 33 29 28 20
leaf_count=25 26 20 26 89 48 32 31 31 26 32 20 30 30 20 29 24 25 31 32 21 83 21 24 20 28 25 33 29 28 20
internal_value=-0.00620438 -0.0033052 -0.00226277 0.0041806 0.0208333 -0.0145161 -0.00689655 -0.00540541 0.00565217 -0.0175926 -0.0141304 -0.0109756 -0.00388601 -0.00942029 -0.0255102 -0.0164179 -0.0246835 -0.00454545 -0.00963636 -0.00751073 -0.012963 -0.00192308 0 0.00540541 0.0395833 0.01 0.012963 -0.0333333 0.0132911 0.00686275
internal_weight=959 711 685 289 96 248 396 370 105 216 184 164 193 138 49 134 79 55 265 233 135 52 98 74 48 55 54 54 79 51
internal_count=959 711 685 289 96 248 396 370 105 216 184 164 193 138 49 134 79 55 265 233 135 52 98 74 48 55 54 54 79 51
cat_boundaries=0 1 3
cat_threshold=545259712 134221824 35651584
is_linear=0
shrinkage=0.1


Tree=29
num_leaves=31
num_cat=2
split_feature=3 22 2 35 2 17 17 35 31 19 0 13 0 2 25 35 25 17 4 11 4 17 1 7 22 27 29 1 26 0
split_gain=2.22653 3.27389 2.22995 1.80064 1.65152 1.51602 4.55659 4.95899 2.06595 2.32113 1.86012 1.80983 2.91845 2.33754 1.47162 1.40485 1.21292 1.17452 1.14564 1.10744 1.02711 0.993736 1.24838 0.92872 0.879058 0.863343 0.857143 0.830246 0.814164 0.812077
threshold=0 50.000000000000007 0.072916666666666671 10.000000000000002 0.015938531877063757 117.50000000000001 186.50000000000003 134.50000000000003 4.3755052910426189 2011.5000000000002 0.10884435031562299 1 0.062963778298895309 0.11314285714285716 0.021164613661814113 129.00000000000003 0.14572649572649576 229.50000000000003 1.5000000000000002 0.19695545898967956 2.5000000000000004 220.50000000000003 2403.5000000000005 1.0000000180025095e-35 50.000000000000007 11.604631117970166 2.1871232236774603 859.50000000000011 -1.0000000180025095e-35 0.12662294756532669
decision_type=9 2 2 2 2 2 2 2 2 2 2 1 2 2 2 2 2 2 2 2 2 2 2 2 2 2 2 2 2 2
left_child=1 -1 3 -2 -5 8 7 -7 9 27 15 12 -9 -13 -6 -8 -14 -12 -3 -19 23 -17 -23 -16 -22 -25 -26 -4 -20 -10
right_child=2 18 5 4 14 6 10 11 29 -11 17 13 16 -15 20 21 -18 19 28 -21 24 22 -24 25 26 -27 -28 -29 -30 -31
leaf_value=0.011605230433050062 0.097826888629390041 -0.18253432972066425 0.0060605612193860743 -0.21725555124098772 -0.12373344535725109 0.65645364637787829 -0.056065788168343289 -0.21437150845915964 0.1119625756034231 -0.25058533880723255 -0.17321689001337864 -0.0041375213556527511 -0.058067991975205582 0.53911666465704833 0.2926637741943578 0.18078760876886302 0.012728716713889355 -0.35774286382789616 -0.0091993881525010753 0.011400549767464874 -0.093433964783138285 -0.044603600783084479 0.5601022272437044 -0.2564810874396663 0.017430156134918651 0.044110206377347132 -0.087582214201066849 -0.065623886074331145 -0.11479855808182995 -0.026482907752572428
leaf_weight=36 21 24 21 29 37 47 33 21 20 24 69 23 33 25 20 37 24 28 22 32 22 27 20 28 21 36 21 29 57 72
leaf_count=36 21 24 21 29 37 47 33 21 20 24 69 23 33 25 20 37 24 28 22 32 22 27 20 28 21 36 21 29 57 72
internal_value=-0.00516163 -0.016443 -0.00301205 -0.0112766 -0.0140187 0.00025641 0.00346062 0.015896 -0.00783133 -0.0202703 -0.00528455 0.00555556 -0.00384615 0.0208333 -0.0105405 0.00384615 0.00789474 -0.0135659 -0.026699 -0.00333333 -0.00608108 0.0107143 0.00106383 0.00119048 -0.015625 -0.0046875 -0.00714286 -0.008 -0.0208861 0.00217391
internal_weight=959 139 820 235 214 585 419 173 166 74 246 126 78 48 185 117 57 129 103 60 148 84 47 84 64 64 42 50 79 92
internal_count=959 139 820 235 214 585 419 173 166 74 246 126 78 48 185 117 57 129 103 60 148 84 47 84 64 64 42 50 79 92
cat_boundaries=0 2 3
cat_threshold=73744 16 2
is_linear=0
shrinkage=0.1


Tree=30
num_leaves=31
num_cat=2
split_feature=3 20 12 17 34 31 27 35 31 1 2 25 1 27 31 25 25 17 38 27 2 17 11 11 11 4 31 27 11 27
split_gain=2.86757 5.07987 1.94274 2.36997 1.49098 1.33581 2.17302 2.75033 3.57068 2.76997 1.83592 1.24223 1.60101 1.21996 1.21879 1.12915 1.0698 1.29147 1.06208 1.04199 1.02724 0.962226 0.95454 0.932789 0.781385 0.778138 0.758827 0.988799 0.965725 0.819314
threshold=0 2.5000000000000004 1 210.00000000000003 1.5000000000000002 5.1140038049352681 10.543152385387865 124.50000000000001 2.3369790515700029 2027.5000000000002 0.022055356796183822 0.075134408602150551 1399.0000000000002 11.457082105685922 1.4984557889505923 0.046164772727272735 0.088062689274043163 123.50000000000001 9.3517519040099373 11.821174431275901 0.12806698216235898 86.500000000000014 0.1926241552121136 0.19200716366615839 0.19758138477476292 3.5000000000000004 5.8253057888897493 13.02141723248384 0.18991596101321792 12.676155121894771
decision_type=9 2 9 2 2 2 2 2 2 2 2 2 2 2 2 2 2 2 2 2 2 2 2 2 2 2 2 2 2 2
left_child=1 -1 11 4 16 6 7 9 -9 14 -7 -3 21 24 -2 -12 -4 -18 -17 -20 -10 -13 -6 -8 -5 -16 -21 29 -29 -28
right_child=5 2 3 13 22 10 23 8 20 -11 15 12 -14 -15 25 18 17 -19 19 26 -22 -23 -24 -25 -26 -27 27 28 -30 -31
leaf_value=-0.10770747147525822 0.037301518877928076 -0.040150907037921818 -0.11013428965927857 0.014551589260472043 -0.011834596448217029 -0.15018635619362009 0.031951195668716091 -0.31498774171905547 1.5586299676639859 0.9416059482396264 0.33238303980748712 0.052016924681398763 -0.046010708301455552 -0.14658216780012623 -0.21007617825224811 -0.34356966594528643 -0.001693741598442422 -0.13144247103298454 -0.42624000744985158 0.21762797068819709 -0.13737243892611481 0.23581971933182225 -0.084029747520221021 0.18769824613793473 0.042322992429939178 0.0023086377342268704 -0.029638000284967526 0.41560010709571504 -0.011643358686824713 -0.072497426075609231
leaf_weight=57 33 28 24 33 73 26 39 26 21 31 20 24 38 35 26 21 23 39 27 38 20 23 52 33 21 23 36 22 25 22
leaf_count=57 33 28 24 33 73 26 39 26 21 31 20 24 38 35 26 21 23 39 27 38 20 23 52 33 21 23 36 22 25 22
internal_value=-0.00578728 -0.01125 -0.00762712 -0.0116129 -0.0177725 -0.000300601 0.0047619 -0.00111111 -0.0171642 0.00840708 -0.0056962 0.00365854 0.01 0.00168539 -0.00121951 -0.00260664 -0.027907 -0.0209677 -0.00497382 -0.00235294 0.00121951 0.0223404 -0.0108 0.0194444 0.0111111 -0.0112245 0.00104895 -0.00333333 0.00744681 -0.012069
internal_weight=959 470 413 300 211 489 252 180 67 113 237 113 85 89 82 211 86 62 191 170 41 47 125 72 54 49 143 105 47 58
internal_count=959 470 413 300 211 489 252 180 67 113 237 113 85 89 82 211 86 62 191 170 41 47 125 72 54 49 143 105 47 58
cat_boundaries=0 2 4
cat_threshold=33579152 18 128 16777216
is_linear=0
shrinkage=0.1


Tree=31
num_leaves=31
num_cat=2
split_feature=3 20 26 5 17 12 25 29 2 11 29 11 11 35 27 29 31 31 7 2 1 1 38 31 17 27 25 17 31 0
split_gain=3.1063 3.21094 2.36455 3.10275 4.53333 2.09397 2.25109 1.45878 1.41874 1.499 1.29446 1.35543 1.36473 1.2899 1.51373 1.90978 1.16916 1.14604 1.43104 1.13869 1.13457 1.03006 1.1237 1.14966 1.03901 0.920981 1.34336 0.894104 0.694444 0.582424
threshold=0 2.5000000000000004 -2.7499999999999996 -8.4999999999999982 190.50000000000003 1 0.075134408602150551 2.1144450119190767 0.074603955755530568 0.21079987577425424 1.247028165086552 0.18284889010189231 0.12406598277608917 550.00000000000011 12.406149417006736 2.0188941599908072 5.8715965101010781 3.6914935462119649 1.0000000180025095e-35 0.13684772970146203 2079.5000000000005 2342.0000000000005 10.374770832429016 4.1808260477041257 197.50000000000003 10.706272260506662 0.14224402207234829 171.50000000000003 5.4481577039641289 0.09983509756428384
decision_type=9 2 2 2 2 9 2 2 2 2 2 2 2 2 2 2 2 2 2 2 2 2 2 2 2 2 2 2 2 2
left_child=2 16 25 4 -4 6 -3 17 20 13 -7 12 28 14 15 -10 29 -5 -19 -17 -8 24 23 -23 -13 -1 -27 -20 -12 -2
right_child=1 5 3 7 -6 10 8 -9 9 -11 11 21 -14 -15 -16 19 -18 18 27 -21 -22 22 -24 -25 -26 26 -28 -29 -30 -31
leaf_value=-0.16775696049674924 -0.054399647446482291 -0.099120860693350743 0.66536452534844492 -0.21677398807264547 -0.15583700685871663 -0.09026279244818794 -0.049533884556049346 0.038991269567882639 0.017887873339622828 -0.090533703180614739 0.087683729754716389 -0.0015243674385981621 0.4666018040873402 -0.019659935027445653 1.0961906201766887 0.0050527058206372823 -0.031012248143154154 0.17648517239936368 -0.37837518633911993 -0.26320424480595989 -0.11022804431738603 -0.027341411481555691 -0.056467722119289299 0.751531519389252 -0.26542586629877302 -0.027278460528974247 0.030092568697684598 0.031770940381202449 -0.018787749439924895 -0.11734851551509912
leaf_weight=24 25 48 48 37 20 20 45 39 67 32 20 37 32 20 24 20 26 29 35 27 26 28 33 21 33 37 22 29 25 30
leaf_count=24 25 48 48 37 20 20 45 39 67 32 20 37 32 20 24 20 26 29 35 27 26 28 33 21 33 37 22 29 25 30
internal_value=-0.00630865 -0.0102465 0.00181818 0.00696203 0.025 -0.00770609 -0.0130094 -0.000295858 -0.00977011 -0.00526316 -0.000579151 0.00152838 0.0123377 -0.00126582 0.00217391 -0.00263158 -0.0290123 -0.00538462 0.000537634 -0.0180851 -0.021831 -0.00394737 0.00365854 0.0132653 -0.0128571 -0.0126506 -0.0059322 -0.0078125 0.00111111 -0.0372727
internal_weight=959 639 320 237 68 558 309 169 261 190 249 229 77 158 138 114 81 130 93 47 71 152 82 49 70 83 59 64 45 55
internal_count=959 639 320 237 68 558 309 169 261 190 249 229 77 158 138 114 81 130 93 47 71 152 82 49 70 83 59 64 45 55
cat_boundaries=0 2 4
cat_threshold=536870976 36 2098816 256
is_linear=0
shrinkage=0.1


Tree=32
num_leaves=31
num_cat=2
split_feature=3 1 5 10 31 4 38 17 7 17 27 27 38 31 31 7 31 17 35 17 25 17 11 34 25 26 34 31 7 1
split_gain=2.54264 3.46021 2.03699 1.56034 2.28573 1.66714 2.00099 1.3725 2.06851 1.57176 1.16696 1.61731 1.03065 1.1567 1.13592 1.02831 1.21742 1.02708 0.941731 0.886355 1.26984 1.03896 0.882609 0.864091 1.48485 1.14512 0.636257 0.937552 0.578705 0.830204
threshold=0 2027.5000000000002 -7.7499999999999991 1 3.3132763512584904 3.5000000000000004 10.141282710000171 193.50000000000003 1.0000000180025095e-35 112.50000000000001 9.029237423369155 8.5152268380342999 9.6167712756113755 5.2364222646148644 4.1808260477041257 1.0000000180025095e-35 6.1853530760166473 154.50000000000003 54.500000000000007 173.50000000000003 0.14224402207234829 146.50000000000003 0.19150266470612293 2.5000000000000004 0.075134408602150551 -4.4999999999999991 2.5000000000000004 5.7146224926434046 1.0000000180025095e-35 179.50000000000003
decision_type=9 2 2 9 2 2 2 2 2 2 2 2 2 2 2 2 2 2 2 2 2 2 2 2 2 2 2 2 2 2
left_child=1 28 3 4 10 17 -7 8 -4 23 11 -2 14 -14 18 -15 -17 22 -5 21 -21 -20 -6 24 -10 -26 27 -19 29 -1
right_child=2 -3 7 12 5 6 -8 -9 9 -11 -12 -13 13 15 -16 16 -18 26 19 20 -22 -23 -24 -25 25 -27 -28 -29 -30 -31
leaf_value=1.626626895899689 -0.17423023706595916 1.1437412760553485 -0.085301920480052834 0.035950563713508736 -0.027238664973520524 -0.06177442019395283 0.40513410081419787 -0.0020609099534438791 -0.20164111133174656 -0.050093399986572966 -0.19264753562985631 0.012441838485491453 -0.23843811069804544 -0.035885980295082831 0.062418325709911397 0.045652593885651883 -0.01236218038090069 -0.1549487567419181 -0.0020427282125123013 -0.14029622805122077 0.044000209405642116 -0.036593650037335571 0.046027886938750311 0.021823988621853464 0.068953658805692264 -0.2059034192021959 -0.035816528807436403 -0.11511837548644084 -0.11572394117160344 -0.084545186262592026
leaf_weight=22 32 27 31 28 35 36 33 42 22 39 21 20 25 25 35 23 30 21 35 35 28 20 23 35 23 21 45 36 87 24
leaf_count=22 32 27 31 28 35 36 33 42 22 39 21 20 25 25 35 23 30 21 35 35 28 20 23 35 23 21 45 36 87 24
internal_value=-0.00547445 0.00588235 -0.00772559 -0.00477816 -0.00961538 -0.00502183 0.00797101 -0.0161972 -0.0201754 -0.015 -0.0253425 -0.0173077 0.000680272 -0.00728155 0.00524862 -0.00128205 0.00660377 -0.010625 0.00136986 -0.00254237 0.00555556 -0.0118182 0 -0.00841584 -0.0151515 -0.00454545 -0.0166667 -0.0236842 -0.00037594 0.00869565
internal_weight=959 160 799 586 302 229 69 213 171 140 73 52 284 103 181 78 53 160 146 118 63 55 58 101 66 44 102 57 133 46
internal_count=959 160 799 586 302 229 69 213 171 140 73 52 284 103 181 78 53 160 146 118 63 55 58 101 66 44 102 57 133 46
cat_boundaries=0 1 4
cat_threshold=536870976 16384 343932928 24592
is_linear=0
shrinkage=0.1


Tree=33
num_leaves=31
num_cat=3
split_feature=3 1 3 0 2 27 2 17 34 1 17 17 10 2 2 17 31 17 5 38 7 38 1 27 31 35 38 2 25 25
split_gain=2.45089 3.594 1.32794 2.57887 2.73417 2.36176 1.70789 1.58828 1.93609 1.95104 2.38055 1.76024 1.31087 2.06855 1.40978 1.30719 1.20309 1.17933 1.34935 1.11045 1.53642 1.16373 0.772262 0.73083 0.67251 0.592628 0.554898 0.818 0.518433 0.498701
threshold=0 2027.5000000000002 1 0.16973387280050573 0.13892933100933544 7.0169989377135016 0.14863547758284604 168.50000000000003 2.5000000000000004 447.50000000000006 119.50000000000001 145.50000000000003 2 0.063413742690058492 0.10103389568178302 78.500000000000014 4.2001214869352808 114.50000000000001 -8.4999999999999982 9.9033375212790045 1.0000000180025095e-35 9.0595756183965417 752.50000000000011 11.858217883633037 5.8253057888897493 107.00000000000001 10.366540532802192 0.14806984574426438 0.15075757575757578 0.10203325130923087
decision_type=9 2 9 2 2 2 2 2 2 2 2 2 9 2 2 2 2 2 2 2 2 2 2 2 2 2 2 2 2 2
left_child=1 -1 3 6 -5 -4 28 8 9 23 15 -12 14 -14 29 -11 -16 18 -10 20 -15 -22 -19 -7 -6 -21 -27 -28 -2 -9
right_child=2 -3 5 4 24 7 -8 12 17 10 11 -13 13 19 16 -17 -18 22 -20 25 21 -23 -24 -25 -26 26 27 -29 -30 -31
leaf_value=-0.0079265984873799766 -0.063650404519435183 1.0293671484498135 0.034066710253237889 0.057620265475966152 -0.076338561275580571 -0.10702717014476973 -0.030522355111900625 0.49953202900808996 -0.12045336419571724 0.011839688469040311 0.99120540395038725 0.00297766200402938 -0.13743099247046331 0.034947779666306293 -0.080606489787376001 -0.10680845690351806 0.016920103561631185 -0.12465235544986999 -0.0957277651416268 0.18507600968298465 -0.13570522409768968 0.060582427757473668 -0.085883712264295309 -0.15017683911657864 -0.024236054280555308 -0.059004515594454965 0.058728685495783139 -0.039074057068082625 -0.083885078602167526 0.18647213553280678
leaf_weight=133 31 27 24 38 26 23 33 22 23 36 21 22 37 33 38 32 21 20 35 24 35 22 27 22 29 22 21 37 25 20
leaf_count=133 31 27 24 38 26 23 33 22 23 36 21 22 37 33 38 32 21 20 35 24 35 22 27 22 29 22 21 37 25 20
internal_value=-0.00589155 0.00529412 -0.00809642 -0.015625 -0.00483871 -0.00566188 -0.0286517 -0.00699831 -0.0128352 -0.00576923 0.00135135 0.0197674 -0.00240964 -0.00643154 0.00675676 -0.0102941 -0.00254237 -0.0233333 -0.0137931 -0.00257732 0.00555556 -0.00438596 -0.0351064 -0.0233333 -0.0190909 -0.00961538 -0.01375 -0.00862069 -0.0392857 0.0214286
internal_weight=959 160 799 182 93 617 89 593 261 156 111 43 332 231 101 68 59 105 58 194 90 57 47 45 55 104 80 58 56 42
internal_count=959 160 799 182 93 617 89 593 261 156 111 43 332 231 101 68 59 105 58 194 90 57 47 45 55 104 80 58 56 42
cat_boundaries=0 1 2 5
cat_threshold=536870976 33628176 12288 18874368 16
is_linear=0
shrinkage=0.1


Tree=34
num_leaves=31
num_cat=3
split_feature=3 7 1 20 31 29 5 17 29 10 3 0 31 2 25 20 35 17 0 20 17 2 17 17 1 31 25 27 27 11
split_gain=2.22499 1.78417 2.65408 1.70957 1.20649 1.1906 0.945528 2.0955 1.52698 1.1511 1.14671 1.31831 1.32488 1.08422 0.961968 1.36337 0.948605 0.927273 1.41231 1.80899 1.34517 0.912013 0.879823 2.95505 1.60338 1.25679 0.992063 0.802002 0.932363 0.886794
threshold=0 1.0000000180025095e-35 1900.5000000000002 1.5000000000000002 0.3919507719142048 1.8763963899287945 -1.0000000180025095e-35 104.50000000000001 4.3800461550478991 1 2 0.12662294756532669 5.8715965101010781 0.15367746288798925 0.13350943565176515 7.5000000000000009 260.50000000000006 220.50000000000003 0.12662294756532669 8.5000000000000018 171.50000000000003 0.022055356796183822 168.50000000000003 128.00000000000003 670.00000000000011 3.1631516537379203 0.12793614972245301 11.80640579660608 11.114316847497408 0.20192405601610047
decision_type=9 2 2 2 2 2 2 2 2 9 9 2 2 2 2 2 2 2 2 2 2 2 2 2 2 2 2 2 2 2
left_child=1 2 5 -2 -5 -1 9 8 -8 10 11 -6 -13 14 15 -12 -16 18 19 -3 -20 -11 23 24 -23 -26 -27 28 29 -24
right_child=3 17 -4 4 6 -7 7 -9 -10 21 13 12 -14 -15 16 -17 -18 -19 20 -21 -22 22 27 -25 25 26 -28 -29 -30 -31
leaf_value=-0.025769450099943469 -0.081499439746922073 -0.075789475944731066 0.67576531731705536 -0.075539353286314365 -0.14242201803042639 0.042147432194926587 -0.096965373969908175 -0.10447713066184666 0.012376728925320025 0.047763981369150034 -0.12011815094233746 0.043209883847869168 -0.020105320158245201 -0.0046436502748498755 -0.20764857043309692 0.026024730623889082 -0.088541046328041606 -0.099226388980212923 -0.32817261373930973 0.67040363690190297 0.090974172061502587 0.025324884114176174 0.025569108808746677 -0.077295341037865839 -0.056521470006240637 -0.02930894319001727 0.094499693573287941 0.06095819473576878 -0.033598011769529014 -0.044370391966377737
leaf_weight=37 35 27 28 21 29 33 31 31 52 20 37 34 37 37 24 28 25 30 29 23 23 24 69 49 28 24 21 31 20 22
leaf_count=37 35 27 28 21 29 33 31 31 52 20 37 34 37 37 24 28 25 30 29 23 23 24 69 49 28 24 21 31 20 22
internal_value=-0.005683 0.00291667 0.0132653 -0.00832206 -0.0073487 0.00285714 -0.00661218 -0.0149123 -0.00662651 -0.0049195 -0.00977011 -0.000909091 0.00633803 -0.0152174 -0.0210526 -0.0130769 -0.0316327 -0.00454545 0 0.012 -0.0115385 -0.000628931 -0.00208333 -0.00753425 0.00257732 -0.00479452 0.00555556 0.00352113 -0.00045045 0.00384615
internal_weight=959 230 98 729 694 70 673 114 83 559 251 100 71 151 114 65 49 132 102 50 52 308 288 146 97 73 45 142 111 91
internal_count=959 230 98 729 694 70 673 114 83 559 251 100 71 151 114 65 49 132 102 50 52 308 288 146 97 73 45 142 111 91
cat_boundaries=0 2 5 7
cat_threshold=536870976 32 16384 377487360 16384 8388624 4
is_linear=0
shrinkage=0.1


Tree=35
num_leaves=31
num_cat=2
split_feature=20 17 19 3 34 29 21 27 5 27 31 34 29 11 0 38 29 31 31 35 18 1 11 17 38 11 38 31 29 2
split_gain=2.3866 2.42975 1.93001 1.88315 2.30096 2.02759 1.95218 1.70991 1.54106 1.2155 1.56032 1.45148 1.25046 1.1403 1.11874 1.07456 1.003 0.98 1.96 0.855967 1.77073 1.31516 1.25174 1.15624 1.13033 0.94028 0.91537 1.58837 1.51062 0.688104
threshold=2.5000000000000004 230.50000000000003 2011.5000000000002 0 3.5000000000000004 2.4911179097872793 1 11.333235409570355 -7.7499999999999991 8.6159566898459286 1.6083968293319384 2.5000000000000004 2.5340273924818715 0.08520864756158876 0.16973387280050573 10.694009588356826 2.08068998177913 4.5774391792176301 3.7318179929465969 207.50000000000003 14.500000000000002 1900.5000000000002 0.11774194772760053 112.50000000000001 9.6629010570485239 0.042329093799682048 10.456970180188717 5.6246850945650939 1.6733494781628286 0.099146622497479492
decision_type=2 2 2 9 2 2 9 2 2 2 2 2 2 2 2 2 2 2 2 2 2 2 2 2 2 2 2 2 2 2
left_child=1 2 14 4 5 7 9 8 -2 10 -5 15 16 -7 -1 29 17 18 -13 21 23 22 25 -21 -25 -8 27 28 -24 -11
right_child=3 -3 -4 6 -6 13 19 -9 -10 11 -12 12 -14 -15 -16 -17 -18 -19 -20 20 -22 -23 26 24 -26 -27 -28 -29 -30 -31
leaf_value=-0.0036439149103244975 0.024678728164570798 0.012951911096920022 -0.068210528350257968 0.002864603225265583 0.83881142619527793 0.0033143259245132397 -0.083644342218637577 -0.070340810186467012 -0.057071023280411651 0.01437414057303439 -0.18144392450201716 -0.072772375892345698 -0.069565806934079433 0.027440201470057948 -0.057744744154475038 -0.16809067936769961 0.20788577139633038 -0.3055237399139501 0.19884522900013196 -0.081748151272751465 0.043567424192085327 -0.16507154365430254 -0.043401815331111496 0.051624080228890361 -0.046316493105288271 -0.093884273665938489 0.028339271217390039 -0.2376540151386243 0.034319430454208759 0.070941107318374469
leaf_weight=34 34 25 29 27 29 23 21 22 25 37 20 20 21 24 33 22 34 30 25 27 26 34 32 41 74 32 30 20 36 72
leaf_count=34 34 25 29 27 29 23 21 22 25 37 20 20 21 24 33 22 34 30 25 27 26 34 32 41 74 32 30 20 36 72
internal_value=-0.00464025 -0.0177686 -0.025 -0.00274463 0.00688623 0.0015625 -0.00499276 -0.00802469 0.000847458 0.000943396 -0.0138298 0.00363985 -0.00384615 0.0180851 -0.0156716 0.0110687 0.000458716 -0.006 0.00333333 -0.00979112 -0.0047619 -0.0143902 -0.0108187 -0.00915493 -0.00478261 -0.0235849 -0.00508475 -0.0102273 -0.00294118 0.0151376
internal_weight=959 121 96 838 157 128 681 81 59 308 47 261 130 47 67 131 109 75 45 373 168 205 171 142 115 53 118 88 68 109
internal_count=959 121 96 838 157 128 681 81 59 308 47 261 130 47 67 131 109 75 45 373 168 205 171 142 115 53 118 88 68 109
cat_boundaries=0 1 3
cat_threshold=167772224 1610695172 2048
is_linear=0
shrinkage=0.1


Tree=36
num_leaves=31
num_cat=4
split_feature=3 12 4 29 17 35 27 17 35 34 2 32 2 17 27 11 17 5 3 2 25 27 29 35 20 0 2 2 25 25
split_gain=1.91807 1.86094 1.89826 1.78818 2.1 1.7437 2.19651 1.589 1.5666 2.96776 1.6993 1.29538 1.83405 1.04776 2.22651 1.42045 1.33929 1.11468 1.02747 1.05841 1.17488 1.13778 0.822511 0.799791 0.788901 0.883096 0.699555 0.890416 0.480867 0.476837
threshold=0 1 1.5000000000000002 1.0784037966903524 168.50000000000003 446.50000000000006 12.43497806487275 181.50000000000003 54.500000000000007 1.5000000000000002 0.028991596638655467 2 0.11314285714285716 240.50000000000003 12.676155121894771 0.18406628630040389 321.50000000000006 -8.4999999999999982 3 0.15403750478377345 0.09017040233329339 11.201865186571306 1.6639189236538476 69.000000000000014 5.5000000000000009 0.12662294756532669 0.13076046246539655 0.16901828298887125 0.19133376953111111 0.12120879120879123
decision_type=9 9 2 2 2 2 2 2 2 2 2 1 2 2 2 2 2 2 9 2 2 2 2 2 2 2 2 2 2 2
left_child=1 2 -1 -2 8 23 -7 -6 9 -5 -11 18 -13 14 15 -9 17 -15 19 20 21 -3 -17 -4 -10 -26 -25 -28 -20 -22
right_child=3 11 5 4 7 6 -8 13 24 10 -12 12 -14 16 -16 22 -18 -19 28 -21 29 -23 -24 26 25 -27 27 -29 -30 -31
leaf_value=-0.056492246474025447 0.02163900951095088 -0.044879754825924593 -0.004959399253835795 0.024549286178731936 0.07167144319896189 -0.23987769138343831 0.002652947520693161 0.13412201712277927 -0.12546266027833824 -0.085844361628288735 -0.072327330649570337 -0.059386213013550231 0.018778577292668255 -0.057030988652017195 -0.075511534753752108 -0.060197520317722165 -0.12439347341471226 0.25491978800010395 0.0055528049377054252 0.002223559197690328 -0.11908680627776203 0.030945288109255387 -0.050826246221060779 0.063846996586536878 -0.009703685416593456 -0.075279907996773782 1.1133242067526579 0.023698542896150344 -0.10146415598137822 -0.045095760792628961
leaf_weight=23 28 25 20 29 23 20 34 26 34 22 26 23 43 20 20 22 28 36 128 29 22 20 35 50 20 37 22 21 37 36
leaf_count=23 28 25 20 29 23 20 34 26 34 22 26 23 43 20 20 22 28 36 128 29 22 20 35 50 20 37 22 21 37 36
internal_value=-0.00474453 -0.00079929 0.007 -0.00985577 -0.0119048 0.0110778 -0.0037037 -0.0052381 -0.0202381 -0.00974026 -0.025 -0.00495979 0.00757576 -0.00828877 -0.0150485 -0.00783133 0 0.00892857 -0.00791246 -0.0140845 -0.0199029 -0.00777778 -0.0166667 0.0181416 -0.0291209 -0.0219298 0.022043 0.0313953 -0.002 -0.0293103
internal_weight=959 553 190 406 378 167 54 210 168 77 48 363 66 187 103 83 84 56 297 132 103 45 57 113 91 57 93 43 165 58
internal_count=959 553 190 406 378 167 54 210 168 77 48 363 66 187 103 83 84 56 297 132 103 45 57 113 91 57 93 43 165 58
cat_boundaries=0 2 4 5 7
cat_threshold=570425536 20 128 16777224 2 33554560 16
is_linear=0
shrinkage=0.1


Tree=37
num_leaves=31
num_cat=2
split_feature=3 1 27 27 4 27 21 1 27 2 11 17 25 0 2 27 2 2 27 17 27 38 25 2 27 25 17 26 25 29
split_gain=1.50175 1.77896 1.13811 1.21179 1.06352 2.00531 1.45478 2.50938 1.55128 1.51907 1.71474 3.05698 1.24413 1.2004 1.13891 1.13437 1.10878 0.992871 0.901236 0.794432 1.32679 0.779756 0.759876 0.756952 0.686842 0.686025 1.40985 0.926383 0.625 0.600586
threshold=0 2027.5000000000002 5.8133613952241356 6.8117856737269884 1.5000000000000002 12.029842216429328 1 368.50000000000006 8.5152268380342999 0.056470900876959877 0.20198488944382489 276.50000000000006 0.17104801123667243 0.1177731590156262 0.147330149772086 10.012022964020066 0.057402415892981937 0.037855266300453792 12.268580236939544 210.00000000000003 12.07294203622566 7.7591816093215344 0.075370257658754325 0.024631536442560067 12.485448931272961 0.19138111144069439 195.50000000000003 -2.2499999999999996 0.11954294720252169 2.2581093732377044
decision_type=9 2 2 2 2 2 9 2 2 2 2 2 2 2 2 2 2 2 2 2 2 2 2 2 2 2 2 2 2 2
left_child=1 -1 -2 -4 5 12 7 17 -9 18 14 13 15 -12 29 -5 -10 -6 23 -16 -21 -18 -23 -8 -7 26 27 -24 -17 -11
right_child=2 -3 3 4 6 24 9 8 16 10 11 -13 -14 -15 19 28 21 -19 -20 20 -22 22 25 -25 -26 -27 -28 -29 -30 -31
leaf_value=-0.002123322653599402 -0.058858473535666936 0.8558307485629002 0.027615160996540978 0.0048639192886271946 0.0032621858462394296 0.007818465483758575 -0.011346410363259186 -0.11722876105502698 0.49852166792962865 -0.00080329568898074299 -0.16302640450712058 0.27843453829787723 -0.18385586114920349 -0.030779750636455817 0.088736072377772507 -0.10551218570956876 0.0077033324631971883 -0.06775191719709639 -0.13521141191537162 0.078377862073186588 -0.14246687088176335 -0.13449555725048207 0.002387652768623827 -0.055582017593279791 -0.024568140857134858 -0.048261674463286754 -0.0065813884184113824 0.11812080289403744 -0.023089100727201963 -0.037393748859867237
leaf_weight=133 20 27 26 24 24 20 27 20 21 64 20 22 21 36 41 20 20 41 28 23 20 26 22 25 38 35 34 24 20 37
leaf_count=133 20 27 26 24 24 20 27 20 21 64 20 22 21 36 41 20 20 41 28 23 20 26 22 25 38 35 34 24 20 37
internal_value=-0.00464025 0.00411765 -0.00636588 -0.00584082 -0.00657371 -0.0143357 -0.0047541 0.000902527 0.00643564 -0.00892351 -0.00551331 -0.0179487 -0.0241176 -0.0303571 -0.00027027 -0.0171875 0.00934066 -0.0161538 -0.02125 0.00833333 -0.00116279 0.00652174 0.00390071 -0.0134615 0 0.0073913 0.0125 0.023913 -0.0275 -0.00742574
internal_weight=959 160 799 779 753 143 610 267 202 343 263 78 85 56 185 64 182 65 80 84 43 161 141 52 58 115 80 46 40 101
internal_count=959 160 799 779 753 143 610 267 202 343 263 78 85 56 185 64 182 65 80 84 43 161 141 52 58 115 80 46 40 101
cat_boundaries=0 1 3
cat_threshold=536870976 1073823748 526336
is_linear=0
shrinkage=0.1


Tree=38
num_leaves=31
num_cat=2
split_feature=2 24 17 17 17 0 3 27 5 11 17 4 26 25 21 25 25 38 38 38 38 11 11 34 1 29 38 27 31 34
split_gain=1.81025 1.45055 1.44628 1.40824 1.58157 2.24863 1.85247 1.70647 1.38258 1.58085 1.34125 1.31998 1.36877 1.30768 1.2262 1.56751 1.5903 1.46261 1.10074 1.09532 1.01489 0.969749 0.903382 0.901845 0.886065 0.875758 0.818669 0.848152 0.803571 0.777151
threshold=0.072916666666666671 1.0000000180025095e-35 31.500000000000004 77.000000000000014 182.50000000000003 0.10884435031562299 0 12.406149417006736 -8.4999999999999982 0.12942929316284771 229.50000000000003 1.5000000000000002 -1.0000000180025095e-35 0.021164613661814113 1 0.13423720003465306 0.091750841750841763 8.7990574566324256 7.8440445244203989 7.5503606776627485 9.824334796267868 0.17902930402930406 0.19695545898967956 1.5000000000000002 2305.0000000000005 2.4911179097872793 7.950502372686004 12.485448931272961 5.1296619847546854 1.0000000180025095e-35
decision_type=2 2 2 2 2 2 9 2 2 2 2 2 2 2 9 2 2 2 2 2 2 2 2 2 2 2 2 2 2 2
left_child=1 -1 -2 18 6 19 7 11 9 -8 24 -5 -13 23 17 16 -16 -15 -4 -6 -21 26 -12 -3 -7 -24 -10 -28 -22 -23
right_child=2 13 3 4 5 10 8 -9 21 -11 22 12 -14 14 15 -17 -18 -19 -20 20 28 29 25 -25 -26 -27 27 -29 -30 -31
leaf_value=1.1922370710931254 0.061241820171205323 -0.053658674221425832 -0.084367114880784036 -0.091370058132799151 0.079414048563415926 -0.12760059386608216 0.0064002467080083395 0.023569953271255328 -0.087863186366253926 0.90549326316213985 -0.26186947451106368 -0.079877706235232007 0.021960781506377904 -0.061657914345990154 -0.04407602818778255 -0.15489327665562413 0.013241755858745386 0.028214615349384076 -0.032775307371952424 -0.043869705726982747 0.57119121685669794 0.0084500905327308477 0.038750144287017466 -0.069605218860960258 -0.0068724039598558667 -0.011285527844520705 1.3615974014564367 0.0021488874917614531 0.0019340817102483144 -0.040291803255665927
leaf_weight=20 20 24 21 30 20 59 36 22 22 39 31 25 34 32 36 38 43 72 32 53 20 36 20 22 23 24 23 25 36 21
leaf_count=20 20 24 21 30 20 59 36 22 22 39 31 25 34 32 36 38 43 72 32 53 20 36 20 22 23 24 23 25 36 21
internal_value=-0.00432742 -0.0109756 -0.0014881 -0.00230061 -0.000918197 -0.00629371 0.00399361 -0.00619835 0.00943396 0.0206667 -0.0143312 -0.0129213 -0.00423729 -0.0129213 -0.00972851 -0.0161417 -0.00949367 -0.000877193 -0.0179245 0.00348837 -0.000458716 0.00354331 -0.00466667 -0.0282609 -0.0231707 0.00454545 0.0114286 0.01875 0.00892857 -0.00614035
internal_weight=959 287 672 652 599 286 313 111 202 75 157 89 59 267 221 117 79 104 53 129 109 127 75 46 82 44 70 48 56 57
internal_count=959 287 672 652 599 286 313 111 202 75 157 89 59 267 221 117 79 104 53 129 109 127 75 46 82 44 70 48 56 57
cat_boundaries=0 2 4
cat_threshold=8388624 52 1073807488 16384
is_linear=0
shrinkage=0.1


Tree=39
num_leaves=31
num_cat=3
split_feature=12 11 1 10 5 25 25 5 8 27 2 2 27 34 31 38 34 0 17 38 38 35 17 27 11 2 38 4 29 25
split_gain=1.41419 1.96905 2.14633 1.61372 1.70569 1.75254 1.5344 1.4444 1.64937 1.42201 1.33056 1.31364 1.22445 1.24832 1.0499 1.21137 1.10573 1.00762 1.00087 0.966475 0.860191 0.813947 0.770007 0.73965 0.833952 1.428 0.620106 0.60471 0.583708 0.578704
threshold=0 0.18991596101321792 447.50000000000006 1 -8.4999999999999982 0.19209459064524689 0.19649268897632685 -7.7499999999999991 2 11.908851197155773 0.10103389568178302 0.15101686945277143 13.507552856980004 3.5000000000000004 5.7320761934524151 9.3653289322246689 2.5000000000000004 0.1177731590156262 117.50000000000001 10.141282710000171 10.308952660088739 172.00000000000003 191.50000000000003 10.873042877764101 0.20012038523274481 0.067215273206056636 7.7231121628432877 2.5000000000000004 2.8150410558631225 0.075134408602150551
decision_type=9 2 2 9 2 2 2 2 1 2 2 2 2 2 2 2 2 2 2 2 2 2 2 2 2 2 2 2 2 2
left_child=1 2 29 4 5 10 11 20 -9 -10 -2 14 13 17 15 16 -6 -3 -19 -8 23 -16 27 24 25 -5 -27 -4 -29 -1
right_child=3 12 22 7 6 -7 19 8 9 -11 -12 -13 -14 -15 21 -17 -18 18 -20 -21 -22 -23 -24 -25 -26 26 -28 28 -30 -31
leaf_value=-0.023776016997297811 -0.068722855129227864 -0.051438649781600045 0.27239491057107978 -0.10210266694768122 -0.042562694122044102 -0.088397418593876342 -0.050771136712580045 -0.042671857345701628 0.87948952501749644 -0.096163164781774668 -0.0063712610635655587 -0.1733585589098505 -0.08349526432363788 -0.11102028422714083 -0.061371590512390745 -0.086180133185382257 0.052670853748445448 -0.02963867797469746 0.027722580861965929 0.17167801926712301 -0.034765740329103068 0.52889201906282846 0.09043530766266282 0.045458371470216453 -0.03347902932415394 0.070221119999721721 0.013058902096688918 0.061454310166282514 0.0019339987425853078 0.0055098827446682375
leaf_weight=30 35 30 30 26 26 49 30 39 39 33 52 30 20 31 23 27 23 22 48 23 35 33 30 23 26 39 34 25 24 24
leaf_count=30 35 30 30 26 26 49 30 39 39 33 52 30 20 31 23 27 23 22 48 23 35 33 30 23 26 39 34 25 24 24
internal_value=-0.00432742 0.00123457 0.00889571 -0.00694656 -0.0114958 -0.0205882 -0.00627907 -0.00131579 -0.0103604 -0.00138889 -0.012069 -0.0111111 -0.00695364 -0.00343511 -0.00681818 -0.0144737 -0.00510204 0.002 0.00857143 0.00849057 0.00409836 0.00357143 0.0169725 0.00743243 0.0044 0.00858586 0.0157534 0.0221519 0.0153061 -0.00740741
internal_weight=959 314 163 645 351 136 215 294 111 72 87 162 151 131 132 76 49 100 70 53 183 56 109 148 125 99 73 79 49 54
internal_count=959 314 163 645 351 136 215 294 111 72 87 162 151 131 132 76 49 100 70 53 183 56 109 148 125 99 73 79 49 54
cat_boundaries=0 2 5 6
cat_threshold=128 16777224 134217728 377487360 24592 2
is_linear=0
shrinkage=0.1


Tree=40
num_leaves=31
num_cat=3
split_feature=3 1 10 1 25 25 11 5 38 21 17 17 2 2 25 29 38 31 31 2 35 27 31 2 19 0 29 29 31 1
split_gain=1.40272 2.65002 1.45958 1.4155 1.2 0.92507 1.39191 1.57401 1.29643 1.29002 1.5732 1.47625 1.05861 1.0334 1.21971 1.00853 0.914286 0.899423 0.782388 0.66746 0.642756 0.634921 0.627183 0.947795 0.708557 0.550278 1.05882 1.04172 0.862564 0.804267
threshold=0 2284.0000000000005 1 15.500000000000002 0.19209459064524689 0.19158794159317832 0.19332840277207114 -8.4999999999999982 8.6300623863197377 2 86.500000000000014 145.50000000000003 0.17452198926302517 0.060135135135135145 0.13284690304166216 1.7500233728521624 8.9772673523149624 6.6869062496957046 4.09275980341289 0.064585650723025592 115.00000000000001 12.184740742976512 2.8814424987455087 0.099146622497479492 2010.5000000000002 0.090743938022688611 2.1144450119190767 1.2781483229373369 5.6027760078368543 688.00000000000011
decision_type=9 2 9 2 2 2 2 2 2 9 2 2 2 2 2 2 2 2 2 2 2 2 2 2 2 2 2 2 2 2
left_child=1 19 22 -4 -3 9 -7 -8 -9 13 16 18 17 -5 -15 -14 -11 25 20 -1 -12 -20 -2 -24 -25 27 28 -13 -27 -28
right_child=2 4 3 5 -6 6 7 8 -10 10 11 12 15 14 -16 -17 -18 -19 21 -21 -22 -23 23 24 -26 26 29 -29 -30 -31
leaf_value=-0.053768306173589409 0.020998603551616136 -0.052356444970379723 -0.043654452037786756 -0.14762172520519104 0.4009202679764064 -0.18295586684664383 -0.055211627939127754 -0.033010958468465558 0.095925394119502849 -0.15569614311464675 0.029823427169631246 -0.017875937964468135 -0.0070720822793695964 0.035221858197409264 -0.056017464715754708 0.092931045109678229 -0.0069159299439248484 -0.066793224140887952 -0.055788328839265412 -0.082489733658479392 0.79873491086920589 0.22386165990301851 -0.040897306598151585 0.040948548938036393 0.0017405988683267815 -0.15797041204509821 -0.031058598537051063 0.027680066719483067 -0.010193963508148851 0.080364077375186055
leaf_weight=28 27 40 35 28 20 42 27 28 32 35 21 44 28 39 41 23 35 32 21 35 22 24 27 20 69 27 22 35 25 27
leaf_count=28 27 40 35 28 20 42 27 28 32 35 21 44 28 39 41 23 35 32 21 35 22 24 27 20 69 27 22 35 25 27
internal_value=-0.00432742 -0.0139098 -0.00271868 -0.00462304 0 -0.00364742 -0.0112403 -0.00402299 0.005 -0.00179584 0.000812065 0.00356125 -0.000190114 -0.0110169 -0.00625 0.0127451 -0.0128571 -0.00330189 0.0147727 -0.0293651 0.0244186 0.00555556 0.00620915 0.00344828 0.00842697 -0.000555556 -0.00544554 0.0056962 -0.0153846 0.00510204
internal_weight=959 123 836 693 60 658 129 87 60 529 421 351 263 108 80 51 70 212 88 63 43 45 143 116 89 180 101 79 52 49
internal_count=959 123 836 693 60 658 129 87 60 529 421 351 263 108 80 51 70 212 88 63 43 45 143 116 89 180 101 79 52 49
cat_boundaries=0 2 5 7
cat_threshold=73744 2 134259713 0 2048 1664 4096
is_linear=0
shrinkage=0.1


Tree=41
num_leaves=31
num_cat=3
split_feature=10 17 17 26 38 27 35 11 17 31 3 29 31 38 9 31 27 25 32 35 31 11 31 1 17 2 11 38 25 29
split_gain=1.30387 2.78263 1.70146 1.5962 1.52553 1.40076 1.2528 1.39334 1.6 1.45187 1.2482 1.46266 1.50646 2.35003 1.48607 1.39303 2.4394 1.41869 1.2735 1.07961 0.992525 1.0647 0.970395 0.957337 0.95254 2.12881 1.62971 0.910038 0.883838 0.925029
threshold=0 62.500000000000007 74.500000000000014 -11.999999999999998 9.011931445169628 12.205218512122038 49.500000000000007 0.19225351121771286 195.50000000000003 3.5007408298920768 1 3.0790823614994904 4.09275980341289 9.6167712756113755 1.0000000180025095e-35 4.5871059695959921 7.4259149424135336 0.13199157557343147 2 48.500000000000007 5.641286227676293 0.19695545898967956 5.2364222646148644 2325.5000000000005 221.50000000000003 0.15367746288798925 0.12269800022596318 7.5503606776627485 0.12072324838282286 2.4702086934225087
decision_type=9 2 2 2 2 2 2 2 2 2 9 2 2 2 2 2 2 2 1 2 2 2 2 2 2 2 2 2 2 2
left_child=1 -1 4 -4 19 -6 -3 9 -9 -8 15 12 14 -14 18 16 -5 -18 -12 -2 21 -15 -11 27 25 26 -17 -16 -22 -30
right_child=2 6 3 10 5 -7 7 8 -10 22 11 -13 13 20 23 24 17 -19 -20 -21 28 -23 -24 -25 -26 -27 -28 -29 29 -31
leaf_value=0.19177473086494923 -0.018296471337586339 -0.094383507576944234 -0.035994267553303948 -0.1090783336341616 0.033694963497318486 -0.053658082859066661 0.024644971874538513 -0.036784824427223077 0.0036942452515894343 -0.043628154667330388 -0.061262090049824282 -0.13914791617747621 0.074537051742256291 -0.22823398257478394 0.015905763999160171 0.014817475344962494 0.63306498630892871 0.0073257891252797918 -0.026876102977631478 -0.14513394129823107 0.2592267232137565 -0.025404418084199645 0.0051099855932907447 0.024912060047534726 -0.33035133051583632 0.068707773738602027 -0.10783662867652329 -0.14838934240765442 0.005030486759429742 -0.033457245564932458
leaf_weight=22 21 25 30 29 20 24 45 20 20 38 37 22 42 23 22 60 36 30 23 33 22 28 80 22 22 32 22 32 53 24
leaf_count=22 21 25 30 29 20 24 45 20 20 38 37 22 42 23 22 60 36 30 23 33 22 28 80 22 22 32 22 32 53 24
internal_value=-0.00391032 0.00230769 -0.00605007 -0.00417349 -0.0183673 -0.00454545 -0.000877193 0.00172414 -0.015 0.00582822 -0.00301205 -0.00666667 -0.00518293 0.000520833 -0.0132353 0.0026971 0.0121053 0.0227273 -0.025 -0.0296296 -0.00533333 -0.0166667 0 -0.00394737 -0.00367647 0 -0.00853659 -0.0111111 0.000505051 -0.00454545
internal_weight=959 250 709 611 98 44 228 203 40 163 581 350 328 192 136 231 95 66 60 54 150 51 118 76 136 114 82 54 99 77
internal_count=959 250 709 611 98 44 228 203 40 163 581 350 328 192 136 231 95 66 60 54 150 51 118 76 136 114 82 54 99 77
cat_boundaries=0 3 5 6
cat_threshold=134259712 23068672 2048 570441792 16 2
is_linear=0
shrinkage=0.1


Tree=42
num_leaves=31
num_cat=5
split_feature=3 10 12 32 2 1 38 19 10 7 17 38 17 35 29 27 31 11 27 38 7 27 38 27 31 17 11 29 1 2
split_gain=1.8862 2.4811 1.87371 1.89712 3.67361 1.50325 1.60435 1.53636 1.49067 1.24194 1.51343 1.4158 1.56988 1.16511 1.2169 1.15076 1.67182 1.33019 1.07206 1.12466 1.7509 1.00056 0.997458 0.923364 0.865801 0.851962 0.824526 0.752477 0.712826 0.637044
threshold=0 1 2 3 0.074603955755530568 2266.5000000000005 9.7414096291867818 2011.5000000000002 4 1.0000000180025095e-35 186.50000000000003 10.450379877209647 77.000000000000014 507.00000000000006 1.7378276462900828 7.0169989377135016 2.3159917375913586 0.12406598277608917 12.663306280948536 9.2331775628880592 1.0000000180025095e-35 9.5413831917996941 8.9772673523149624 11.333235409570355 6.0047753554673164 154.50000000000003 0.18284889010189231 2.5340273924818715 675.50000000000011 0.1676706827309237
decision_type=9 9 9 1 2 2 2 2 9 2 2 2 2 2 2 2 2 2 2 2 2 2 2 2 2 2 2 2 2 2
left_child=1 5 3 9 -5 6 7 25 13 -2 11 12 -11 14 -4 -3 -17 23 19 20 -10 -19 -23 -18 -24 -1 -16 -22 -14 -8
right_child=2 15 8 4 -6 -7 29 -9 18 10 -12 -13 28 -15 26 16 17 21 -20 -21 27 22 24 -25 -26 -27 -28 -29 -30 -31
leaf_value=-0.02059018163446158 -0.033863071155822988 0.096835448325217052 0.0059026911904594753 -0.064998012655247586 0.010413351354588585 0.064398728590829887 0.0077514145888379462 -0.18611967073055719 0.47748029870085457 -0.13638766986909029 -0.10227766703024077 0.019122773677810304 0.016044326732144221 0.0010555404221650466 -0.014033591897088728 -0.098170500270745725 0.017699695912773095 0.036822164134793049 -0.019418059636545994 0.57049095203751565 -0.21837273228364876 -0.015183938134063091 0.058574489010960212 -0.077623056476092606 0.00035930791667908584 -0.21595219222378362 -0.086411773165074743 0.010678586677004987 -0.074289225116961441 -0.10770539152574013
leaf_weight=35 46 27 22 24 48 41 91 24 20 26 39 20 22 32 30 23 22 20 40 22 20 29 42 23 33 31 39 23 21 24
leaf_count=35 46 27 22 24 48 41 91 24 20 26 39 20 22 32 30 23 22 20 40 22 20 29 42 23 33 31 39 23 21 24
internal_value=-0.00411887 0.000526316 -0.00833333 -0.0144531 -0.00138889 -0.00625 -0.01 -0.02 -0.00193798 -0.0206897 -0.015625 -0.00842697 -0.0152174 -0.0093985 -0.0159341 0.0080786 0.00572917 0.0091716 0.00555556 0.0123529 0.00555556 0.0145161 0.0105769 -0.00555556 0.0166667 -0.0121212 -0.0224638 -0.00581395 -0.00348837 -0.00217391
internal_weight=959 465 494 246 72 246 205 90 248 174 128 89 69 123 91 219 192 169 125 85 63 124 104 45 75 66 69 43 43 115
internal_count=959 465 494 246 72 246 205 90 248 174 128 89 69 123 91 219 192 169 125 85 63 124 104 45 75 66 69 43 43 115
cat_boundaries=0 2 5 8 9 11
cat_threshold=545275968 36 20480 335544320 8208 544 256 256 2 134217729 109051904
is_linear=0
shrinkage=0.1


Tree=43
num_leaves=31
num_cat=2
split_feature=3 38 38 20 21 25 31 19 38 0 0 5 29 4 27 29 35 35 25 11 17 27 27 29 34 17 2 0 25 17
split_gain=1.3313 1.23293 1.46896 1.60524 1.23203 1.14312 1.30247 1.44097 1.06542 1.63333 1.02145 1.00262 0.900577 1.15994 1.5584 1.24947 0.848372 1.45575 1.44421 0.904906 0.966376 0.842977 0.818182 0.795616 0.965992 0.888961 0.788998 0.764978 0.732306 0.64
threshold=0 7.6286647494719881 8.0264960851305762 4.5000000000000009 1 0.19921425655868494 1.4035675329961828 2009.5000000000002 10.374770832429016 0.09983509756428384 0.30379464609914936 -1.0000000180025095e-35 1.2325560112299108 1.5000000000000002 12.676155121894771 2.1258301140962579 206.00000000000003 335.50000000000006 0.12864214992927867 0.12345467032967035 166.50000000000003 11.777237749426973 6.5213200075006661 1.7378276462900828 2.5000000000000004 187.50000000000003 0.1591095059394487 0.1177731590156262 0.13350943565176515 180.50000000000003
decision_type=9 2 2 2 9 2 2 2 2 2 2 2 2 2 2 2 2 2 2 2 2 2 2 2 2 2 2 2 2 2
left_child=1 27 -3 -4 11 6 22 -8 9 -5 12 23 -9 15 16 21 18 -18 19 -15 -21 -14 -6 -2 28 -26 -7 -1 -25 -12
right_child=4 2 3 8 5 26 7 10 -10 -11 29 -13 13 14 -16 -17 17 -19 -20 20 -22 -23 -24 24 25 -27 -28 -29 -30 -31
leaf_value=-0.044563563392076594 0.010348123408480615 0.0014979049848010018 -0.05207791233435824 0.033528452076358177 -0.0072805325104102541 -0.073923266628576206 -0.1042728477388199 -0.036258982666353835 0.022049704546825491 -0.098731845696278339 -0.01085804452561261 -0.085049501583463416 -0.18375208181084934 -0.02204140696493493 -0.058682861162300842 0.02582403800337825 1.0080082581887178 0.01660044036486168 -0.085849088459109171 0.10298765694015498 0.12150644302671516 -0.031007359407209556 0.079962895707705428 0.043805204345107464 -0.099177921552242462 0.0019659264015994718 -0.075852045062972676 -0.015310421313454815 6.8230144853131952e-06 -0.02645468567791287
leaf_weight=24 84 38 32 20 22 27 40 42 34 40 25 23 20 33 38 30 31 40 29 21 20 26 22 31 20 35 29 27 36 20
leaf_count=24 84 38 32 20 22 27 40 42 34 40 25 23 20 33 38 30 31 40 29 21 20 26 22 31 20 35 29 27 36 20
internal_value=-0.00370177 -0.0104444 -0.00670732 -0.0119048 -0.00159151 -0.00428571 -0.00272331 -0.00445783 -0.00531915 -0.0133333 -0.00253333 0.00439331 -0.000606061 0.00138889 0.00518868 -0.00921053 0.0091954 0.0176056 0.00339806 0.0108108 0.0207317 -0.0195652 0.0136364 0.00679612 0.00163934 -0.00818182 -0.0178571 -0.0245098 0.00970149 -0.0166667
internal_weight=959 215 164 126 744 515 459 415 94 60 375 229 330 288 212 76 174 71 103 74 41 46 44 206 122 55 56 51 67 45
internal_count=959 215 164 126 744 515 459 415 94 60 375 229 330 288 212 76 174 71 103 74 41 46 44 206 122 55 56 51 67 45
cat_boundaries=0 2 4
cat_threshold=33628160 2 536871524 2048
is_linear=0
shrinkage=0.1


Tree=44
num_leaves=31
num_cat=3
split_feature=17 3 17 20 20 17 38 16 12 1 19 17 34 20 1 11 38 31 11 35 35 11 25 0 27 17 38 25 17 34
split_gain=1.07295 1.55796 1.94113 2.24074 1.49508 1.32147 1.24883 1.00752 1.12492 1.75334 1.99537 1.46592 1.62335 1.37206 1.46914 1.37558 1.16034 1.2011 0.960044 1.05232 0.785561 0.774194 1.98195 0.77 0.750257 0.73373 0.606597 0.674556 0.551258 0.700033
threshold=80.500000000000014 0 162.50000000000003 10.500000000000002 10.500000000000002 214.50000000000003 8.9195817694256672 1 2 2279.5000000000005 2011.5000000000002 195.50000000000003 2.5000000000000004 4.5000000000000009 1627.0000000000002 0.12269800022596318 9.824334796267868 5.7709233378219738 0.11774194772760053 56.500000000000007 300.50000000000006 0.17351456654564776 0.081801470588235309 0.16125909364361909 11.489435658483634 154.50000000000003 8.0080319610352078 0.14883756706343867 182.50000000000003 2.5000000000000004
decision_type=2 9 2 2 2 2 2 9 9 2 2 2 2 2 2 2 2 2 2 2 2 2 2 2 2 2 2 2 2 2
left_child=4 2 3 -2 6 -4 21 8 13 10 16 -11 -13 23 15 -15 18 -18 -10 -20 -16 22 -1 -3 -8 -21 -9 -28 29 -19
right_child=1 7 5 -5 -6 -7 24 26 9 11 -12 12 -14 14 20 -17 17 28 19 25 -22 -23 -24 -25 -26 -27 27 -29 -30 -31
leaf_value=-0.01693294924939508 0.58927441523706825 -0.00040589727332012164 -0.18680890920180671 0.0026852625108484407 -0.088853614788071411 0.0097283904244073408 0.063710394149651878 -0.013233681865513347 -0.015749935899871094 -0.014672045856535832 -0.066530939965718572 0.95107244907861566 -0.026733128172316257 -0.0059036666336433011 -0.023041976408421053 0.24166717193354759 0.018449747474879975 0.026386827612050114 -0.02222898743692028 -0.059844326529089553 0.0089351094510782044 -0.11410671780370835 0.0071655288035655578 -0.032299765162827135 -0.0089469215612754567 -0.18354006239802767 0.0056487517742328302 0.0063290890674416291 -0.068677901013294212 -0.054138796429166552
leaf_weight=39 27 22 20 27 25 33 20 55 34 43 49 21 25 20 41 43 37 21 22 20 39 31 23 28 33 36 32 21 43 29
leaf_count=39 27 22 20 27 25 33 20 55 34 43 49 21 25 20 41 43 37 21 22 20 39 31 23 28 33 36 32 21 43 29
internal_value=-0.00422315 -0.00266497 0.00811966 0.0222222 -0.0114035 -0.00471698 -0.00753425 -0.00441389 -0.00608919 -0.00923077 -0.0132302 0.00280899 0.0152174 0.000246305 0.00524476 0.0166667 -0.00950413 -0.00307692 -0.0169643 -0.0230769 -0.00375 -0.0145161 -0.00806452 -0.014 0.00471698 -0.0303571 0.00423729 0.0122642 -0.00913978 -0.002
internal_weight=959 788 107 54 171 53 146 681 573 380 291 89 46 193 143 63 242 130 112 78 80 93 62 50 53 56 108 53 93 50
internal_count=959 788 107 54 171 53 146 681 573 380 291 89 46 193 143 63 242 130 112 78 80 93 62 50 53 56 108 53 93 50
cat_boundaries=0 1 2 4
cat_threshold=134234176 3329 1024 16777224
is_linear=0
shrinkage=0.1


Tree=45
num_leaves=31
num_cat=4
split_feature=3 17 13 10 26 27 1 11 31 21 5 35 25 2 0 31 35 17 11 17 17 17 20 7 17 38 38 25 25 35
split_gain=1.68324 2.1104 1.37127 1.29165 1.31211 1.25685 1.11852 2.50149 1.02902 0.957032 1.77272 0.82371 0.933548 1.41851 1.76087 1.25613 1.51052 1.62976 1.99672 1.62046 1.1793 0.73473 1.10024 0.768058 0.694892 0.664927 0.664308 1.45883 0.971361 0.598666
threshold=0 175.50000000000003 1 2 -4.4999999999999991 10.830002437285438 1013.0000000000001 0.12269800022596318 5.8922480269799982 3 -1.0000000180025095e-35 446.50000000000006 0.19133376953111111 0.13442875309550903 0.1177731590156262 1.5685811944859347 115.00000000000001 143.00000000000003 0.12785193262144687 171.50000000000003 231.50000000000003 229.50000000000003 8.5000000000000018 1.0000000180025095e-35 78.500000000000014 10.660889414284357 7.7591816093215344 0.15341425150689458 0.09017040233329339 72.500000000000014
decision_type=9 2 1 9 2 2 2 2 2 9 2 2 2 2 2 2 2 2 2 2 2 2 2 2 2 2 2 2 2 2
left_child=1 6 -3 26 5 -5 7 -1 -7 10 24 12 15 -14 -15 -11 21 18 -18 -19 25 22 23 -17 -6 -21 -2 28 -28 -26
right_child=3 2 -4 4 9 8 -8 -9 -10 11 -12 -13 13 14 -16 16 17 19 -20 20 -22 -23 -24 -25 29 -27 27 -29 -30 -31
leaf_value=-0.076858521470660482 0.34788880922613857 -0.18479127971150322 0.13665986590384921 -0.099052560781045074 0.051136781408870485 0.0028401149446981577 -0.040463166345767167 0.0082813163090032834 -0.0272149573326427 0.012939730525476902 -0.077109426602540346 -0.047388885389336943 -0.078028651315045758 -0.10269604602333758 0.06113352662551233 -0.050915661308319399 -0.073777949125506129 -0.34506904314003339 0.59007657304625316 0.0087287651071633835 -0.12766178290091709 0.079729561216341727 -0.001479570671789876 -0.066151423364209552 -0.0033636682415558727 0.035795430124722617 0.0093631408840089136 0.016305260125685162 -0.10502394894767626 0.0086253743129620208
leaf_weight=32 23 40 27 25 20 26 30 24 35 24 43 36 21 23 23 20 29 20 28 31 26 20 28 38 48 20 32 24 21 122
leaf_count=32 23 40 27 25 20 26 30 24 35 24 43 36 21 23 23 20 29 20 28 31 26 20 28 38 48 20 32 24 21 122
internal_value=-0.00391032 -0.0131902 -0.000746269 -0.00196078 -0.00349162 -0.0151163 -0.0244186 -0.0160714 -0.00737705 -0.00193548 0.00308642 -0.00491184 -0.00356125 -0.0141791 -0.00434783 -0.00105634 -0.00307692 0.00324675 0.0166667 -0.00463918 0.00194805 -0.0122642 -0.0162791 -0.0241379 0.00736842 0.0107843 0.00818182 0.00454545 -0.00471698 0.00529412
internal_weight=959 153 67 806 706 86 86 56 61 620 233 387 351 67 46 284 260 154 57 97 77 106 86 58 190 51 100 77 53 170
internal_count=959 153 67 806 706 86 86 56 61 620 233 387 351 67 46 284 260 154 57 97 77 106 86 58 190 51 100 77 53 170
cat_boundaries=0 2 3 5 6
cat_threshold=90112 2 2 134226944 16777216 536969252
is_linear=0
shrinkage=0.1


Tree=46
num_leaves=31
num_cat=5
split_feature=3 1 10 12 35 4 38 17 17 35 2 19 32 31 29 35 17 26 38 27 27 17 1 29 13 31 38 29 31 0
split_gain=1.57261 1.83078 1.7095 1.45308 1.79067 1.62602 1.54868 1.38175 1.44942 1.40263 2.18969 1.55648 1.37879 1.26224 1.23554 1.17978 1.0423 0.964962 0.907214 1.44933 1.4029 0.761453 0.754704 0.661851 0.755008 0.806061 1.13372 0.710217 0.74409 0.657849
threshold=0 2266.5000000000005 1 2 64.500000000000014 3.5000000000000004 8.0080319610352078 168.50000000000003 181.50000000000003 325.50000000000006 0.11314285714285716 2010.5000000000002 3 2.5059039698060039 1.236922851214288 84.500000000000014 175.50000000000003 -1.7499999999999998 8.3106259601327164 11.213779245035004 12.544849987634535 203.50000000000003 1282.0000000000002 1.7378276462900828 4 3.3132763512584904 10.774670059041608 2.1144450119190767 5.6027760078368543 0.29264176734200026
decision_type=9 2 9 9 2 2 2 2 2 2 2 2 1 2 2 2 2 2 2 2 2 2 2 2 1 2 2 2 2 2
left_child=1 15 3 17 -5 6 -6 9 16 10 12 -12 13 -4 -11 -1 -9 -2 -15 -20 -21 -3 -7 24 25 -10 -27 -25 -29 -8
right_child=2 21 7 4 5 22 29 8 23 14 11 -13 -14 18 -16 -17 -18 -19 19 20 -22 -23 -24 27 -26 26 -28 28 -30 -31
leaf_value=0.0056696198009133173 -0.0094467139505566081 0.56462081470070158 0.029711611128229176 0.012619824810527881 -0.1304969733412997 0.88126629642755683 -0.072635779265473668 0.0041663492988845531 -0.095645992616137848 -0.1215520003279323 0.083421573425762494 -0.0090149095727438677 -0.050584640521945001 -0.089046459126474534 -0.046670344159274624 -0.091472883843951983 0.1034143159676785 -0.064781413952758563 0.065632393616779791 -0.073769226747195313 0.0040863961276388586 0.116078115298063 -0.05720375055631699 -0.052498648376325258 0.040600325201367762 0.018574399553644039 -0.056544393102047508 0.038125059934158045 -0.13996683363603513 0.0071588858505142522
leaf_weight=67 31 34 26 28 26 20 34 30 21 20 30 24 25 22 48 34 21 72 26 49 20 28 21 46 29 34 21 23 27 22
leaf_count=67 31 34 26 28 26 20 34 30 21 20 30 24 25 22 48 34 21 72 26 49 20 28 21 46 29 34 21 23 27 22
internal_value=-0.00328467 0.00549133 -0.00508685 -0.0117424 -0.00465839 -0.0101626 -0.0182927 -0.00181159 0.00357143 -0.00655172 -0.0027027 0.0148148 -0.00833333 -0.00454545 -0.0191176 -0.00247525 0.0186275 -0.0207965 -0.00897436 -0.00473684 -0.0123188 0.0193548 0.00609756 -0.000248756 0.0052381 0 0.00636364 -0.00625 0.002 -0.00892857
internal_weight=959 163 796 254 151 123 82 542 252 290 222 54 168 143 68 101 51 103 117 95 69 62 41 201 105 76 55 96 50 56
internal_count=959 163 796 254 151 123 82 542 252 290 222 54 168 143 68 101 51 103 117 95 69 62 41 201 105 76 55 96 50 56
cat_boundaries=0 1 3 6 7 8
cat_threshold=8388688 134234115 293601280 512 264 256 2 2
is_linear=0
shrinkage=0.1


Tree=47
num_leaves=31
num_cat=4
split_feature=10 3 1 29 38 34 35 17 17 12 17 11 38 18 3 20 31 38 5 31 26 29 17 29 29 35 11 35 0 27
split_gain=1.45207 1.38886 1.94596 1.37339 1.2971 1.23087 1.02785 1.1053 1.61975 1.05239 1.66784 1.7406 1.15762 0.920723 1.12495 0.884541 0.863567 0.936271 0.837827 1.08306 0.828408 0.817193 1.72279 1.30961 1.42215 0.808173 0.589915 0.875 0.530303 0.823051
threshold=0 1 2266.5000000000005 2.2539164765495676 11.503868845815385 1.5000000000000002 1.0000000180025095e-35 199.00000000000003 190.50000000000003 2 146.50000000000003 0.19988776655443327 6.6945498046703227 21.500000000000004 3 5.5000000000000009 5.8715965101010781 8.0312226497102923 -7.7499999999999991 3.3649724258627978 -0.74999999999999989 1.4047013476812491 224.50000000000003 1.6733494781628286 1.9073175342904263 105.00000000000001 0.18867531610256735 269.50000000000006 0.081569368688590341 11.08496832043385
decision_type=9 9 2 2 2 2 2 2 2 9 2 2 2 2 9 2 2 2 2 2 2 2 2 2 2 2 2 2 2 2
left_child=5 2 3 -2 6 25 -3 8 9 10 11 16 -11 14 15 -14 17 -8 19 -16 -6 22 -9 -23 -25 -1 -26 -28 -7 -30
right_child=1 4 -4 -5 20 28 7 21 -10 12 -12 -13 13 -15 18 -17 -18 -19 -20 -21 -22 23 -24 24 26 -27 27 -29 29 -31
leaf_value=0.01036034606269387 -0.15301610426210993 0.0066978078263144614 0.55530535114260438 0.018614276649103801 0.027156670714591782 0.036778146783245091 -0.040071086788198956 0.34066000168507266 -0.042872911760685667 -0.10165740624594066 0.0094671767749647147 -0.10066448616370245 -0.029370270667430101 -0.089826549262508062 0.022633225822045057 0.011688090098573235 0.0053601164532008031 0.009473362488639038 -0.12446669535642059 -0.050988368924295105 -0.0016869293019064814 -0.23642399531769964 -0.12761838855042087 0.036441698425993874 0.1175347937555408 -0.096240235306141481 -0.065098651239758928 -0.0049929863921654776 -0.013029859577061487 0.044025334027137757
leaf_weight=20 39 22 41 29 20 28 47 21 30 42 36 23 68 24 27 39 25 26 34 49 27 25 22 24 23 32 28 28 23 37
leaf_count=20 39 22 41 29 20 28 47 21 30 42 36 23 68 24 27 39 25 26 34 49 27 25 22 24 23 32 28 28 23 37
internal_value=-0.0031804 -0.00476478 0.00546218 -0.00441176 -0.00638889 0.006 -0.00761689 -0.00834633 -0.0108511 -0.00931818 -0.00209581 -0.00785124 -0.0127986 -0.0105809 -0.00852535 -0.00042735 -0.00204082 -0.00753425 -0.015 -0.0105263 0.00957447 -0.00146199 0.0104651 -0.00546875 -0.000485437 -0.00576923 -0.00696203 -0.0125 0.0136364 0.00833333
internal_weight=959 819 109 68 710 140 663 641 470 440 157 121 283 241 217 107 98 73 110 76 47 171 43 128 103 52 79 56 88 60
internal_count=959 819 109 68 710 140 663 641 470 440 157 121 283 241 217 107 98 73 110 76 47 171 43 128 103 52 79 56 88 60
cat_boundaries=0 3 4 6 8
cat_threshold=9216 4194304 18432 8388672 160 16777224 570441728 16
is_linear=0
shrinkage=0.1


Tree=48
num_leaves=31
num_cat=2
split_feature=3 1 10 38 31 4 2 19 20 27 25 27 11 31 38 38 31 17 17 35 34 25 11 1 22 0 25 38 2 35
split_gain=1.44385 2.41112 1.59221 1.67269 1.71429 1.40043 1.58919 1.33929 1.03708 1.01587 1.27116 0.955217 1.08573 0.936209 0.9 0.887151 1.15409 0.803571 0.779292 0.846612 0.74409 0.703633 1.17829 1.40539 0.78673 0.950925 0.925926 1.13001 0.981818 0.711111
threshold=0 212.50000000000003 1 10.241197585471914 6.3236042944042437 2.5000000000000004 0.099146622497479492 2010.5000000000002 4.5000000000000009 12.441602104209334 0.15850326536052248 7.5770958304195934 0.18965151492984947 4.537958668120889 8.4630680256156854 9.3517519040099373 2.7778847933272539 175.50000000000003 224.50000000000003 187.00000000000003 2.5000000000000004 0.1354542779962021 0.20135810454972183 345.00000000000006 50.000000000000007 0.13539510239078142 0.10809143686502179 9.450694848718685 0.10103389568178302 269.50000000000006
decision_type=9 2 9 2 2 2 2 2 2 2 2 2 2 2 2 2 2 2 2 2 2 2 2 2 2 2 2 2 2 2
left_child=1 -1 21 5 -5 11 14 -8 13 10 -9 -4 20 -3 -7 16 -10 -18 19 -17 -13 24 23 -23 25 -2 27 28 -26 -28
right_child=2 8 3 4 -6 6 7 9 15 -11 -12 12 -14 -15 -16 18 17 -19 -20 -21 -22 22 -24 -25 26 -27 29 -29 -30 -31
leaf_value=-0.064150180098430792 -0.054658927679322122 -0.084168560502360018 0.014619941838699991 -0.135186174969504 0.013824092675924861 -0.10336772215057816 0.057244541906299601 -0.13069639401470656 -0.0074646145085964129 0.001827981055924255 0.029551737802240477 -0.021642153323582748 0.027297453021245845 -0.0017082631207854249 -0.014427782589648663 -0.0077588189288160248 0.004824104807880758 0.30561984650626323 0.047457689602343492 -0.12144614936664154 0.073166256805569319 0.0063631585908833447 -0.00019417176594527241 -0.047050938103571485 0.0033981432130092415 -0.010086126082500525 0.059146793644176521 0.01160626226711834 -0.040782831424965006 -0.0075226837442041285
leaf_weight=36 24 26 25 35 25 20 24 27 23 21 36 27 42 21 20 28 24 21 27 24 23 29 76 67 24 73 36 31 20 24
leaf_count=36 24 26 25 35 25 20 24 27 23 21 36 27 42 21 20 28 24 21 27 24 23 29 76 67 24 73 36 31 20 24
internal_value=-0.00245047 -0.00916667 -0.000202977 0.00492537 -0.01 0.00849057 0.00202703 0.00833333 -0.00515464 0.00238095 -0.00396825 0.0166667 0.0119565 -0.0180851 -0.015 -0.00102041 0.00735294 0.0166667 -0.00822785 -0.0153846 0.002 -0.00434783 -0.00930233 -0.0166667 -0.000862069 -0.00773196 0.00407407 -0.00333333 -0.0136364 0.0133333
internal_weight=959 230 729 325 60 265 148 108 194 84 63 117 92 47 40 147 68 45 79 52 50 404 172 96 232 97 135 75 44 60
internal_count=959 230 729 325 60 265 148 108 194 84 63 117 92 47 40 147 68 45 79 52 50 404 172 96 232 97 135 75 44 60
cat_boundaries=0 2 5
cat_threshold=90112 18 53250 276824064 8208
is_linear=0
shrinkage=0.1


Tree=49
num_leaves=31
num_cat=5
split_feature=10 3 3 1 17 17 11 1 20 34 38 5 8 26 21 11 27 38 27 38 27 31 17 38 5 25 17 17 27 17
split_gain=1.29074 2.33764 1.53303 1.75854 1.37767 1.13474 1.41941 1.86961 0.999772 1.26048 1.35842 1.14861 1.2326 0.990977 1.02824 0.896055 1.4521 1.12687 0.876587 0.857143 0.852331 1.0647 0.788501 0.746914 0.742424 0.726923 0.723298 0.710018 1.27104 0.975551
threshold=0 1 2 2279.5000000000005 65.500000000000014 220.50000000000003 0.19127360012061462 712.00000000000011 2.5000000000000004 1.5000000000000002 11.145160642313156 -8.4999999999999982 3 -11.999999999999998 4 0.19150266470612293 12.219160319866061 9.279115425358631 12.43497806487275 10.774670059041608 12.321852568286578 3.4684520471389488 173.50000000000003 7.8440445244203989 -1.0000000180025095e-35 0.12793614972245301 166.50000000000003 119.50000000000001 11.717741447543178 195.50000000000003
decision_type=9 9 9 2 2 2 2 2 2 2 2 2 1 2 9 2 2 2 2 2 2 2 2 2 2 2 2 2 2 2
left_child=2 4 3 26 -2 6 7 20 -4 11 22 25 -13 18 15 17 -17 -15 -6 -19 21 -3 23 -11 -25 -10 -1 -16 29 -29
right_child=1 5 8 -5 13 -7 -8 -9 9 10 -12 12 -14 14 27 16 -18 19 -20 -21 -22 -23 -24 24 -26 -27 -28 28 -30 -31
leaf_value=-0.099113933217522654 0.01923929337210142 -0.003709438445049429 -0.029097253035705786 -0.028761219360810133 -0.077515674637199147 0.011271097136870979 -0.065215102073910458 0.39438240290842241 0.029108736554628048 -0.00050404568222042203 0.054128651916469699 0.020820694253137619 -0.053161221286465478 0.0096209172155510281 0.0049085631421331936 -0.025941870694999026 0.032672682238978637 -0.3148129229217258 0.0093861361973875297 -0.013011857881223145 0.0038355706002873194 -0.061017076683027006 -0.003750878043602102 -0.098226190426978957 -0.12708601453317492 -0.10388057901547719 -0.040786964100224046 0.59782930608101814 0.0016451829503318473 0.025387090736623198
leaf_weight=35 22 28 29 56 24 43 69 20 39 27 24 38 24 23 39 30 21 21 21 21 23 23 56 22 32 21 38 23 39 28
leaf_count=35 22 28 29 56 24 43 69 20 39 27 24 38 24 23 39 30 21 21 21 21 23 23 56 22 32 21 38 23 39 28
internal_value=-0.00130344 0.00208333 -0.00521064 -0.0140288 0.00745342 -0.00601852 -0.0101227 -0.00212766 -0.00124224 0.000530035 -0.0052795 0.00819672 0.0177419 0.00586207 0.00836735 0.000793651 0.0107843 -0.00692308 -0.00777778 -0.0166667 -0.00945946 -0.0166667 -0.00912409 -0.0154321 -0.0222222 -0.00166667 -0.0253425 0.0140288 0.02 0.0303922
internal_weight=959 518 441 129 312 206 163 94 312 283 161 122 62 290 245 116 51 65 45 42 74 51 137 81 54 60 73 129 90 51
internal_count=959 518 441 129 312 206 163 94 312 283 161 122 62 290 245 116 51 65 45 42 74 51 137 81 54 60 73 129 90 51
cat_boundaries=0 3 5 7 8 9
cat_threshold=53251 268435456 8208 578814016 38 8388608 38 2 1077937248
is_linear=0
shrinkage=0.1


end of trees

feature_importances:
Forecast_Horizon_Days=243
vendor_hist_volume=115
Line_Item_Quantity=113
site_hist_delay_rate=104
country_hist_delay_rate=97
country_hist_volume=94
Line_Item_Value=89
Line_Item_Insurance_(USD)=83
vendor_hist_delay_rate=81
Pack_Price=73
Country=58
Unit_Price=55
T_pred_dayofweek=44
T_pred_month=40
vendor_hist_delay_median=36
T_pred_quarter=29
country_hist_delay_median=28
weight_is_numeric=20
Molecule/Test_Type=19
T_pred_year=16
PQ_to_PO_Days=12
Dosage=11
Manufacturing_Site=9
Unit_of_Measure_(Per_Pack)=9
First_Line_Designation=7
Sub_Classification=5
freight_is_numeric=4
Fulfill_Via=3
pq_first_sent_is_date=2
Dosage_Form=1

parameters:
[boosting: gbdt]
[objective: quantile]
[metric: quantile]
[tree_learner: serial]
[device_type: cpu]
[data_sample_strategy: bagging]
[data: ]
[valid: ]
[num_iterations: 50]
[learning_rate: 0.1]
[num_leaves: 31]
[num_threads: 4]
[seed: 42]
[deterministic: 0]
[force_col_wise: 0]
[force_row_wise: 0]
[histogram_pool_size: -1]
[max_depth: -1]
[min_data_in_leaf: 20]
[min_sum_hessian_in_leaf: 0.001]
[bagging_fraction: 1]
[pos_bagging_fraction: 1]
[neg_bagging_fraction: 1]
[bagging_freq: 0]
[bagging_seed: 400]
[bagging_by_query: 0]
[feature_fraction: 1]
[feature_fraction_bynode: 1]
[feature_fraction_seed: 30056]
[extra_trees: 0]
[extra_seed: 12879]
[early_stopping_round: 0]
[early_stopping_min_delta: 0]
[first_metric_only: 0]
[max_delta_step: 0]
[lambda_l1: 0]
[lambda_l2: 0]
[linear_lambda: 0]
[min_gain_to_split: 0]
[drop_rate: 0.1]
[max_drop: 50]
[skip_drop: 0.5]
[xgboost_dart_mode: 0]
[uniform_drop: 0]
[drop_seed: 17869]
[top_rate: 0.2]
[other_rate: 0.1]
[min_data_per_group: 100]
[max_cat_threshold: 32]
[cat_l2: 10]
[cat_smooth: 10]
[max_cat_to_onehot: 4]
[top_k: 20]
[monotone_constraints: ]
[monotone_constraints_method: basic]
[monotone_penalty: 0]
[feature_contri: ]
[forcedsplits_filename: ]
[refit_decay_rate: 0.9]
[cegb_tradeoff: 1]
[cegb_penalty_split: 0]
[cegb_penalty_feature_lazy: ]
[cegb_penalty_feature_coupled: ]
[path_smooth: 0]
[interaction_constraints: ]
[verbosity: -1]
[saved_feature_importance_type: 0]
[use_quantized_grad: 0]
[num_grad_quant_bins: 4]
[quant_train_renew_leaf: 0]
[stochastic_rounding: 1]
[linear_tree: 0]
[max_bin: 255]
[max_bin_by_feature: ]
[min_data_in_bin: 3]
[bin_construct_sample_cnt: 200000]
[data_random_seed: 175]
[is_enable_sparse: 1]
[enable_bundle: 1]
[use_missing: 1]
[zero_as_missing: 0]
[feature_pre_filter: 1]
[pre_partition: 0]
[two_round: 0]
[header: 0]
[label_column: ]
[weight_column: ]
[group_column: ]
[ignore_column: ]
[categorical_feature: 3,6,8,10,12,13,16,21,23,28,32,36,37]
[forcedbins_filename: ]
[precise_float_parser: 0]
[parser_config_file: ]
[objective_seed: 16083]
[num_class: 1]
[is_unbalance: 0]
[scale_pos_weight: 1]
[sigmoid: 1]
[boost_from_average: 1]
[reg_sqrt: 0]
[alpha: 0.5]
[fair_c: 1]
[poisson_max_delta_step: 0.7]
[tweedie_variance_power: 1.5]
[lambdarank_truncation_level: 30]
[lambdarank_norm: 1]
[label_gain: ]
[lambdarank_position_bias_regularization: 0]
[eval_at: ]
[multi_error_top_k: 1]
[auc_mu_weights: ]
[num_machines: 1]
[local_listen_port: 12400]
[time_out: 120]
[machine_list_filename: ]
[machines: ]
[gpu_platform_id: -1]
[gpu_device_id: -1]
[gpu_use_dp: 0]
[num_gpu: 1]

end of parameters

pandas_categorical:[["Angola", "Belize", "Benin", "Botswana", "Burundi", "Cameroon", "Congo, DRC", "C\u00f4te d'Ivoire", "Dominican Republic", "Ethiopia", "Ghana", "Guatemala", "Guinea", "Guyana", "Haiti", "Kazakhstan", "Kenya", "Kyrgyzstan", "Lesotho", "Liberia", "Libya", "Malawi", "Mali", "Mozambique", "Namibia", "Nigeria", "Pakistan", "Rwanda", "Senegal", "South Africa", "South Sudan", "Sudan", "Swaziland", "Tanzania", "Uganda", "Vietnam", "Zambia", "Zimbabwe"], ["Aluvia", "Atripla", "Bioline", "Bundi", "Capillus", "CareStart", "Clearview", "Coartem", "Colloidal Gold", "Crixivan", "Determine", "DoubleCheck", "Epivir", "First Response", "Generic", "Genie", "Hexagon", "INSTi", "ImmunoComb", "InstantCHEK", "Intelence", "Invirase", "Isentress", "Kaletra", "LAV", "Multispot", "Norvir", "OraQuick", "Paramax", "Prezista", "Retrovir", "Reveal", "Reyataz", "Stat-Pak", "Stocrin/Sustiva", "Trizivir", "Truvada", "Uni-Gold", "Videx", "Videx EC", "Viracept", "Viramune", "Viread", "Zerit", "Ziagen"], ["Direct Drop", "From RDC"], ["Abacavir", "Abacavir/Lamivudine", "Abacavir/Lamivudine/Zidovudine", "Artemether/Lumefantrine", "Artesunate+Amodiaquine", "Atazanavir", "Atazanavir/Ritonavir", "Chase Buffer, Determine, 100 Tests, 2.5ml x 1 Vial", "Chloroquine base (as phosphate)", "Darunavir", "Didanosine", "Didanosine EC", "Efavirenz", "Efavirenz/Emtricitabine/Tenofovir Disoproxil Fumarate", "Efavirenz/Lamivudine/Tenofovir Disoproxil Fumarate", "Emtricitabine/Tenofovir Disoproxil Fumarate", "Etravirine", "HIV 1, Uni-Gold Recombigen HIV Control, Vial 2 x 0.5 ml", "HIV 1/2, Bioline 3.0 Diluent, 25 Tests", "HIV 1/2, Bioline 3.0 Kit", "HIV 1/2, Bioline 3.0 Kit (no accessories)", "HIV 1/2, Bioline 3.0 Kit, Lancets, Capillary pipets, Alcohol swabs included", "HIV 1/2, Bundi Rapid HIV Kit", "HIV 1/2, Capillus HIV Kit", "HIV 1/2, Clearview Complete Kit", "HIV 1/2, Colloidal Gold, Diagnostic Kit Set (includes lancet, transfer pipette & alcohol prep pad)", "HIV 1/2, Colloidal Gold, Diagnostic Kit, Antibody", "HIV 1/2, Determine Complete HIV Kit", "HIV 1/2, Determine HIV Kit, without Lancets", "HIV 1/2, Determine Kit without Lancets, Buffer or Capillary Tubes, 100 Tests", "HIV 1/2, DoubleCheck Gold Kit", "HIV 1/2, DoubleCheck II Kit", "HIV 1/2, Genie III Kit", "HIV 1/2, HEXAGON Rapid HIV Kit", "HIV 1/2, INSTI HIV 1/2 Antibody Kit", "HIV 1/2, INSTI HIV Antibody Individual POC, 1 Test", "HIV 1/2, ImmunoComb TriSpot Ag - Ab Kit", "HIV 1/2, InstantChek HIV 1+2 Kit", "HIV 1/2, OraQuick Advance HIV Rapid Antibody Kit", "HIV 1/2, OraQuick Rapid Antibody Kit", "HIV 1/2, Stat-Pak Buffer Only", "HIV 1/2, Stat-Pak Dipstick Assay Kit", "HIV 1/2, Stat-Pak HIV, Kit", "HIV 1/2, Uni-Gold HIV Kit", "HIV 1/2/O, First Response HIV 1-2.0, v.3.0 Cards Kit", "HIV 2, New LAV Blot 2 HIV Kit", "HIV, Capillary Tubes, for Determine, EDTA, 50uL,100 Pcs", "HIV, Genie II HIV-1/HIV-2 Kit", "HIV, Lancet, Safety, for HIV Test kits, 100 Pcs", "HIV, Multispot HIV-1/HIV-2 Rapid Test Kit", "HIV, OraQuick Controls Kit, 3 Vials", "HIV, Reveal G3 Rapid HIV-1 Antibody Test", "Indinavir", "Lamivudine", "Lamivudine/Nevirapine/Stavudine", "Lamivudine/Nevirapine/Zidovudine", "Lamivudine/Stavudine", "Lamivudine/Tenofovir Disoproxil Fumarate", "Lamivudine/Zidovudine", "Lamivudine/Zidovudine+Efavirenz", "Lopinavir/Ritonavir", "Malaria Antigen P.f , HRP2, Kit", "Malaria Antigen P.f Kit, 30 x 1 Test", "Malaria Paramax-3 Kit", "Malaria, Antigen P.f., HRP2 CareStart Kit", "Mefloquine (as hydrochloride)", "Nelfinavir", "Nelfinavir (as mesilate)", "Nevirapine", "Primaquine base (as diphosphate)", "Quinine (as dihydrochloride)", "Quinine (as sulfate)", "Raltegravir", "Ritonavir", "Saquinavir", "Stavudine", "Sulfadoxine/Pyrimethamine", "Tenofovir Disoproxil Fumarate", "Zidovudine"], ["ABBSP", "ABBVIE (Abbott) France", "ABBVIE (Abbott) Logis. UK", "ABBVIE (Abbott) St. P'burg USA", "ABBVIE GmbH & Co.KG Wiesbaden", "ABBVIE Ludwigshafen Germany", "Access BIO, L.C.", "Alere Medical Co., Ltd.", "Aspen-OSD, Port Elizabeth, SA", "Aurobindo Unit III, India", "Aurobindo Unit VII, IN", "BI, Ingelheim, Germany", "BMS Evansville, US", "BMS Meymac, France", "BUNDI INTERNATIONAL DIAGNOSTICS LTD", "Bio-Rad Laboratories", "Boehringer Ing., Koropi, GR", "Boehringer Ingelheim Roxane US", "Bristol-Myers Squibb Anagni IT", "Chembio Diagnostics Sys. Inc.", "Cipla Ltd A-42 MIDC Mahar. IN", "Cipla, Goa, India", "Cipla, Kurkumbh, India", "Cipla, Patalganga, India", "EY Laboratories, USA", "Emcure Plot No.P-2, I.T-B.T. Park, Phase II, MIDC, Hinjwadi, Pune, India", "GSK Aranda", "GSK Barnard Castle UK", "GSK Cape Town Factory (South Africa)", "GSK Crawley", "GSK Mississauga (Canada)", "GSK Ware (UK)", "Gilead(Nycomed) Oranienburg DE", "Gland Pharma Ltd Pally Factory", "Guilin OSD site, No 17, China", "Hetero Unit III Hyderabad IN", "Hetero, Jadcherla, unit 5, IN", "Human Diagnostic", "INVERNESS ANY", "INVERNESS ORGENICS LINE", "Inverness Japan", "Inverness USA", "Ipca Dadra/Nagar Haveli IN", "Janssen Ortho LLC, Puerto Rico", "Janssen-Cilag, Latina, IT", "KHB Test Kit Facility, Shanghai China", "MSD Midrand, J'burg, SA", "MSD Patheon, Canada", "MSD, Haarlem, NL", "Macleods Daman Plant INDIA", "MedMira Inc.", "Medochemie Factory A, CY", "Medopharm Malur Factory, INDIA", "Micro Labs Ltd. (Brown & Burk), India", "Micro Labs, Hosur, India", "Micro labs, Verna, Goa, India", "Mylan (formerly Matrix) Nashik", "Not Applicable", "Novartis Pharma AG, Switzerland", "Novartis Pharma Suffern, USA", "Orasure Technologies, Inc", "Orasure Technologies, Inc USA", "Pacific Biotech, Thailand", "Premier Med. Corp Ltd. India", "Premier Medical Corporation", "Ranbaxy per Shasun Pharma", "Ranbaxy per Shasun Pharma Ltd", "Ranbaxy, Paonta Shahib, India", "Remedica, Limassol, Cyprus", "Roche Basel", "Roche Madrid", "Standard Diagnostics, Korea", "Strides, Bangalore, India.", "Trinity Biotech, Plc", "Weifa A.S., Hausmanngt. 6, P.O. Box 9113 Gr\u00c3\u00b8nland, 0133, Oslo, Norway", "bioLytical Laboratories"], ["No", "Yes"], ["Capsule", "Chewable/dispersible tablet", "Chewable/dispersible tablet - FDC", "Delayed-release capsules", "Delayed-release capsules - blister", "Injection", "Oral powder", "Oral solution", "Oral suspension", "Powder for oral solution", "Tablet", "Tablet - FDC", "Tablet - FDC + blister", "Tablet - FDC + co-blister", "Tablet - blister", "Test kit", "Test kit - Ancillary"], ["100/25mg", "100mg", "10mg/ml", "125mg", "133.3/33.3mg", "150/200/30mg", "150/300/200mg", "150/300mg", "150/300mg+600mg", "150/30mg", "150mg", "15mg", "1mg/ml", "20/120mg", "200/300mg", "200/50mg", "200mg", "20mg", "20mg/ml", "250mg", "25mg", "2g", "30/50/60mg", "30/50/6mg", "30/60mg", "30/6mg", "300/100mg", "300/150/300mg", "300/200mg", "300/300mg", "300mg", "30mg", "30mg/ml", "400mg", "40mg", "50+153mg", "500/25mg", "500mg", "50mg", "50mg/g", "60/100/12mg", "60/12mg", "60/30mg", "600/200/300mg", "600/300/300mg", "600/300mg", "600mg", "600mg/2ml", "60mg", "80/20mg/ml", "80mg/ml", "missing"], ["Air", "Air Charter", "Missing", "Ocean", "Truck"], ["ACT", "ANTM", "ARV", "HRDT", "MRDT"], ["ACT", "Adult", "HIV test", "HIV test - Ancillary", "Malaria", "Pediatric"], ["CIF", "CIP", "DAP", "DDP", "DDU", "EXW", "FCA", "N/A - From RDC"], ["ABBOTT LABORATORIES (PUERTO RICO)", "ABBOTT LOGISTICS B.V.", "ABBVIE LOGISTICS (FORMERLY ABBOTT LOGISTICS BV)", "ABBVIE, SRL (FORMALLY ABBOTT LABORATORIES INTERNATIONAL CO.)", "ACCESS BIO, INC.", "ACTION MEDEOR E.V.", "AHN (PTY) LTD (AKA UCB (S.A.)", "AMSTELFARMA B.V.", "ASPEN PHARMACARE", "AUROBINDO PHARAM (SOUTH AFRICA)", "Abbott GmbH & Co. KG", "Aurobindo Pharma Limited", "BIO-RAD LABORATORIES (FRANCE)", "BIO-RAD LABORATORIES PTY LTD. (SOUTH AFRICA)", "BIOLYTICAL LABORATORIES INC.", "BRISTOL-MYERS SQUIBB", "BUNDI INTERNATIONAL DIAGNOSTICS LTD", "CENTRAL PHARMACEUTICAL COMPANY NO. 1", "CHEMBIO DIAGNOSTIC SYSTEMS, INC.", "CIPLA LIMITED", "EMCURE PHARMACEUTICALS LTD", "ETHNOR DEL ISTMO S.A.", "EY Laboratories", "GILEAD SCIENCES IRELAND, INC.", "GLAXOSMITHKLINE EXPORT LIMITED", "HETERO LABS LIMITED", "HUMAN GMBH", "Hoffmann-La Roche ltd Basel", "IDA FOUNDATION", "IDIS LIMITED", "IMRES B.V.", "INTERNATIONAL HEALTHCARE DISTRIBUTORS", "INVERNESS MEDICAL INNOVATIONS HONG KONG LTD", "INVERNESS MEDICAL INNOVATIONS SOUTH AFRICA (PTY) LTD", "JSI R&T INSTITUTE, INC.", "KAS MEDICS LIMITED", "LAWRENCE LABORATORIES (SUBSIDIARY OF BRISTOL MYERS SQUIBB)", "MEDMIRA EAST AFRICA LTD.", "MERCK SHARP & DOHME IDEA GMBH (FORMALLY MERCK SHARP & DOHME B.V.)", "MICRO LABS LIMITED", "MISSIONPHARMA A/S", "MYLAN LABORATORIES LTD (FORMERLY MATRIX LABORATORIES)", "NOVARTIS PHARMA SERVICES AG", "Orasure Technologies Inc.", "Orgenics, Ltd", "PHARMACY DIRECT", "PUETRO RICO PHARMACEUTICAL, INC.", "Premier Medical Corporation Ltd.", "RAININ INSTRUMENT, LLC.", "REINBOLD EXPORT IMPORT", "S. BUYS WHOLESALER", "SCMS from RDC", "SETEMA LIMITED PLC", "SHANGHAI KEHUA BIOENGINEERING CO.,LTD.  (KHB)", "STRIDES ARCOLAB LIMITED", "SUB-SAHARAN BIOMEDICAL P.L.C.", "SUN PHARMACEUTICAL INDUSTRIES LTD (RANBAXY LABORATORIES LIMITED)", "SYSMEX AMERICA INC", "Standard Diagnostics, Inc.", "THE MEDICAL EXPORT GROUP BV", "TURE PHARMACEUTICALS & MEDICAL SUPPLIES P.L.C.", "Trinity Biotech, Plc", "ZEPHYR BIOMEDICALS"]]
