tree
version=v4
num_class=1
num_tree_per_iteration=1
label_index=0
max_feature_idx=38
objective=quantile
feature_names=Unit_Price vendor_hist_volume country_hist_delay_rate Country T_pred_quarter vendor_hist_delay_median Brand weight_is_numeric Fulfill_Via freight_is_numeric Molecule/Test_Type vendor_hist_delay_rate Manufacturing_Site First_Line_Designation is_rdc_fulfillment po_sent_is_date Dosage_Form Forecast_Horizon_Days PQ_to_PO_Days T_pred_year T_pred_month Dosage Unit_of_Measure_(Per_Pack) Shipment_Mode pq_first_sent_is_date site_hist_delay_rate country_hist_delay_median Line_Item_Value Product_Group Pack_Price is_pre_pq_process Line_Item_Insurance_(USD) Sub_Classification Scheduled_Transit_Days T_pred_dayofweek country_hist_volume Vendor_INCO_Term Vendor Line_Item_Quantity
feature_infos=[0.0099503308531680833:1.5040773967762742] [0:2651] [0:0.58823529411764708] -1:25:29:7:34:23:36:37:33:14:6:4:27:13:16:9:30:5:10:8:2:32:35 [1:4] [-53:5] -1:14:10:0:2:23:15 [0:1] -1:1:0 [0:1] -1:12:68:55:58:27:78:53:57:60:77:0:54:14:13:15:56:1:75:10:28:21:47 [0:0.59999999999999998] -1:9:56:35:21:72:7:40:5:10:22:25:2:71:15:36:65 -1:1:0 [0:1] [0:1] -1:10:11:15:7:0:8:2:1:3 [4:497] [-1:204] [2006:2013] [1:12] -1:16:30:2:51:46:6:7:29:15:10:44:43:5:14:22:9:38:42:24:45:18:31:1:49:12:17:23:40 [20:300] -1:0:4:1:3 [0:1] [0:0.40000000000000002] [-25:8] [3.8253751987024738:15.257388791762295] -1:2:3 [0.81093021621632877:5.8607862234658654] [0:1] [0:8.6259238218524317] -1:1:5:2 [4:497] [0:6] [0:642] -1:7:3:5:6 -1:51:11:44:19:50:2:58:12 [0.69314718055994529:12.904112835769981]
tree_sizes=967 1013 1271 1271 1441 1350 1338 1274 1613 1527 1364 1364 1520 1603 1349 1624 1540 1450 1857 1590 1935 1864 1866 1833 2027 1849 2016 2022 2048 2118 2052 1878 2118 2203 1963 2359 2209 2285 2125 2109 2202 2049 2221 2133 2143 2280 2137 2206 2291 2288

Tree=0
num_leaves=10
num_cat=2
split_feature=3 1 4 38 17 21 26 17 0
split_gain=9.22106 15.3731 0.95715 3.09156 0.414781 0.101942 0.254921 0.0382353 2.22045e-16
threshold=0 2027.5000000000002 1.5000000000000002 10.343820749338736 116.50000000000001 1 -3.7499999999999996 219.50000000000003 0.072309844804971588
decision_type=9 2 2 2 2 9 2 2 2
left_child=1 2 3 -1 -4 6 -2 -8 -7
right_child=5 -3 4 -5 -6 8 7 -9 -10
leaf_value=89.999990808963773 85.089991235733038 91.289991760253912 81.089991760253909 82.33999115228653 84.434991484880442 79.559991228580472 80.989991760253901 81.814990741014483 79.889991760253906
leaf_weight=20 23 27 44 35 34 224 65 20 467
leaf_count=20 23 27 44 35 34 224 65 20 467
internal_value=83.1 83.1212 83.1085 83.1186 83.1014 83.0955 83.0988 83.0962 83.0951
internal_weight=959 160 133 55 78 799 108 85 691
internal_count=959 160 133 55 78 799 108 85 691
cat_boundaries=0 1 3
cat_threshold=536870976 1077936128 2048
is_linear=0
shrinkage=1


Tree=1
num_leaves=10
num_cat=1
split_feature=3 1 22 0 26 0 7 0 2
split_gain=6.85473 13.782 1.10221 0.568059 0.126493 0.136089 0.0281532 0.011801 0.0368421
threshold=0 2027.5000000000002 75.000000000000014 0.19473560917690749 -11.999999999999998 0.18647095820130219 1.0000000180025095e-35 0.44336916480606542 0.048189975247524761
decision_type=9 2 2 2 2 2 2 2 2
left_child=1 2 3 6 5 -2 -1 -6 -9
right_child=4 -3 -4 -5 7 -7 -8 8 -10
leaf_value=-1.8441742361903117 -5.8559991228580479 7.371000823974609 5.7700003159046176 2.1673750157952032 -2.8889991760253908 1.0670002267360492 -0.84029940826894856 -0.12812494498493551 -3.1289993464946408
leaf_weight=24 30 27 23 36 661 32 50 20 56
leaf_count=24 30 27 23 36 661 32 50 20 56
internal_value=-0.000620439 0.0176471 0.00552631 0.00136364 -0.00444376 -0.000161292 -0.00364865 -0.00486432 -0.00368421
internal_weight=959 160 133 110 799 62 74 737 76
internal_count=959 160 133 110 799 62 74 737 76
cat_boundaries=0 1
cat_threshold=536870976
is_linear=0
shrinkage=0.1


Tree=2
num_leaves=13
num_cat=1
split_feature=3 1 22 0 26 0 7 0 2 26 0 4
split_gain=6.42003 14.0478 0.739995 0.568059 0.1193 0.136089 0.0281532 0.00924335 0.0368421 0.0097231 0.038764 2.22045e-16
threshold=0 2027.5000000000002 75.000000000000014 0.19473560917690749 -11.999999999999998 0.18647095820130219 1.0000000180025095e-35 0.44336916480606542 0.048189975247524761 -3.7499999999999996 0.10884435031562299 1.5000000000000002
decision_type=9 2 2 2 2 2 2 2 2 2 2 2
left_child=1 2 3 6 5 -2 -1 9 -9 10 -6 -11
right_child=4 -3 -4 -5 7 -7 -8 8 -10 11 -12 -13
leaf_value=-1.6597568125712805 -5.2703992105722426 6.6339007415771478 5.1930002843141558 1.9506375142156831 -5.9397506881713866 0.96030020406244354 -0.7562694674420537 -0.11531245048644223 -2.816099411845177 -5.3134993308543503 -5.1000992584228513 -2.1000992584228513
leaf_weight=24 30 27 23 36 20 32 50 20 56 105 69 467
leaf_count=24 30 27 23 36 20 32 50 20 56 105 69 467
internal_value=-0.000620439 0.0170588 0.00477443 0.00136364 -0.00432015 -0.000161292 -0.00364865 -0.00472863 -0.00368421 -0.00484872 -0.00387641 -0.005
internal_weight=959 160 133 110 799 62 74 737 76 661 89 572
internal_count=959 160 133 110 799 62 74 737 76 661 89 572
cat_boundaries=0 1
cat_threshold=536870976
is_linear=0
shrinkage=0.1


Tree=3
num_leaves=13
num_cat=2
split_feature=3 1 22 0 10 5 26 7 26 25 19 0
split_gain=5.59335 14.5869 0.65881 0.388847 0.139679 0.217391 0.123188 0.027013 0.0223211 0.0374048 0.0556384 2.22045e-16
threshold=0 2027.5000000000002 110.00000000000001 0.19473560917690749 1 -10.499999999999998 -4.4999999999999991 1.0000000180025095e-35 -3.7499999999999996 0.12746486696661671 2011.5000000000002 0.014876479074673899
decision_type=9 2 2 2 9 2 2 2 2 2 2 2
left_child=1 2 3 7 5 -2 -7 -1 9 10 -6 -10
right_child=4 -3 -4 -5 8 6 -8 -9 11 -11 -12 -13
leaf_value=-1.5055061327327433 0.099910641193389438 5.9705106674194326 5.1136999077916148 1.7555737627941146 -4.7549093187451534 1.1278556140291476 -2.1035898197889331 -0.44009785048848377 -2.4170895082950583 -4.690089383382757 -0.67172971501588563 -2.4436896702286557
leaf_weight=25 23 27 20 36 28 24 68 52 65 81 33 477
leaf_count=25 23 27 20 36 28 24 68 52 65 81 33 477
internal_value=-0.000620439 0.0158824 0.00327068 0.000309733 -0.00407293 -0.000600001 -0.00282609 -0.0037013 -0.00463977 -0.00359155 -0.00172131 -0.005
internal_weight=959 160 133 113 799 115 92 77 684 142 61 542
internal_count=959 160 133 113 799 115 92 77 684 142 61 542
cat_boundaries=0 1 4
cat_threshold=536870976 12288 0 8192
is_linear=0
shrinkage=0.1


Tree=4
num_leaves=15
num_cat=1
split_feature=3 1 18 27 38 11 26 0 27 0 2 26 0 0
split_gain=5.01767 15.1361 0.243609 0.393522 0.672677 0.245455 0.112317 0.136089 0.0433671 0.00948992 0.0364865 0.00980843 0.0386364 2.22045e-16
threshold=0 2027.5000000000002 20.500000000000004 9.824336550141739 10.366540532802192 0.044786096256684498 -11.999999999999998 0.18647095820130219 5.8133613952241356 0.44336916480606542 0.048189975247524761 -3.7499999999999996 0.10884435031562299 0.18647095820130219
decision_type=9 2 2 2 2 2 2 2 2 2 2 2 2 2
left_child=1 2 3 -1 -5 -6 7 -2 -8 11 -11 12 -10 -13
right_child=6 -3 -4 4 5 -7 8 -9 9 10 -12 13 -14 -15
leaf_value=-0.60643424887130282 -4.2707852569726814 5.3734596006774895 -1.7763009033648567 4.3923305977246052 -1.3789870579771748 1.2096165875492699 -0.66008057789802599 0.85046188185422045 -4.8968583883429044 0.095560324144951636 -2.4902711703838962 -1.6797306713385582 -4.1560804741125157 -2.6457203655577022
leaf_weight=30 30 27 38 21 24 20 20 32 20 20 54 461 68 94
leaf_count=30 30 27 38 21 24 20 20 32 20 20 54 461 68 94
internal_value=-0.000933265 0.0147059 0.00176692 0.00447368 0.00884615 0.00181818 -0.00419654 -0.000161292 -0.00459295 -0.00472106 -0.00364865 -0.00484448 -0.00386364 -0.005
internal_weight=959 160 133 95 65 44 799 62 737 717 74 643 88 555
internal_count=959 160 133 95 65 44 799 62 737 717 74 643 88 555
cat_boundaries=0 1
cat_threshold=536870976
is_linear=0
shrinkage=0.1


Tree=5
num_leaves=14
num_cat=2
split_feature=3 1 10 5 18 27 38 11 26 26 25 19 0
split_gain=4.82361 15.1361 0.307629 0.704348 0.243609 0.393522 0.672677 0.245455 0.123188 0.0223211 0.0374048 0.0556384 2.22045e-16
threshold=0 2027.5000000000002 1 -10.499999999999998 20.500000000000004 9.824336550141739 10.366540532802192 0.044786096256684498 -4.4999999999999991 -3.7499999999999996 0.12746486696661671 2011.5000000000002 0.014876479074673899
decision_type=9 2 9 2 2 2 2 2 2 2 2 2 2
left_child=1 4 3 -2 5 -1 -7 -8 -5 10 11 -4 -11
right_child=2 -3 9 8 -6 6 7 -9 -10 12 -12 -13 -14
leaf_value=-0.54579082398417189 0.23454675272764122 4.8361136406097405 -3.8523398611733706 0.98013495182105825 -1.5986708130283711 3.9530975379521447 -1.2410883521794578 1.0886549287943434 -1.6914480542246999 -2.0074074903316954 -3.8054723866941296 -0.68960293169971865 -1.9884681989286148
leaf_weight=30 23 27 28 24 38 21 24 20 68 65 81 33 477
leaf_count=30 23 27 28 24 38 21 24 20 68 65 81 33 477
internal_value=-0.000620439 0.0147059 -0.00382571 0.000999999 0.00176692 0.00447368 0.00884615 0.00181818 -0.00282609 -0.00463977 -0.00359155 -0.00172131 -0.005
internal_weight=959 160 799 115 133 95 65 44 92 684 142 61 542
internal_count=959 160 799 115 133 95 65 44 92 684 142 61 542
cat_boundaries=0 1 4
cat_threshold=536870976 12288 0 8192
is_linear=0
shrinkage=0.1


Tree=6
num_leaves=14
num_cat=2
split_feature=3 1 10 29 18 1 27 27 0 26 25 19 0
split_gain=5.06898 14.8602 0.411849 0.745939 0.300752 0.396644 0.677255 0.473469 0.037013 0.0223211 0.0374048 0.0556384 2.22045e-16
threshold=0 2027.5000000000002 1 2.370243304748306 20.500000000000004 226.50000000000003 11.28780345299595 12.519374737331351 0.13539510239078142 -3.7499999999999996 0.12746486696661671 2011.5000000000002 0.014876479074673899
decision_type=9 2 9 2 2 2 2 2 2 2 2 2 2
left_child=1 4 3 8 5 6 -1 -8 -2 10 11 -4 -11
right_child=2 -3 9 -5 -6 -7 7 -9 -10 12 -12 -13 -14
leaf_value=3.7677871034447779 -1.5929723083964686 4.3525022765487664 -3.4671058750560335 0.40329153895973352 -1.4388037317255333 -4.1433281516835763 -0.98715544354302753 0.97978943591490941 -1.6135926519235029 -1.8066667412985256 -3.4249251480247169 -0.62064263852974622 -1.7896213790357534
leaf_weight=20 57 27 28 38 38 26 29 20 20 65 81 33 477
leaf_count=20 57 27 28 38 38 26 29 20 20 65 81 33 477
internal_value=-0.000411889 0.0152941 -0.0037021 0.0018 0.0025188 0.00552631 0.00949275 0.00316326 -0.0037013 -0.00463977 -0.00359155 -0.00172131 -0.005
internal_weight=959 160 799 115 133 95 69 49 77 684 142 61 542
internal_count=959 160 799 115 133 95 69 49 77 684 142 61 542
cat_boundaries=0 1 4
cat_threshold=536870976 12288 0 8192
is_linear=0
shrinkage=0.1


Tree=7
num_leaves=13
num_cat=2
split_feature=3 1 10 34 29 22 0 35 35 0 11 7
split_gain=4.74479 14.8602 0.616801 0.740279 0.341584 0.271045 0.380685 0.0399399 0.088832 0.28103 0.044709 0.0281532
threshold=0 2027.5000000000002 1 1.0000000180025095e-35 2.370243304748306 75.000000000000014 0.19473560917690749 236.00000000000003 260.50000000000006 0.12662294756532669 0.08520864756158876 1.0000000180025095e-35
decision_type=9 2 9 2 2 2 2 2 2 2 2 2
left_child=1 5 3 -2 -5 6 11 -4 9 -9 -10 -1
right_child=2 -3 7 4 -6 -7 -8 8 10 -11 -12 -13
leaf_value=-1.363118041852609 0.68329583921757042 3.9172520488938902 -2.7024679250558492 -1.8435681628247469 0.10302808539981685 2.9510087411914259 1.0313318027486393 0.13400015362159387 -1.0135781732130724 -1.0849384801022779 -1.5999383406274093 -1.0367300223144937
leaf_weight=24 33 27 415 69 32 23 36 21 20 40 169 50
leaf_count=24 33 27 415 69 32 23 36 21 20 40 169 50
internal_value=0.000109488 0.0152941 -0.00308406 0.00298611 -0.00103961 0.0025188 0.000454544 -0.00433333 -0.0034 -8.19684e-05 -0.0044709 -0.00364865
internal_weight=959 160 799 134 101 133 110 665 250 61 189 74
internal_count=959 160 799 134 101 133 110 665 250 61 189 74
cat_boundaries=0 1 4
cat_threshold=536870976 12288 16777216 8192
is_linear=0
shrinkage=0.1


Tree=8
num_leaves=17
num_cat=2
split_feature=3 1 21 29 11 9 1 27 5 27 2 17 17 1 29 11
split_gain=3.87727 15.6955 0.541442 0.57088 0.432129 0.232589 0.634921 0.037562 0.115758 0.040991 0.037013 0.0361781 0.100186 0.0240002 0.021841 0.0261905
threshold=0 2027.5000000000002 1 2.8150410558631225 0.20280006340779841 1.0000000180025095e-35 179.50000000000003 8.9931841345292156 -10.499999999999998 8.7506805773586809 0.16901828298887125 157.50000000000003 184.50000000000003 2605.5000000000005 4.4078482512498018 0.077131322900181723
decision_type=9 2 9 2 2 2 2 2 2 2 2 2 2 2 2 2
left_child=1 5 3 4 10 6 -1 8 -4 -10 -2 -7 -13 14 -9 -16
right_child=2 -3 7 -5 -6 11 -8 13 9 -11 -12 12 -14 -15 15 -17
leaf_value=3.4477026783267024 -1.5047542544568007 3.5255268440045002 0.01184081357282878 1.3196998544341971 0.064732128618179272 -1.1172538288601963 -3.0287507823462136 -1.8604236309347728 -2.8355542833366449 -2.8099970174387021 -0.24528943761264088 0.60320277149308488 -0.55484513491711329 -0.11664487046652283 -0.91222035589176476 -5.1934196572801197
leaf_weight=21 57 27 23 22 24 39 24 466 91 20 20 22 27 34 20 22
leaf_count=21 57 27 23 22 24 39 24 466 91 20 20 22 27 34 20 22
internal_value=-0.000203338 0.0135294 -0.00308406 0.00289474 -4.95061e-05 0.000263157 0.00611111 -0.00419825 -0.0027612 -0.0040991 -0.0037013 -0.00272727 -0.000918369 -0.004631 -0.00480315 -0.00261905
internal_weight=959 160 799 123 101 133 45 676 134 111 77 88 49 542 508 42
internal_count=959 160 799 123 101 133 45 676 134 111 77 88 49 542 508 42
cat_boundaries=0 1 3
cat_threshold=536870976 1077936640 2048
is_linear=0
shrinkage=0.1


Tree=9
num_leaves=16
num_cat=3
split_feature=3 1 10 34 4 38 16 11 7 17 17 17 29 20 2
split_gain=4.27694 15.4145 0.304918 0.620466 0.287349 0.65641 0.0927946 0.141887 0.338113 0.0352941 0.0352941 0.0214125 0.0204365 0.0277778 2.22045e-16
threshold=0 2027.5000000000002 1 1.5000000000000002 2.5000000000000004 10.274013800647891 2 0.19068031497147425 1.0000000180025095e-35 200.50000000000003 140.50000000000003 307.50000000000006 4.4078482512498018 7.5000000000000009 0.022055356796183822
decision_type=9 2 9 2 2 2 9 2 2 2 2 2 2 2 2
left_child=1 4 3 -2 5 -1 11 8 -8 -5 -6 12 14 -14 -4
right_child=2 -3 6 9 10 -7 7 -9 -10 -11 -12 -13 13 -15 -16
leaf_value=2.5786069959427618 0.53567364028132392 3.1729741596040499 -3.2054021295237036 -0.67109337861732576 -1.5958335427436057 -0.47850487970249544 -2.8359012423055101 -1.3226534160071068 0.33980418035020343 -4.0731660601455522 -0.087117488966923423 -0.043098860504446661 -3.8952319314778814 -0.82099832030258857 -1.8669958087477572
leaf_weight=26 33 27 54 48 48 39 28 47 25 20 20 38 25 20 461
leaf_count=26 33 27 54 48 48 39 28 47 25 20 20 38 25 20 461
internal_value=-0.000307613 0.0141176 -0.00333127 0.00175676 0.00101504 0.00576923 -0.00408192 -0.000909092 0.00254717 -0.00352941 -0.00352941 -0.00458882 -0.00482143 -0.00277778 -0.005
internal_weight=959 160 799 101 133 65 698 100 53 68 68 598 560 45 515
internal_count=959 160 799 101 133 65 698 100 53 68 68 598 560 45 515
cat_boundaries=0 1 4 5
cat_threshold=536870976 9217 16777216 8192 36096
is_linear=0
shrinkage=0.1


Tree=10
num_leaves=14
num_cat=2
split_feature=3 1 10 34 5 27 27 5 11 1 1 2 35
split_gain=3.93508 15.6955 0.336221 0.343126 0.377388 0.199471 0.729167 0.114023 0.106787 0.0538161 0.0796362 0.106667 0.0301616
threshold=0 2027.5000000000002 1 1.5000000000000002 -8.4999999999999982 10.873042877764101 9.1629851791178023 -10.499999999999998 0.1224400477950371 2279.5000000000005 2325.5000000000005 0.21163829530363398 507.00000000000006
decision_type=9 2 9 2 2 2 2 2 2 2 2 2 2
left_child=1 5 3 4 -2 6 -1 -5 -7 12 -11 -12 -4
right_child=2 -3 9 7 -6 8 -8 -9 -10 10 11 -13 -14
leaf_value=-2.1167901217799399 -0.083104009834403317 2.8556767436436448 -2.4033695779542779 -0.14092026155837392 0.68004948418011502 -0.89996517152354838 2.7635041071306583 -3.4100800704253689 0.41159420986186745 -0.17402416511035829 -0.75486439897789648 0.038747075787232757 -0.80389819382538408
leaf_weight=28 27 27 446 25 30 59 20 62 26 28 120 30 31
leaf_count=28 27 27 446 25 30 59 20 62 26 28 120 30 31
internal_value=-0.000307613 0.0135294 -0.00320766 0.00116883 0.0072807 0.000263157 0.00541667 -0.00270115 -0.00264706 -0.00417293 -0.00275281 -0.00366667 -0.00479036
internal_weight=959 160 799 144 57 133 48 87 85 655 178 150 477
internal_count=959 160 799 144 57 133 48 87 85 655 178 150 477
cat_boundaries=0 1 4
cat_threshold=536870976 13312 16777216 8192
is_linear=0
shrinkage=0.1


Tree=11
num_leaves=14
num_cat=2
split_feature=3 1 4 17 10 29 2 2 34 17 17 29 20
split_gain=4.11082 15.6955 0.200131 0.607444 0.168427 0.37769 0.14792 0.0484794 0.105042 0.0401961 0.0352941 0.0213216 0.0267442
threshold=0 2027.5000000000002 2.5000000000000004 160.50000000000003 1 2.370243304748306 0.039888682745825611 0.17122109079579093 3.5000000000000004 299.50000000000006 140.50000000000003 4.4078482512498018 7.5000000000000009
decision_type=9 2 2 2 9 2 2 2 2 2 2 2 2
left_child=1 2 3 -1 5 6 -2 11 9 -9 -4 -6 -13
right_child=4 -3 10 -5 7 -7 -8 8 -10 -11 -12 12 -14
leaf_value=2.7005001383502583 0.2565894815521228 2.5701090692792805 -1.3462536713168904 -0.67735597818456117 -1.5990175440020087 0.44221988412082791 -1.1031661603160154 -2.8071931488005273 0.11181718403620107 -0.040528659136682112 -0.11956516105641697 -3.2524968488910702 -0.65850866888979032
leaf_weight=31 22 27 48 34 474 38 96 82 24 20 20 23 20
leaf_count=31 22 27 48 34 474 38 96 82 24 20 20 23 20
internal_value=-0.000620439 0.0135294 0.000263157 0.00423077 -0.00357849 -0.000481929 -0.00330509 -0.00431087 -0.00261905 -0.00401961 -0.00352941 -0.00480658 -0.00267442
internal_weight=959 160 133 65 799 156 118 643 126 102 68 517 43
internal_count=959 160 133 65 799 156 118 643 126 102 68 517 43
cat_boundaries=0 1 4
cat_threshold=536870976 12288 2097152 8192
is_linear=0
shrinkage=0.1


Tree=12
num_leaves=16
num_cat=2
split_feature=3 1 10 9 35 31 9 1 1 1 2 17 17 35 0
split_gain=3.66318 15.979 0.417437 0.3645 0.449163 0.321406 0.130333 0.406349 0.0528526 0.0809191 0.099026 0.0361781 0.100186 0.0292175 2.22045e-16
threshold=0 2027.5000000000002 1 1.0000000180025095e-35 129.00000000000003 4.506702373998734 1.0000000180025095e-35 179.50000000000003 2279.5000000000005 2325.5000000000005 0.21163829530363398 157.50000000000003 184.50000000000003 507.00000000000006 0.58220001460305648
decision_type=9 2 9 2 2 2 2 2 2 2 2 2 2 2 2
left_child=1 6 3 -2 -5 -6 7 -1 13 -10 -11 -8 -13 14 -4
right_child=2 -3 8 4 5 -7 11 -9 9 10 -12 12 -14 -15 -16
leaf_value=2.8395733346819387 -0.95044096142012524 2.313098162351352 -2.0188990677084071 2.9317501633431409 0.068551092894724594 -3.0790396906985409 -0.66805877789110868 -2.4374989116272516 -0.1346892055233643 -0.52664240383004568 0.022172579678972015 0.52239133835992391 -0.96583613391428735 -0.65765750755386565 -1.448806152624438
leaf_weight=21 45 27 411 21 27 32 39 24 28 122 32 22 27 32 49
leaf_count=21 45 27 411 21 27 32 39 24 28 122 32 22 27 32 49
internal_value=-0.000411889 0.0129412 -0.00320766 0.00203704 0.00625 0.00177966 -0.000488723 0.00388889 -0.00419591 -0.0028022 -0.0037013 -0.00272727 -0.000918369 -0.00479675 -0.005
internal_weight=959 160 799 125 80 59 133 45 674 182 154 88 49 492 460
internal_count=959 160 799 125 80 59 133 45 674 182 154 88 49 492 460
cat_boundaries=0 1 4
cat_threshold=536870976 13312 0 8192
is_linear=0
shrinkage=0.1


Tree=13
num_leaves=17
num_cat=3
split_feature=3 19 4 38 21 31 27 11 3 1 34 27 17 29 20 1
split_gain=1.91566 8.575 0.234416 0.495879 0.188097 0.220513 0.264336 0.316394 0.0923918 0.220952 0.114502 0.0449831 0.037013 0.0204709 0.0277778 2.22045e-16
threshold=0 2012.5000000000002 2.5000000000000004 10.274013800647891 1 4.3755052910426189 12.508943804743451 0.19150266470612293 2 2305.0000000000005 3.5000000000000004 5.8133613952241356 140.50000000000003 4.4078482512498018 7.5000000000000009 146.00000000000003
decision_type=9 2 2 2 9 2 2 2 9 2 2 2 2 2 2 2
left_child=1 2 3 -1 5 -2 7 -7 9 -6 -11 -10 -4 15 -15 -13
right_child=4 -3 12 -5 8 6 -8 -9 11 10 -12 13 -14 14 -16 -17
leaf_value=1.7861413291427084 -0.37658809320325859 2.0817883461162183 -0.11821165388378177 -0.34703537151180097 -2.709875674946352 1.5106522430821467 -3.4290740314674988 -0.14573673594855932 -0.74609035392736023 0.11420860088868348 -0.17879347113415975 -1.5396412405990132 -0.15984777878676795 -2.7952414803831149 -0.52689205124542438 -1.0387448515483488
leaf_weight=24 43 20 57 39 58 23 21 21 20 20 22 65 20 25 20 461
leaf_count=24 43 20 57 39 58 23 21 21 20 20 22 65 20 25 20 461
internal_value=-0.00145464 0.00823529 -1.19209e-09 0.00452381 -0.00345488 0.000508473 0.00423077 0.00863636 -0.00407275 -0.000909092 0.00452381 -0.00458403 -0.0037013 -0.00482487 -0.00277778 -0.005
internal_weight=959 160 140 63 799 108 65 44 691 100 42 591 77 571 45 526
internal_count=959 160 140 63 799 108 65 44 691 100 42 591 77 571 45 526
cat_boundaries=0 1 3 4
cat_threshold=536870976 1077936128 2048 142606336
is_linear=0
shrinkage=0.1


Tree=14
num_leaves=14
num_cat=2
split_feature=3 19 10 0 4 17 17 20 1 1 2 17 35
split_gain=1.65163 8.75089 0.470281 0.556522 0.15267 0.436508 0.127974 0.214242 0.0533544 0.0809191 0.099026 0.037013 0.029258
threshold=0 2012.5000000000002 1 0.34003097050564496 2.5000000000000004 160.50000000000003 139.00000000000003 5.5000000000000009 2279.5000000000005 2325.5000000000005 0.21163829530363398 140.50000000000003 507.00000000000006
decision_type=9 2 9 2 2 2 2 2 2 2 2 2 2
left_child=1 4 3 6 5 -1 -2 -8 12 -10 -11 -6 -4
right_child=2 -3 8 -5 11 -7 7 -9 9 10 -12 -13 -14
leaf_value=2.2303889174350524 -2.9513771875689212 1.873609511504597 -1.4364645521027355 0.86790566134787339 -0.10639048849540417 -0.64362632111307616 -3.4100705821495318 0.079636892493482117 -0.092287737115054919 -0.37010367829220603 0.035528297934596241 -0.14386300090809101 -0.5392025516739366
leaf_weight=30 39 20 470 23 57 33 22 31 28 122 32 20 32
leaf_count=30 39 20 470 23 57 33 22 31 28 122 32 20 32
internal_value=-0.00135037 0.00764706 -0.00320766 0.0026 -0.000714287 0.00293651 -0.000652175 0.00254717 -0.00420749 -0.0028022 -0.0037013 -0.0037013 -0.0048008
internal_weight=959 160 799 115 140 63 92 53 684 182 154 77 502
internal_count=959 160 799 115 140 63 92 53 684 182 154 77 502
cat_boundaries=0 1 4
cat_threshold=536870976 12288 0 8192
is_linear=0
shrinkage=0.1


Tree=15
num_leaves=17
num_cat=3
split_feature=3 19 10 17 2 1 22 34 18 18 3 5 9 27 1 11
split_gain=1.57812 8.75089 0.308218 0.224773 0.336506 0.367785 0.167958 0.0975152 0.0877193 0.179487 0.0568788 0.0956375 0.101178 0.157952 0.0412511 0.02654
threshold=0 2012.5000000000002 1 113.50000000000001 0.050696506051609962 2403.5000000000005 75.000000000000014 1.5000000000000002 14.500000000000002 20.500000000000004 2 -8.4999999999999982 1.0000000180025095e-35 11.419094717871982 2605.5000000000005 0.077131322900181723
decision_type=9 2 9 2 2 2 2 2 2 2 9 2 2 2 2 2
left_child=1 6 3 -2 -5 7 8 -6 -1 -10 11 12 -4 -14 -12 -13
right_child=2 -3 10 4 5 -7 -8 -9 9 -11 14 15 13 -15 -16 -17
leaf_value=-0.095751439645863468 -3.2952819264772688 1.686248560354136 -1.8492070156822216 2.6510962885377847 0.041698355654274558 0.055782000325884054 1.1779099767244536 -1.4811707515115378 0.48859081230867107 -1.297155355043633 -1.014085338971874 -0.48528229650654287 0.42294555444874504 -0.67936232566797794 -0.018371443707533259 -1.7748467878123613
leaf_weight=60 47 20 22 20 27 24 26 52 26 28 426 28 20 29 23 81
leaf_count=60 47 20 22 20 27 24 26 52 26 28 426 28 20 29 23 81
internal_value=-0.00114182 0.00764706 -0.00296045 0.000833332 0.00313008 0.000825242 -0.000714287 -0.00246836 -0.00236842 0.000555554 -0.00398279 -0.00210526 0.000633802 0.00316326 -0.0046732 -0.00408257
internal_weight=959 160 799 170 123 103 140 79 114 54 629 180 71 49 449 109
internal_count=959 160 799 170 123 103 140 79 114 54 629 180 71 49 449 109
cat_boundaries=0 1 4 6
cat_threshold=536870976 13312 268435456 8192 167772160 16
is_linear=0
shrinkage=0.1


Tree=16
num_leaves=16
num_cat=3
split_feature=3 26 1 10 34 2 20 10 31 35 26 17 35 25 0
split_gain=1.62148 5.23549 0.420485 0.32596 0.301324 0.139465 0.135307 0.0786702 0.184763 0.395568 0.0425926 0.0295918 0.0217218 0.0261905 5.55112e-17
threshold=0 -1.0000000180025095e-35 2403.5000000000005 1 1.0000000180025095e-35 0.043854033290653016 11.500000000000002 2 4.5774391792176301 252.50000000000003 -6.4999999999999991 175.50000000000003 507.00000000000006 0.13757107606479993 0.16973387280050573
decision_type=9 2 2 9 2 2 2 9 2 2 2 2 2 2 2
left_child=1 -1 -3 4 -2 -6 -7 8 9 11 -10 -5 -9 -14 -12
right_child=3 2 -4 7 5 6 -8 12 10 -11 14 -13 13 -15 -16
leaf_value=1.5176237043187228 2.0962265648418104 -2.5554021517164007 0.077541956555991956 -1.9019389065412349 2.0788295074350738 -1.9278045258611174 0.055739080292808302 -0.95043530133683451 -1.4334133308213115 0.28451148686896549 -1.630944916041797 -0.68361484334940037 -0.37175436130283401 -3.3022201613903466 -0.7032014200637362
leaf_weight=29 24 78 28 29 29 64 22 437 20 22 88 20 20 22 27
leaf_count=29 24 78 28 29 29 64 22 437 20 22 88 20 20 22 27
internal_value=-0.00135037 0.00844827 -0.00122642 -0.00302158 0.00137584 -0.000652175 -0.00267442 -0.00392086 -0.00199074 0.00204225 -0.00425926 -0.00295918 -0.00469325 -0.00261905 -0.005
internal_weight=959 135 106 824 139 115 86 685 206 71 135 49 479 42 115
internal_count=959 135 106 824 139 115 86 685 206 71 135 49 479 42 115
cat_boundaries=0 1 4 6
cat_threshold=8388672 8194 2097152 8192 36864 8388608
is_linear=0
shrinkage=0.1


Tree=17
num_leaves=15
num_cat=3
split_feature=3 1 2 17 29 10 2 21 29 2 20 26 38 18
split_gain=1.89248 3.78939 4.55087 0.320138 0.304429 0.25735 0.292283 0.259414 0.28465 0.307229 0.164878 0.0864081 0.0952381 0.0386002
threshold=0 2266.5000000000005 0.17122109079579093 196.50000000000003 0.89812468725045369 1 0.21163829530363398 2 2.0222076247346119 0.10103389568178302 11.500000000000002 -11.999999999999998 7.9660662558219988 14.500000000000002
decision_type=9 2 2 2 2 9 2 9 2 2 2 2 2 2
left_child=1 3 -3 -1 -2 6 7 8 -6 -10 13 12 -7 -9
right_child=4 2 -4 -5 5 11 -8 10 9 -11 -12 -13 -14 -15
leaf_value=-0.23793866611314912 0.09212529144007818 1.3658613338868522 0.0042828308587255391 0.088679764790353513 2.1642880489350036 -0.39957890959527087 0.068370845378873946 -1.5023185788974425 -0.24811248870311614 0.30974766973480744 0.05098269425997326 -0.82569330227626192 0.3364306023582504 -1.2181779574669898
leaf_weight=62 21 20 22 21 23 21 29 182 51 32 20 411 21 23
leaf_count=62 21 20 22 21 23 21 29 182 51 32 20 411 21 23
internal_value=-0.00082899 0.0101852 0.0354762 -0.00138554 -0.00257109 -0.00290898 -0.000810812 -0.00167674 0.00232759 -0.000180724 -0.00351064 -0.00446004 -0.000238096 -0.0045122
internal_weight=959 125 42 83 834 813 360 331 106 83 225 453 42 205
internal_count=959 125 42 83 834 813 360 331 106 83 225 453 42 205
cat_boundaries=0 2 5 7
cat_threshold=64 16 45058 337641472 8192 1073807364 2048
is_linear=0
shrinkage=0.1


Tree=18
num_leaves=20
num_cat=1
split_feature=1 1 17 38 1 10 17 35 1 38 35 17 38 17 17 20 29 35 17
split_gain=2.20352 6.67528 0.887069 0.327857 0.481667 0.313392 0.245288 0.457995 0.225 0.219638 0.33281 0.184586 0.140853 0.133333 0.131653 0.0542814 0.110476 0.0259826 0.0258466
threshold=2266.5000000000005 2279.5000000000005 302.50000000000006 9.9212779627017138 2412.5000000000005 0 107.50000000000001 54.500000000000007 2379.0000000000005 10.856591864372737 247.50000000000003 160.50000000000003 11.513714849364455 186.50000000000003 214.50000000000003 11.500000000000002 2.4432158453184751 507.00000000000006 236.50000000000003
decision_type=2 2 2 2 2 9 2 2 2 2 2 2 2 2 2 2 2 2 2
left_child=5 -2 3 4 8 6 -1 -8 -3 10 14 -12 15 -6 -9 17 -17 18 -7
right_child=1 2 -4 -5 13 12 7 9 -10 -11 11 -13 -14 -15 -16 16 -18 -19 -20
leaf_value=-2.3828698089302329 1.229275200498168 0.17131355804392001 0.082912762296070502 -2.1575416096339954 -3.2567079941961361 -0.9077477386336299 0.125211090341594 -0.2859124766765152 0.12048391141616317 -0.6053259447790027 1.3721471774119132 -0.059859012014153112 0.0014376206281390804 0.045128515009923237 0.11377186447531643 -1.2529749002675885 0.036744879019524578 -0.35962073976607772 -2.7187100767501495
leaf_weight=59 23 20 35 68 40 332 25 47 20 51 33 28 22 20 21 29 21 30 35
leaf_count=59 23 20 35 68 40 332 25 47 20 51 33 28 22 20 21 29 21 30 35
internal_value=0.000526589 0.00915929 0.00337438 0.000357142 0.004 -0.00213506 0.000656933 0.00231707 0.0125 0.000555554 0.00275194 0.00811475 -0.00364301 -0.00166667 -0.00205882 -0.00410515 -0.001 -0.00449622 -0.00472752
internal_weight=959 226 203 168 100 733 264 205 40 180 129 61 469 60 68 447 50 397 367
internal_count=959 226 203 168 100 733 264 205 40 180 129 61 469 60 68 447 50 397 367
cat_boundaries=0 3
cat_threshold=46080 6291456 8192
is_linear=0
shrinkage=0.1


Tree=19
num_leaves=17
num_cat=3
split_feature=3 20 1 3 21 1 5 11 26 35 35 0 17 35 0 17
split_gain=1.95632 4.96849 0.476372 0.38887 0.407165 0.622446 0.81211 0.78652 0.215284 0.196154 0.382625 0.18638 0.172697 0.239234 0.0484848 0.0355072
threshold=0 4.5000000000000009 2403.5000000000005 1 2 2305.0000000000005 -10.499999999999998 0.12269800022596318 -11.999999999999998 243.00000000000003 269.50000000000006 0.16973387280050573 184.50000000000003 247.50000000000003 0.19473560917690749 173.50000000000003
decision_type=9 2 2 9 9 2 2 2 2 2 2 2 2 2 2 2
left_child=1 -1 -3 4 5 6 7 -2 11 -6 -11 -5 13 -8 -15 -12
right_child=3 2 -4 8 9 -7 12 -9 -10 10 15 -13 -14 14 -16 -17
leaf_value=1.1063476804483514 -0.20935741990227386 -0.12337002563847364 0.082955097066265457 -1.2733009349431581 -1.2852422853056533 0.089897930879408616 -1.8920600436013026 0.31547621719093588 -1.4375816742415264 0.048826179961298843 -0.68058204370502473 0.57016717671029526 -1.3930547208128594 1.0723081955401732 0.38058784784797883 -2.7324655963755551
leaf_weight=27 21 50 32 26 136 33 32 22 312 35 20 36 84 20 24 49
leaf_count=27 21 50 32 26 136 33 32 22 312 35 20 36 84 20 24 49
internal_value=0.000213763 0.0122269 0.00109756 -0.00145349 0.000452674 0.00333333 0.00140394 0.0136046 -0.00382813 -0.0024 0.00076923 0.00145161 -0.001875 0.00157895 0.00636364 -0.00355073
internal_weight=959 109 82 850 476 236 203 43 374 240 104 62 160 76 44 69
internal_count=959 109 82 850 476 236 203 43 374 240 104 62 160 76 44 69
cat_boundaries=0 2 4 6
cat_threshold=64 2 679477376 48 1073840292 2048
is_linear=0
shrinkage=0.1


Tree=20
num_leaves=21
num_cat=3
split_feature=3 20 1 3 1 38 2 10 29 2 17 38 25 34 35 31 1 29 26 1
split_gain=1.95632 4.96849 0.476372 0.355406 0.503285 0.624046 0.310256 0.290309 0.328743 0.4067 0.2886 0.443429 0.199789 0.148352 0.084874 0.0743105 0.1 0.0328752 0.024443 1.11022e-16
threshold=0 4.5000000000000009 2403.5000000000005 1 2279.5000000000005 9.9766681664396977 0.063413742690058492 2 1.8763963899287945 0.13076046246539655 116.50000000000001 9.6866173734896481 0.079024390243902454 1.5000000000000002 350.00000000000006 6.7243351327488652 859.50000000000011 1.056014865636494 -11.999999999999998 16.500000000000004
decision_type=9 2 2 9 2 2 2 9 2 2 2 2 2 2 2 2 2 2 2 2
left_child=1 -1 -3 4 6 -6 10 8 -5 13 -2 -12 -13 -10 -8 17 -17 -9 -19 -20
right_child=3 2 -4 7 5 -7 14 15 9 -11 11 12 -14 -15 -16 16 -18 18 19 -21
leaf_value=0.99571291240351634 -2.1277347137263907 -0.1110330230746257 0.074659587359638652 -2.083509259289531 0.093003190403953273 -0.13617955623910497 -0.97571900155858404 -0.58436734936447365 0.1360221788223421 0.089191355849727427 2.34991626484315 -0.45349220017204328 0.047154793345996558 -2.8639444430004395 -0.033774758402100334 0.039059814763699796 -1.4531364427931979 -0.38067538346050045 -0.99506135630444703 -1.2943413844901721
leaf_weight=27 25 50 32 47 27 25 101 25 28 23 20 21 22 24 35 20 20 37 29 321
leaf_count=27 25 50 32 47 27 25 101 25 28 23 20 21 22 24 35 20 20 37 29 321
internal_value=0.000213763 0.0122269 0.00109756 -0.00145349 0.00146853 0.0103846 -0.000535715 -0.00285959 0.00143939 0.00566667 0.00409091 0.00769841 0.00197674 0.00076923 -0.00352941 -0.00402598 -1.19209e-09 -0.00451456 -0.0047416 -0.005
internal_weight=959 109 82 850 276 52 224 574 122 75 88 63 43 52 136 452 40 412 387 350
internal_count=959 109 82 850 276 52 224 574 122 75 88 63 43 52 136 452 40 412 387 350
cat_boundaries=0 2 4 7
cat_threshold=64 2 545259520 16 13314 4194304 8192
is_linear=0
shrinkage=0.1


Tree=21
num_leaves=20
num_cat=4
split_feature=3 20 1 3 21 2 10 25 17 11 5 7 0 27 26 29 20 11 31
split_gain=1.79259 4.96849 0.476372 0.440552 0.432282 0.585874 0.408636 0.522996 0.79536 0.602277 0.239792 0.392857 0.123095 0.210526 0.102774 0.162804 0.0984413 0.0462825 0.0266703
threshold=0 4.5000000000000009 2403.5000000000005 1 2 0.21163829530363398 3 0.10449869297579899 223.50000000000003 0.19068031497147425 -10.499999999999998 1.0000000180025095e-35 0.12662294756532669 12.134942908668782 -11.999999999999998 2.5002015617650035 7.5000000000000009 0.26337192091363765 6.7243351327488652
decision_type=9 2 2 9 9 2 9 2 2 2 2 2 2 2 2 2 2 2 2
left_child=1 -1 -3 14 18 6 10 16 9 -9 11 -6 -12 -14 15 -2 -8 -16 -5
right_child=3 2 -4 4 5 -7 7 8 -10 -11 12 -13 13 -15 17 -17 -18 -19 -20
leaf_value=0.89614162116316443 -1.095914315303969 -0.099929720767164554 0.067193628623674603 -1.5425239544939746 -0.5236777627710304 0.047468742863448821 -0.7422351930963258 0.93008353619206163 -2.6544132571872652 1.7279949799653349 -1.1501565014445874 0.076254344136873931 0.072683786277835116 -1.9598485532241083 -1.1642167633515361 0.33271275275926532 0.096126026804133916 -1.7506686481987641 -1.0305828914107584
leaf_weight=27 32 50 32 99 22 35 30 31 20 20 107 28 38 38 249 29 23 20 29
leaf_count=27 32 50 32 99 22 35 30 31 20 20 107 28 38 38 249 29 23 20 29
internal_value=0.00073514 0.0122269 0.00109756 -0.000872094 0.000943395 0.00258706 0.00144258 0.00582089 0.0119014 0.0185294 -0.00109054 0.005 -0.00281421 0.000263157 -0.00367647 -8.19684e-05 -0.00122642 -0.00462825 -0.00391304
internal_weight=959 109 82 850 520 392 357 124 71 51 233 50 183 76 330 61 53 269 128
internal_count=959 109 82 850 520 392 357 124 71 51 233 50 183 76 330 61 53 269 128
cat_boundaries=0 2 4 6 9
cat_threshold=64 2 33644560 4 536872000 528384 4097 352321536 16400
is_linear=0
shrinkage=0.1


Tree=22
num_leaves=20
num_cat=2
split_feature=3 1 2 17 17 1 10 2 38 20 19 0 31 35 35 2 29 31 0
split_gain=1.79829 3.54572 4.55087 0.569134 0.400186 1.06531 0.336047 0.363566 0.242216 0.150079 0.235294 0.13227 0.233333 0.317552 0.119048 0.0803775 0.069129 0.0882353 1.11022e-16
threshold=0 2266.5000000000005 0.17122109079579093 196.50000000000003 302.50000000000006 2403.5000000000005 1 0.037617924528301892 10.241197585471914 10.500000000000002 2010.5000000000002 0.09983509756428384 4.5871059695959921 187.00000000000003 350.00000000000006 0.22611917258413092 4.3800461550478991 5.8340055466555851 0.29264176734200026
decision_type=9 2 2 2 2 2 9 2 2 2 2 2 2 2 2 2 2 2 2
left_child=1 3 -3 -1 6 -6 7 8 -2 15 -11 -9 13 -13 -14 16 18 -18 -8
right_child=4 2 -4 -5 5 -7 9 11 -10 10 -12 12 14 -15 -16 -17 17 -19 -20
leaf_value=-0.089936748690448098 0.40289974582081478 0.80652745904684764 -0.0038947566691149961 0.051280729563013411 -2.1675332549624873 0.064769137471858237 -1.0441419023468561 -0.70045021766252979 -0.015327767033535823 0.14864919437565197 -1.1580804202256425 -1.0621337706203011 -1.2185778144063795 0.10039441662762605 0.23159376715527122 -0.075606956482076035 -1.0271168603454499 -0.011125462789322428 -1.995609486780598
leaf_weight=62 24 20 22 21 29 20 345 57 28 34 34 29 60 27 24 38 27 24 34
leaf_count=62 24 20 22 21 29 20 345 57 28 34 34 29 60 27 24 38 27 24 34
internal_value=0.000213763 0.0109259 0.0354762 -0.000180724 -0.00150474 0.0072449 -0.00207006 0.000984555 0.00846154 -0.00344322 0.000882352 -0.000939087 0.000714285 0.00571428 -0.00261905 -0.0041453 -0.00453488 -0.00107843 -0.005
internal_weight=959 125 42 83 834 49 785 249 52 536 68 197 140 56 84 468 430 51 379
internal_count=959 125 42 83 834 49 785 249 52 536 68 197 140 56 84 468 430 51 379
cat_boundaries=0 2 5
cat_threshold=64 16 46080 2097152 8192
is_linear=0
shrinkage=0.1


Tree=23
num_leaves=20
num_cat=4
split_feature=3 1 17 3 21 1 10 17 17 0 2 5 20 27 2 1 17 31 27
split_gain=2.2817 4.5226 7.02301 0.394929 0.458355 0.861617 0.390622 0.425063 0.815331 0.632788 0.252962 0.23821 0.153057 0.25 0.131034 0.102533 0.0779439 0.255 0.04631
threshold=0 2266.5000000000005 203.50000000000003 1 2 2279.5000000000005 3 184.50000000000003 94.000000000000014 0.20293251406474569 0.20722793277859361 -9.4999999999999982 11.500000000000002 11.777237749426973 0.072916666666666671 149.00000000000003 116.50000000000001 5.8853814830049229 6.6787106801767111
decision_type=9 2 2 9 9 2 9 2 2 2 2 2 2 2 2 2 2 2 2
left_child=1 -1 -3 12 11 6 15 8 -8 -10 -7 -5 18 -14 -9 -6 17 -13 -2
right_child=3 2 -4 4 5 10 7 14 9 -11 -12 16 13 -15 -16 -17 -18 -19 -20
leaf_value=-0.080943073821401867 -0.66793666440392774 0.72587471314216145 0.04566374101431947 0.025823355303429725 -0.39891380623077677 0.063075102191099894 -1.4259947168314484 0.14328854308322966 1.5945564764607185 0.12278356446180161 0.059703526096723081 -0.87148173788744787 -0.42688602689958349 0.099833648332394012 -2.1080045564696621 -0.89046186579227893 -1.5534073224934728 0.16754532557704971 -0.98760211702031953
leaf_weight=55 20 23 31 26 29 21 26 20 33 23 20 51 25 20 38 84 139 24 251
leaf_count=55 20 23 31 26 29 21 26 20 33 23 20 51 25 20 38 84 139 24 251
internal_value=0.00094369 0.0139076 0.0357407 -0.000872094 0.00079044 0.00338816 0.00132411 0.00466667 0.00963415 0.0164286 0.0169512 -0.0024 -0.00361963 0.00166667 -0.00155173 -0.00296748 -0.00359813 -0.001 -0.004631
internal_weight=959 109 54 850 534 294 253 140 82 56 41 240 316 45 58 113 214 75 271
internal_count=959 109 54 850 534 294 253 140 82 56 41 240 316 45 58 113 214 75 271
cat_boundaries=0 2 4 6 9
cat_threshold=64 2 90256 4 536937536 528384 4097 335544320 16
is_linear=0
shrinkage=0.1


Tree=24
num_leaves=22
num_cat=3
split_feature=3 1 2 35 21 35 17 4 38 21 34 38 22 22 17 11 38 35 17 27 0
split_gain=1.73012 3.54572 4.55087 0.575133 0.844986 1.43404 0.569134 0.560648 0.810399 0.156054 0.271474 0.477389 0.0750742 0.210344 0.355227 0.071286 0.0865801 0.0443511 0.0333333 0.0324561 5.55112e-17
threshold=0 2266.5000000000005 0.17122109079579093 207.50000000000003 1 302.50000000000006 196.50000000000003 3.5000000000000004 9.4855828577133341 2 2.5000000000000004 10.660889414284357 75.000000000000014 110.00000000000001 88.500000000000014 0.10834672706019872 7.997633221129802 2.5000000000000004 164.50000000000003 11.385614239853044 0.3646190003521495
decision_type=9 2 2 2 9 2 2 2 2 9 2 2 2 2 2 2 2 2 2 2 2
left_child=1 6 -3 12 5 7 -1 8 -5 10 11 -6 17 14 -14 16 -11 -2 -12 -7 -17
right_child=3 2 -4 4 9 19 -8 -9 -10 15 18 -13 13 -15 -16 20 -18 -19 -20 -21 -22
leaf_value=-0.072848766439261678 -0.080104466144107503 0.6532872418279454 -0.0098127912213137446 0.23890048706137446 -0.58280591041125696 -0.79050014617091557 0.031823805098977608 0.05923628176035825 -0.91903906952040093 -0.013099025362863363 -0.083667103464548684 0.17527884068310084 -0.41692744038527674 -0.79599594189941492 0.16085756025512865 -0.93169645933545775 -1.2554993120020124 -1.1186585426422255 -0.57036337401384507 -1.0881682728880813 -1.2223651462334577
leaf_weight=62 21 20 22 23 30 20 21 22 24 22 20 22 24 76 23 102 20 285 40 37 23
leaf_count=62 21 20 22 23 30 20 21 22 24 22 20 22 24 76 23 102 20 285 40 37 23
internal_value=0.000422314 0.0109259 0.0354762 -0.00126777 0.00141975 0.00786765 -0.000180724 0.0181884 0.0120213 -0.0017128 0.00114754 0.00653846 -0.0038345 -0.00174797 0.00351064 -0.00358757 -0.000238096 -0.0046732 -0.00333333 -0.00324562 -0.005
internal_weight=959 125 42 834 405 126 83 69 47 279 112 52 429 123 47 167 42 306 60 57 125
internal_count=959 125 42 834 405 126 83 69 47 279 112 52 429 123 47 167 42 306 60 57 125
cat_boundaries=0 2 4 5
cat_threshold=64 16 49284 18432 1610612800
is_linear=0
shrinkage=0.1


Tree=25
num_leaves=20
num_cat=4
split_feature=3 20 17 0 3 12 4 22 10 38 29 27 38 26 0 1 5 38 38
split_gain=2.31814 4.49053 0.569106 0.595238 0.532605 0.593586 1.06562 0.418655 0.253358 0.314224 0.408553 0.26138 0.245236 0.160721 0.18638 0.12753 0.0790245 0.206044 0.0292093
threshold=0 4.5000000000000009 146.50000000000003 0.15271187696396904 1 2 3.5000000000000004 50.000000000000007 3 10.856591864372737 1.3787534049074017 10.773738463331687 9.9212779627017138 -11.999999999999998 0.16973387280050573 2403.5000000000005 -9.4999999999999982 8.0060339563785181 10.87383066533401
decision_type=9 2 2 2 9 9 2 2 9 2 2 2 2 2 2 2 2 2 2
left_child=1 -1 -3 -4 5 6 12 -8 9 10 -7 -12 -2 14 -6 -10 17 -15 -18
right_child=4 2 3 -5 13 8 7 -9 15 -11 11 -13 -14 16 -16 -17 18 -19 -20
leaf_value=0.58795851764515139 0.44433109117373926 -0.065563889795336658 0.053692885376171041 -0.010109160022271744 -0.71549837847586051 -1.2072835139776461 0.048128471719776411 0.082859102542977112 -1.0127184547054788 -0.47196285880390099 0.41344172494834414 0.13691560464872229 -1.1065985273522581 0.10662260563386626 0.52167286815258118 0.028782438909475974 -1.0047148848646354 -0.38032742352001564 -1.3502768069847826
leaf_weight=27 34 40 21 21 26 23 20 23 126 36 20 37 37 28 36 26 297 50 31
leaf_count=27 34 40 21 21 26 23 20 23 126 36 20 37 37 28 36 26 297 50 31
internal_value=0.000839415 0.0139076 0.00353658 0.0116667 -0.000988373 0.0017602 0.0075 0.0205814 -0.000863311 0.00253968 0.00625 0.0107895 0.000633802 -0.00322176 0.00145161 -0.00345679 -0.00401478 -0.00115385 -0.00469512
internal_weight=959 109 82 42 850 382 114 43 268 116 80 57 71 468 62 152 406 78 328
internal_count=959 109 82 42 850 382 114 43 268 116 80 57 71 468 62 152 406 78 328
cat_boundaries=0 2 4 7 10
cat_threshold=64 2 545259648 16 0 16777224 256 4096 2097152 8192
is_linear=0
shrinkage=0.1


Tree=26
num_leaves=22
num_cat=4
split_feature=3 20 17 0 4 3 17 5 17 10 34 17 38 38 31 11 1 32 17 17 1
split_gain=2.31814 4.49053 0.569106 0.595238 0.405145 0.510074 1.12326 1.84091 0.597468 0.294847 0.320727 0.194906 0.34632 0.108722 0.139725 0.0861337 0.21 0.107646 0.217143 0.019934 0.0272727
threshold=0 4.5000000000000009 146.50000000000003 0.15271187696396904 3.5000000000000004 1 169.50000000000003 -1.0000000180025095e-35 260.50000000000006 2 1.0000000180025095e-35 153.00000000000003 9.6629010570485239 10.660889414284357 2.0636478311808939 0.061868686868686872 106.00000000000001 3 193.50000000000003 266.50000000000006 2208.5000000000005
decision_type=9 2 2 2 2 9 2 2 2 9 2 2 2 2 2 2 2 1 2 2 2
left_child=1 -1 -3 -4 9 6 7 -6 -8 10 -2 -12 -13 14 -7 16 -11 19 -19 -17 -21
right_child=4 2 3 -5 5 13 8 -9 -10 15 11 12 -14 -15 -16 17 -18 18 -20 20 -22
leaf_value=0.52916266588063654 1.2853816458410745 -0.059007500815803839 0.04832359683855382 -0.0090982440200442962 0.1329719791093788 -0.027453931980046309 -0.4535435525055036 -0.34367094592994607 0.068465400471915822 -0.97152658462256825 -0.36605147316358222 1.8399829382891022 -1.534338391228834 0.016600681773957415 -0.77970805144997013 -0.866939960911005 0.079195031521479067 -1.004036863279423 0.088927639672778461 -1.879378232048653 -0.016372502445643946
leaf_weight=27 22 40 21 21 22 23 59 22 20 35 44 22 20 21 94 314 25 38 25 24 20
leaf_count=27 22 40 21 21 22 23 59 22 20 35 44 22 20 21 94 314 25 38 25 24 20
internal_value=0.000839415 0.0139076 0.00353658 0.0116667 -0.000988373 0.00227969 0.00665413 0.02 6.32899e-05 -0.00245331 0.00220339 -0.000348838 0.00452381 -0.00195946 -0.0032906 -0.00347251 -1.19209e-09 -0.00404988 -0.000238096 -0.00472067 -0.00272727
internal_weight=959 109 82 42 850 261 123 44 79 589 108 86 42 138 117 481 60 421 63 358 44
internal_count=959 109 82 42 850 261 123 44 79 589 108 86 42 138 117 481 60 421 63 358 44
cat_boundaries=0 2 4 7 8
cat_threshold=64 2 41943168 32 8192 270532608 8192 2
is_linear=0
shrinkage=0.1


Tree=27
num_leaves=22
num_cat=3
split_feature=3 20 17 0 3 4 17 5 34 38 27 17 2 35 22 17 32 38 17 20 27
split_gain=2.10313 4.49053 0.569106 0.595238 0.526419 0.666523 0.570555 2.18747 0.431934 0.745356 0.404344 0.392619 0.226681 0.12544 0.092496 0.245521 0.0945813 0.0460317 0.0348485 0.0330508 0.0290611
threshold=0 4.5000000000000009 146.50000000000003 0.15271187696396904 1 3.5000000000000004 172.50000000000003 -6.4999999999999991 3.5000000000000004 9.9050352310041312 11.057927736575392 299.50000000000006 0.14088938815599877 2.5000000000000004 35.000000000000007 125.50000000000001 2 10.823047637803844 231.50000000000003 5.5000000000000009 12.134942908668782
decision_type=9 2 2 2 9 2 2 2 2 2 2 2 2 2 2 2 1 2 2 2 2
left_child=1 -1 -3 -4 5 8 7 -7 14 10 -10 12 -8 -6 15 -2 -16 -15 -14 -17 -11
right_child=4 2 3 -5 13 6 11 -9 9 20 -12 -13 18 17 16 19 -18 -19 -20 -21 -22
leaf_value=0.47624639929257173 0.23612927719984383 -0.053106750734224308 0.043491237154698104 -0.0081884196180398074 0.023078431485935216 0.11287566702952234 0.069227472902388509 -0.37684062656416245 0.014933649757717445 -0.97238706266123565 0.14489720811701193 0.061618860424723615 -0.60131867652518034 -0.79130747503379484 -0.77959479231652817 -2.1655789406881638 -0.310280848474417 -0.8002100775831501 -0.011082618328411854 -0.84632749900485715 -0.24422944422122109
leaf_weight=27 21 40 21 21 26 27 23 35 36 22 21 20 46 232 168 39 35 20 20 20 39
leaf_count=27 21 40 21 21 26 27 23 35 36 22 21 20 46 232 168 39 35 20 20 20 39
internal_value=0.00146507 0.0139076 0.00353658 0.0116667 -0.000290699 0.0014433 0.00669591 0.0143548 -0.0007606 0.00432203 0.0125439 0.00233945 -0.000505619 -0.00378472 -0.00287986 -1.19209e-09 -0.00401478 -0.00460318 -0.00348485 -0.00330509 -0.00336066
internal_weight=959 109 82 42 850 572 171 62 401 118 57 109 89 278 283 80 203 252 66 59 61
internal_count=959 109 82 42 850 572 171 62 401 118 57 109 89 278 283 80 203 252 66 59 61
cat_boundaries=0 2 4 5
cat_threshold=64 2 578814080 48 2
is_linear=0
shrinkage=0.1


Tree=28
num_leaves=22
num_cat=3
split_feature=3 20 17 0 10 34 38 17 17 27 2 3 4 31 11 38 35 11 2 11 38
split_gain=2.10313 4.49053 0.569106 0.595238 0.528871 0.90419 0.688095 0.374712 0.408319 0.572217 0.251858 0.250158 0.24 0.243115 0.128085 0.0780728 0.181773 0.0587254 0.0376543 0.0295086 0.0664414
threshold=0 4.5000000000000009 146.50000000000003 0.15271187696396904 1 1.0000000180025095e-35 8.5141835315106142 119.50000000000001 158.50000000000003 10.53302737102946 0.046693313953488379 2 3.5000000000000004 4.5871059695959921 0.042329093799682048 10.87383066533401 243.00000000000003 0.17283984489318119 0.046693313953488379 0.13131367926854529 7.9851434095178275
decision_type=9 2 2 2 9 2 2 2 2 2 2 9 2 2 2 2 2 2 2 2 2
left_child=1 -1 -3 -4 11 6 -6 -7 9 -9 -10 12 13 -2 -13 19 -17 -12 -15 20 -16
right_child=4 2 3 -5 5 7 -8 8 10 -11 17 14 -14 18 15 16 -18 -19 -20 -21 -22
leaf_value=0.42862175936331542 0.065777461825033745 -0.04779607566080131 0.039142113439228389 -0.0073695776562361232 0.060705571229455406 -0.47281645816543999 1.190862905398081 0.10974703195647016 0.21526520472981972 -0.020241070159028592 -0.10042475073149573 0.023557113446698058 0.052338014390747534 -0.12577289251385845 -0.060111654670223884 -0.77117020328126684 0.06161095441015435 -1.9965202245401834 -1.6550368171716621 -0.80395098718647184 -0.54586532935806353
leaf_weight=27 36 40 21 21 28 76 20 21 20 29 37 22 37 20 37 41 29 44 61 233 59
leaf_count=27 36 40 21 21 28 76 20 21 20 29 37 22 37 20 37 41 29 44 61 233 59
internal_value=0.00146507 0.0139076 0.00353658 0.0116667 -0.000290699 0.00324561 0.0158333 0.000726871 0.00360927 0.011 -4.95061e-05 -0.00200855 0.00140244 -0.000726497 -0.00325986 -0.00374687 -0.000714287 -0.00253087 -0.00376543 -0.0043921 -0.00291667
internal_weight=959 109 82 42 850 275 48 227 151 50 101 575 154 117 421 399 70 81 81 329 96
internal_count=959 109 82 42 850 275 48 227 151 50 101 575 154 117 421 399 70 81 81 329 96
cat_boundaries=0 2 5 7
cat_threshold=64 2 134238208 381681664 2064 536871040 16
is_linear=0
shrinkage=0.1


Tree=29
num_leaves=23
num_cat=2
split_feature=3 20 17 0 3 20 11 27 1 34 38 27 17 35 22 17 27 38 2 1 4 27
split_gain=2.13836 4.49053 0.569106 0.595238 0.396279 0.538505 0.551139 1.02425 0.600546 0.443604 0.466643 1.17836 0.326787 0.112165 0.0666776 0.285803 0.0445946 0.0384373 0.0391679 0.0368421 0.0295918 0.0277778
threshold=0 4.5000000000000009 146.50000000000003 0.15271187696396904 1 8.5000000000000018 0.18867531610256735 12.454536843224323 703.00000000000011 3.5000000000000004 9.9766681664396977 10.830002437285438 269.00000000000006 2.5000000000000004 35.000000000000007 128.00000000000003 7.466025470154972 10.823047637803844 0.23872166480862136 1155.5000000000002 3.5000000000000004 12.268580236939544
decision_type=9 2 2 2 9 2 2 2 2 2 2 2 2 2 2 2 2 2 2 2 2 2
left_child=1 -1 -3 -4 5 9 7 8 20 14 11 -11 19 -6 15 -2 -16 18 -15 -8 -7 -12
right_child=4 2 3 -5 13 6 12 -9 -10 10 21 -13 -14 17 16 -17 -18 -19 -20 -21 -22 -23
leaf_value=0.38575958342698302 0.19649308227258622 -0.04301646809472004 0.035227902095305789 -0.0066326198906126654 0.011950635673098462 -0.24071600762272072 -1.4012256665263632 0.5636643316624611 0.053087784655381158 -0.0086469165021890153 -0.78201616412891417 0.16053340824615425 0.050357745605115259 -0.69584396455851083 -0.64301535178622093 -1.7404759551293827 -0.63579156199911924 -0.64723593642286825 -0.47794668437871962 -1.6571454194172024 -0.1820405118959697 -0.47098866806684259
leaf_weight=27 22 40 21 21 26 20 20 29 37 29 20 20 29 209 20 51 165 20 23 56 29 25
leaf_count=27 22 40 21 21 26 20 20 29 37 29 20 20 29 209 20 51 165 20 23 56 29 25
internal_value=0.00136079 0.0139076 0.00353658 0.0116667 -0.000406978 0.00109966 0.005 0.00978261 0.00430232 -0.00130682 0.00457447 0.0113265 -0.000238096 -0.0034375 -0.00344961 -0.000890412 -0.00445946 -0.00420635 -0.00456897 -0.00368421 -0.00295918 -0.00277778
internal_weight=959 109 82 42 850 572 220 115 86 352 94 49 105 278 258 73 185 252 232 76 49 45
internal_count=959 109 82 42 850 572 220 115 86 352 94 49 105 278 258 73 185 252 232 76 49 45
cat_boundaries=0 2 4
cat_threshold=64 2 578814080 48
is_linear=0
shrinkage=0.1


Tree=30
num_leaves=22
num_cat=3
split_feature=3 20 17 0 10 2 17 17 2 17 25 35 31 25 25 21 38 31 1 18 0
split_gain=2.2817 4.49053 0.569106 0.595238 0.389616 0.391048 1.0359 1.23049 0.16797 0.250401 0.16013 0.20313 0.392992 0.260663 0.128378 0.114116 0.214498 0.0825206 0.0408249 0.0388889 0.0348485
threshold=0 4.5000000000000009 146.50000000000003 0.15271187696396904 1 0.13076046246539655 172.50000000000003 107.50000000000001 0.043854033290653016 119.50000000000001 0.13350943565176515 243.00000000000003 4.2660165860928076 0.12630977112034406 0.15700741063644294 2 7.7591816093215344 5.8853814830049229 2596.5000000000005 15.500000000000002 0.044005438661356658
decision_type=9 2 2 2 9 2 2 2 2 2 2 2 2 2 2 9 2 2 2 2 2
left_child=1 -1 -3 -4 10 8 7 -7 9 -6 11 15 -13 17 -8 16 -2 -14 -12 -10 -18
right_child=4 2 3 -5 5 6 14 -9 19 -11 18 12 13 -15 -16 -17 20 -19 -20 -21 -22
leaf_value=0.34718362508428413 0.067842735467717269 -0.038714821285248037 0.031705111885775017 -0.0059693579015516942 -0.5972610481442856 -1.3855416090388295 -0.6126541406757311 0.2232653783817754 -0.52225895884815898 0.20803216138319539 -0.84539321706438963 0.2446152005888628 -0.31929026563490104 0.3479621128672144 0.0089192532964804394 -0.57823463086433546 -0.048013463716775596 0.1642007079168564 -0.046834656884130216 -0.007380328719723217 -0.67268176233098209
leaf_weight=27 36 40 21 21 25 21 38 27 70 39 194 20 55 20 36 130 20 31 22 20 46
leaf_count=27 36 40 21 21 25 21 38 27 70 39 194 20 55 20 36 130 20 31 22 20 46
internal_value=0.00094369 0.0139076 0.00353658 0.0116667 -0.000872094 0.00216783 0.00647541 0.0179167 -0.0011039 0.0028125 -0.00234589 -0.00108939 0.00214286 -0.00028302 -0.000945947 -0.00284483 -8.92868e-05 -0.00267442 -0.00453704 -0.00388889 -0.00348485
internal_weight=959 109 82 42 850 276 122 48 154 64 574 358 126 106 74 232 102 86 216 90 66
internal_count=959 109 82 42 850 276 122 48 154 64 574 358 126 106 74 232 102 86 216 90 66
cat_boundaries=0 2 5 7
cat_threshold=64 2 134238209 312475648 2064 1610678272 524288
is_linear=0
shrinkage=0.1


Tree=31
num_leaves=20
num_cat=4
split_feature=3 20 17 0 10 3 31 38 31 31 21 0 5 31 0 1 26 25 38
split_gain=2.31814 4.49053 0.569106 0.595238 0.448335 0.376133 0.976729 1.09394 0.171569 0.47619 0.169465 0.262462 0.171385 0.164709 0.344198 0.159131 0.0517857 0.150412 0.043865
threshold=0 4.5000000000000009 146.50000000000003 0.15271187696396904 1 2 4.5871059695959921 8.186601438738963 5.8214469830139466 6.438582423488957 3 0.25850324142053599 -10.499999999999998 5.8853814830049229 0.18647095820130219 2284.0000000000005 -1.0000000180025095e-35 0.12746486696661671 9.8604188798210508
decision_type=9 2 2 2 9 9 2 2 2 2 9 2 2 2 2 2 2 2 2
left_child=1 -1 -3 -4 16 6 7 -6 -8 -10 13 12 -12 18 -15 -14 17 -2 -7
right_child=4 2 3 -5 5 10 8 -9 9 -11 11 -13 15 14 -16 -17 -18 -19 -20
leaf_value=0.31246526257585572 0.083558038657865707 -0.034843339156722664 0.028534600697197255 -0.0053724221113968205 -0.0095941677814389507 -0.42971001391580432 -0.73128966255705574 0.2459834363057489 0.23417597196425233 -0.12398808536195736 0.10393901318510722 0.18009948525372435 -1.2293238614796915 -0.35891644416982715 0.60706064938815585 0.027754644471792579 -0.40718078399424357 -0.66953137635226845 -1.4790212197373496
leaf_weight=27 39 40 21 21 24 143 42 20 28 32 25 35 70 33 26 37 203 73 20
leaf_count=27 39 40 21 21 24 143 42 20 28 32 25 35 70 33 26 37 203 73 20
internal_value=0.000839415 0.0139076 0.00353658 0.0116667 -0.000988373 0.000779815 0.0049359 0.0177273 -9.80404e-05 0.00333333 -0.000864663 0.00149717 -0.000454547 -0.00262931 0.00177966 -0.00219626 -0.00392308 -0.00232143 -0.0043865
internal_weight=959 109 82 42 850 535 146 44 102 60 389 167 132 222 59 107 315 112 163
internal_count=959 109 82 42 850 535 146 44 102 60 389 167 132 222 59 107 315 112 163
cat_boundaries=0 2 5 6 8
cat_threshold=64 2 50176 58720256 2064 545259520 1073742976 540672
is_linear=0
shrinkage=0.1


Tree=32
num_leaves=23
num_cat=2
split_feature=3 20 17 0 10 20 11 17 17 2 0 27 11 2 11 35 35 1 2 27 2 2
split_gain=2.24551 4.49053 0.569106 0.595238 0.422395 0.294476 0.615691 0.541799 0.960317 0.250216 0.216659 0.306366 0.241711 0.212995 0.160169 0.228007 0.378671 0.431026 0.157278 0.05 0.1 0.0401961
threshold=0 4.5000000000000009 146.50000000000003 0.15271187696396904 1 7.5000000000000009 0.18284889010189231 119.50000000000001 169.50000000000003 0.10891005291005292 0.14409097374671601 10.75540375841981 0.13131367926854529 0.17539774676129921 0.19200716366615839 207.50000000000003 325.50000000000006 752.50000000000011 0.037617924528301892 12.418528670304722 0.15196813971592002 0.15488234997732658
decision_type=9 2 2 2 9 2 2 2 2 2 2 2 2 2 2 2 2 2 2 2 2 2
left_child=1 -1 -3 -4 14 10 7 -7 -9 -10 21 -12 -13 -8 15 18 17 -17 -2 -18 -21 -6
right_child=4 2 3 -5 5 6 13 8 9 -11 11 12 -14 -15 -16 16 19 -19 -20 20 -22 -23
leaf_value=0.2812187363182716 0.040596468460962536 -0.03135900524105182 0.025681140627477339 -0.0048351799002568667 -0.74476514233526281 -0.22449860245992445 -1.6662130744680412 0.040507550455052867 0.24144558541311076 -0.03120332461525431 -1.7762161753696581 -0.081172464941023398 0.78452204394861791 0.032923866177441516 -0.56741360152639986 -0.069259310392591603 -0.51002266041834143 0.13907216602180139 -0.5722905901447094 0.28710325233663225 -1.6375457958715882 -0.0039786087630811822
leaf_weight=27 22 40 21 21 82 27 55 21 20 22 33 32 26 28 189 25 40 27 141 20 20 20
leaf_count=27 22 40 21 21 82 27 55 21 20 22 33 32 26 28 189 25 40 27 141 20 20 20
internal_value=0.00104797 0.0139076 0.00353658 0.0116667 -0.000755815 0.00178191 0.00482659 0.0105556 0.0156349 0.00690476 -0.000854923 0.00269231 0.00706896 -0.00138554 -0.00267207 -0.00127119 0.00181818 0.00846154 -0.00377301 -0.0025 -1.19209e-09 -0.00401961
internal_weight=959 109 82 42 850 366 173 90 63 42 193 91 58 83 484 295 132 52 163 80 40 102
internal_count=959 109 82 42 850 366 173 90 63 42 193 91 58 83 484 295 132 52 163 80 40 102
cat_boundaries=0 2 5
cat_threshold=64 2 134234113 111149056 2064
is_linear=0
shrinkage=0.1


Tree=33
num_leaves=24
num_cat=4
split_feature=3 20 17 0 10 3 0 21 4 27 1 20 0 20 22 38 5 17 26 11 38 2 0
split_gain=2.17384 4.49053 0.569106 0.595238 0.336326 0.419242 0.602057 0.28993 0.321846 0.425968 0.270827 0.265747 0.417614 0.208765 0.199815 0.121385 0.0666042 0.0626815 0.121426 0.225 0.042126 0.040099 5.55112e-17
threshold=0 4.5000000000000009 146.50000000000003 0.15271187696396904 1 2 0.034389757697412857 3 3.5000000000000004 11.756265626104616 149.00000000000003 5.5000000000000009 0.19473560917690749 11.500000000000002 50.000000000000007 9.3919112996356713 -10.499999999999998 193.50000000000003 -1.0000000180025095e-35 0.19068031497147425 9.2519100797824922 0.21163829530363398 0.60418157631361458
decision_type=9 2 2 2 9 9 2 9 2 2 2 2 2 2 2 2 2 2 2 2 2 2 2
left_child=1 -1 -3 -4 13 16 -7 11 10 -10 15 14 -13 17 -8 -9 -6 -2 19 -19 -18 -20 -12
right_child=4 2 3 -5 5 6 7 8 9 -11 22 12 -14 -15 -16 -17 20 18 21 -21 -22 -23 -24
leaf_value=0.25309686268644499 -0.48356722263349483 -0.028223104716946071 0.023113026564729702 -0.0043516619102314047 -0.039853824978616142 0.40978749216359706 0.066879461149547167 0.040234873012889444 0.035678051265961561 -0.12562113311003417 -0.98563163750109117 0.10743876985525887 0.031622717518760494 0.021447776214588939 -1.0606493202645184 -0.1074736355898791 -1.0342621851326157 0.27683992455974799 -0.5981068832776022 -1.396759861178271 -0.65926946439231315 -0.010653359609634894 -1.4772008287620051
leaf_weight=27 174 40 21 21 35 20 23 20 31 33 94 22 32 30 24 23 107 20 81 20 20 20 21
leaf_count=27 174 40 21 21 35 20 23 20 31 33 94 22 32 30 24 23 107 20 81 20 20 20 21
internal_value=0.00125652 0.0139076 0.00353658 0.0116667 -0.000523257 0.0011165 0.00307365 0.00212074 -4.31046e-05 0.0059375 -0.00246836 0.00626126 0.0116667 -0.00288733 0.00138298 0.00430232 -0.00296512 -0.00373016 -0.00216312 0.0025 -0.0042126 -0.0040099 -0.005
internal_weight=959 109 82 42 850 505 343 323 222 64 158 101 54 345 47 43 162 315 141 40 127 101 115
internal_count=959 109 82 42 850 505 343 323 222 64 158 101 54 345 47 43 162 315 141 40 127 101 115
cat_boundaries=0 2 5 7 9
cat_threshold=64 2 16386 109051904 2064 90240 4 1073807360 2048
is_linear=0
shrinkage=0.1


Tree=34
num_leaves=21
num_cat=3
split_feature=3 20 17 0 10 35 3 27 25 38 31 11 25 35 38 0 2 2 4 17
split_gain=2.10313 4.49053 0.569106 0.595238 0.551521 0.300099 0.34299 0.548972 0.252479 0.236388 0.568678 0.178428 0.419677 0.275286 0.163918 0.318841 0.115385 0.0928433 0.0699248 0.0434868
threshold=0 4.5000000000000009 146.50000000000003 0.15271187696396904 1 3.5000000000000004 2 11.201865186571306 0.075370257658754325 7.8022072269605376 3.9090059209108508 0.19068031497147425 0.12647246026548103 325.50000000000006 10.568884010366665 0.14409097374671601 0.10103389568178302 0.037617924528301892 3.5000000000000004 307.50000000000006
decision_type=9 2 2 2 9 2 9 2 2 2 2 2 2 2 2 2 2 2 2 2
left_child=1 -1 -3 -4 11 -6 7 -7 -9 10 16 12 17 -14 -10 -16 -8 -2 -11 -13
right_child=4 2 3 -5 5 6 9 8 14 18 -12 19 13 -15 15 -17 -18 -19 -20 -21
leaf_value=0.22778717641780022 -0.011651856516322646 -0.025400794245251747 0.020801723908256756 -0.0039164957192079205 0.099014828061162519 0.04514992908545034 -1.5738041572932322 0.081246006053136158 -0.6347192585519118 -1.2685794687921141 0.058439427112266996 -0.750790127735534 0.070101045396561187 -0.19225612426273408 -1.3400269411519403 0.27493745997651536 0.10349316125124926 -0.28412652736443222 -0.04711098758075527 -0.012855901254732566
leaf_weight=27 33 40 21 21 21 38 39 25 41 93 23 221 35 27 22 24 39 108 40 21
leaf_count=27 33 40 21 21 21 38 39 25 41 93 23 221 35 27 22 24 39 108 40 21
internal_value=0.00146507 0.0139076 0.00353658 0.0116667 -0.000290699 0.0023494 0.00177083 0.0053125 0.00214286 -0.000696722 0.00292079 -0.00269231 -0.000566504 0.00629032 -0.0004023 0.00369565 -0.00115385 -0.00358156 -0.00349624 -0.00458678
internal_weight=959 109 82 42 850 405 384 150 112 234 101 445 203 62 87 46 78 141 133 242
internal_count=959 109 82 42 850 405 384 150 112 234 101 445 203 62 87 46 78 141 133 242
cat_boundaries=0 2 5 7
cat_threshold=64 2 16386 132120576 2064 545259520 16
is_linear=0
shrinkage=0.1


Tree=35
num_leaves=26
num_cat=4
split_feature=3 20 10 17 0 17 12 20 7 13 38 1 29 1 29 38 31 29 35 35 0 17 2 5 27
split_gain=1.99886 4.49053 0.670448 0.569106 0.595238 0.366649 0.48441 0.435775 0.781395 0.30247 0.380483 0.262083 0.251476 0.336771 0.156708 0.194444 0.226339 0.228995 0.0759721 0.256143 0.0413043 0.0359911 0.0261905 0.0187715 0.0267442
threshold=0 4.5000000000000009 1 146.50000000000003 0.15271187696396904 107.50000000000001 2 5.5000000000000009 1.0000000180025095e-35 3 7.485490190939788 1080.0000000000002 4.3800461550478991 226.50000000000003 2.5509915442777662 10.856591864372737 5.8214469830139466 1.7074712417269138 243.00000000000003 267.50000000000006 0.090743938022688611 231.50000000000003 0.11861646690984888 -10.499999999999998 10.571069124261046
decision_type=9 2 9 2 2 2 9 2 2 1 2 2 2 2 2 2 2 2 2 2 2 2 2 2 2
left_child=1 -1 18 -3 -5 12 7 -7 -9 10 -8 -10 20 -14 15 16 17 -12 23 -20 -4 -21 -17 24 -2
right_child=2 3 5 4 -6 6 9 8 11 -11 14 -13 13 -15 -16 22 -18 -19 19 21 -22 -23 -24 -25 -26
leaf_value=0.20500845877602103 -0.39663734819348728 -0.022860714820726005 -1.3424272824304513 0.018721551517431104 -0.0035248461472869273 -0.38323653920419265 0.1066291256972586 0.072539098572352481 1.0948290982051023 -0.37137337706761936 0.024249652370580483 -1.2067246157517424 0.026671352158336062 -0.34510036210599759 -1.0189639776730868 -0.42778944716287759 0.31919830301886032 -0.47921417731197363 0.13350410587723596 -0.204374697476228 -1.2022137636996773 -1.1090655366266657 -0.86443409175993624 -0.38513403439133226 -0.00078710326536294564
leaf_weight=27 23 40 20 21 21 33 33 27 20 55 27 23 21 34 31 22 20 37 23 65 95 21 20 180 20
leaf_count=27 23 40 20 21 21 33 33 27 20 55 27 23 21 34 31 22 20 37 23 65 95 21 20 180 20
internal_value=0.00177789 0.0139076 5.81384e-05 0.00353658 0.0116667 0.00229167 0.0041954 0.00960177 0.015 0.00147059 0.00342105 0.00662791 -0.00147059 0.00409091 0.00136943 0.00293651 0.00571428 0.0028125 -0.00339181 -0.00133028 -0.00413044 -0.00383721 -0.00261905 -0.00455157 -0.00267442
internal_weight=959 109 850 82 42 518 348 103 70 245 190 43 170 55 157 126 84 64 332 109 115 86 42 223 43
internal_count=959 109 850 82 42 518 348 103 70 245 190 43 170 55 157 126 84 64 332 109 115 86 42 223 43
cat_boundaries=0 2 5 7 8
cat_threshold=64 2 16384 106954752 2064 32 16777224 2
is_linear=0
shrinkage=0.1


Tree=36
num_leaves=24
num_cat=2
split_feature=3 1 17 10 19 29 1 38 29 29 11 34 29 25 5 27 35 2 22 1 26 5 2
split_gain=1.55255 6.61446 5.54683 0.661895 0.461818 0.774634 0.657222 0.291667 0.239794 0.479779 0.222222 0.172378 0.366449 0.197388 0.25533 0.157051 0.136537 0.312675 0.038764 0.037013 0.0282609 0.0168173 0.0291667
threshold=0 2266.5000000000005 214.50000000000003 1 2010.5000000000002 2.370243304748306 518.00000000000011 7.7773721974204015 1.236922851214288 1.6695900619558148 0.099686126804770889 1.0000000180025095e-35 2.0222076247346119 0.14224402207234829 -8.4999999999999982 12.134942908668782 260.50000000000006 0.13203923484391317 75.000000000000014 2596.5000000000005 -2.7499999999999996 -10.499999999999998 0.056470900876959877
decision_type=9 2 2 9 2 2 2 2 2 2 2 2 2 2 2 2 2 2 2 2 2 2 2
left_child=1 18 -3 16 5 8 7 -7 -5 -10 15 12 -6 14 -13 -11 21 -18 -1 -19 -16 22 -2
right_child=3 2 -4 4 11 6 -8 -9 9 10 -12 13 -14 -15 20 -17 17 19 -20 -21 -22 -23 -24
leaf_value=-0.020574643338653689 -0.082067664534786422 0.18450761289842035 0.031273610777032716 -0.31577356983730132 0.85776258078083156 0.022956839869005277 0.12146168623457115 -1.2498526605991007 0.061518987020043429 0.053402262800586867 -0.47708340058168419 0.070926085438139538 -0.75934835046682703 -1.1681127627959931 -0.099441677892893141 -0.22958684920526765 0.11190531941854567 -0.21922947932959069 -0.14021253106755494 -0.75526593689676536 -1.1186261901615022 -0.346846138976314 -0.047046480334381482
leaf_weight=69 20 21 25 42 20 32 25 24 23 26 40 28 34 104 20 24 30 57 20 20 26 201 28
leaf_count=69 20 21 25 42 20 32 25 24 23 26 40 28 34 104 20 24 30 57 20 20 26 201 28
internal_value=0.00167362 0.0112069 0.0428261 -2.3982e-05 0.00242678 0.00559322 0.0135185 0.0075 0.00145161 0.00384956 0.000555554 -0.000689656 0.00425926 -0.00219101 0.00175676 0.005 -0.00322404 -0.000327104 -0.00387641 -0.0037013 -0.00282609 -0.00459839 -0.00291667
internal_weight=959 135 46 824 468 236 81 56 155 113 90 232 54 178 74 50 356 107 89 77 46 249 48
internal_count=959 135 46 824 468 236 81 56 155 113 90 232 54 178 74 50 356 107 89 77 46 249 48
cat_boundaries=0 1 4
cat_threshold=8388672 49153 373293056 2064
is_linear=0
shrinkage=0.1


Tree=37
num_leaves=25
num_cat=4
split_feature=3 20 10 17 35 35 25 1 35 1 5 17 1 3 22 0 31 25 0 27 12 4 20 17
split_gain=1.57409 4.72649 0.425714 0.418118 0.334268 0.61458 1.08029 0.593939 0.322876 0.319047 0.307354 0.753472 0.232683 0.231635 0.252479 0.173138 0.128969 0.124675 0.117979 0.214242 0.0728257 0.146192 0.0425373 0.0357143
threshold=0 4.5000000000000009 1 146.50000000000003 383.00000000000006 256.50000000000006 0.14140198612232205 212.50000000000003 3.5000000000000004 2284.0000000000005 -10.499999999999998 166.50000000000003 149.00000000000003 2 110.00000000000001 0.22712763613879824 5.8853814830049229 0.13423720003465306 0.10884435031562299 11.057927736575392 3 3.5000000000000004 1.5000000000000002 237.50000000000003
decision_type=9 2 9 2 2 2 2 2 2 2 2 2 2 9 2 2 2 2 2 2 9 2 2 2
left_child=1 -1 13 -3 5 8 7 -7 -4 10 11 -10 15 14 18 -12 -6 -5 19 -2 21 23 -14 -15
right_child=2 3 4 17 16 6 -8 -9 9 -11 12 -13 22 20 -16 -17 -18 -19 -20 -21 -22 -23 -24 -25
leaf_value=0.16605685160857889 -0.94107258397486904 -0.018517179004788886 0.21143144575297926 0.019632075415332441 -0.99619810425028987 0.050135581973461019 -0.61395952708088908 0.21451544371258288 -0.74824150005526446 0.026862291628338388 -0.32159132278062819 0.086067591265932206 -1.4453940307693141 -0.22763604697004047 0.16905876243190709 0.020938491185912816 0.64642424398757081 0.031881507634672249 -1.0765646464080803 0.027881160089941948 -0.31216145555636743 0.0025549543216468744 -0.73424991207313806 -1.2663333147102684
leaf_weight=27 22 40 21 20 66 24 32 20 31 32 32 32 20 50 25 29 23 22 34 31 161 31 114 20
leaf_count=27 22 40 21 20 66 24 32 20 31 32 32 32 20 50 25 29 23 22 34 31 161 31 114 20
internal_value=0.00229927 0.0130672 0.000755813 0.00231707 0.00271605 0.00404393 0.0121053 0.0222727 0.00207395 0.0012069 3.87585e-05 0.00611111 -0.00192308 -0.00174479 0.00196721 0.00319672 -0.00275281 0.00928571 -0.0004023 0.00254717 -0.00334559 -0.000945947 -0.00425373 -0.00357143
internal_weight=959 109 850 82 476 387 76 44 311 290 258 63 195 374 112 61 89 42 87 53 262 101 134 70
internal_count=959 109 850 82 476 387 76 44 311 290 258 63 195 374 112 61 89 42 87 53 262 101 134 70
cat_boundaries=0 2 5 7 9
cat_threshold=64 2 16384 375390208 2064 545259520 16 2098208 8
is_linear=0
shrinkage=0.1


Tree=38
num_leaves=23
num_cat=3
split_feature=3 1 17 10 21 35 17 2 27 17 1 4 5 20 11 31 4 26 34 26 22 0
split_gain=1.65582 6.61446 5.54683 0.545339 0.334537 0.433333 1.01941 0.30622 0.29632 0.236169 0.266651 0.390371 0.175136 0.168373 0.133035 0.11122 0.0680233 0.0808898 0.0402859 0.147368 0.038764 5.55112e-17
threshold=0 2266.5000000000005 214.50000000000003 1 2 252.50000000000003 184.50000000000003 0.1500331016219795 11.385614239853044 236.50000000000003 149.00000000000003 2.5000000000000004 -10.499999999999998 11.500000000000002 0.020691013193171664 5.8214469830139466 3.5000000000000004 -3.7499999999999996 3.5000000000000004 -1.0000000180025095e-35 75.000000000000014 0.60418157631361458
decision_type=9 2 2 9 9 2 2 2 2 2 2 2 2 2 2 2 2 2 2 2 2 2
left_child=1 20 -3 13 9 7 8 12 -7 10 11 -5 -6 14 -2 -14 21 -18 -16 -20 -1 -12
right_child=3 2 -4 4 5 6 -8 -9 -10 -11 16 -13 15 -15 18 -17 17 -19 19 -21 -22 -23
leaf_value=-0.016665461104309998 0.00025761756615621422 0.14945116644772158 0.025460020536495893 0.13346589946249773 0.088115584609508552 0.036909908580826899 -1.4445477486487202 0.15944492018551834 0.12991046415451654 0.111427978749357 -0.69284775716630198 -0.58769615362134076 -0.85285944936286973 0.070164798276572335 -0.20525167790012105 0.0019725868302115615 -0.0015368474433976364 -0.32846491936407202 0.079895670318686218 -0.97796392266026244 -0.11720520811992273 -0.84541174697904786
leaf_weight=69 24 21 25 29 25 20 23 23 22 32 91 24 57 36 248 25 23 20 20 56 20 26
leaf_count=69 24 21 25 29 25 20 23 23 22 32 91 24 57 36 248 25 23 20 20 56 20 26
internal_value=0.00136079 0.0112069 0.0428261 -0.000383694 0.002 0.005 0.0119231 0.00192308 0.0211905 -0.000490197 -0.00171362 0.00443396 -0.000327104 -0.00309645 -0.00385058 -0.00256098 -0.00375 -0.000348838 -0.00438272 -0.00236842 -0.00387641 -0.005
internal_weight=959 135 46 824 440 195 65 130 42 245 213 53 107 384 348 82 160 43 324 76 89 117
internal_count=959 135 46 824 440 195 65 130 42 245 213 53 107 384 348 82 160 43 324 76 89 117
cat_boundaries=0 1 4 6
cat_threshold=8388672 17411 94371840 2064 536903680 540736
is_linear=0
shrinkage=0.1


Tree=39
num_leaves=23
num_cat=4
split_feature=3 20 1 10 3 34 11 1 25 3 17 17 2 29 1 25 27 29 31 1 2 0
split_gain=1.76363 4.72649 0.685976 0.428316 0.536084 0.413717 0.52645 0.69859 0.404631 0.258713 0.379073 0.224074 0.224247 0.16748 0.147923 0.0908044 0.0889947 0.0869756 0.124569 0.0375 0.033871 0.0314815
threshold=0 4.5000000000000009 2403.5000000000005 1 2 1.0000000180025095e-35 0.18284889010189231 639.00000000000011 0.15850326536052248 3 193.50000000000003 100.50000000000001 0.046693313953488379 2.5952268603360467 2403.5000000000005 0.16012630897117566 10.873042877764101 2.5002015617650035 5.8853814830049229 1121.5000000000002 0.088744588744588751 0.19473560917690749
decision_type=9 2 2 9 9 2 2 2 2 9 2 2 2 2 2 2 2 2 2 2 2 2
left_child=1 -1 -3 9 13 8 7 11 -6 10 15 -7 -13 -5 -8 20 -14 -11 19 -19 -2 -18
right_child=3 2 -4 4 5 6 14 -9 -10 17 -12 12 16 -15 -16 -17 21 18 -20 -21 -22 -23
leaf_value=0.13450604980294828 -0.1471577395994039 -0.014998914993878999 0.026532686174755946 -0.24303974046180743 0.02340104010962437 0.022832755780017401 -1.2123474953371327 0.11054860645627602 0.68924614704221765 -0.29453001383716293 0.32071105477712458 0.093355166909266596 0.034885748524651747 0.14510517545187793 0.0016743793044478848 -0.029699412106100012 -0.65515247006513466 -0.06860033346905435 0.023437819341833012 -1.655715802525533 -0.55438471891343866 -0.37669900890134056
leaf_weight=27 20 50 32 103 29 22 73 21 21 198 30 37 21 20 21 22 34 60 36 20 42 20
leaf_count=27 20 50 32 103 29 22 73 21 21 198 30 37 21 20 21 22 34 60 36 20 42 20
internal_value=0.00167362 0.0130672 0.00231707 5.81384e-05 0.00229167 0.00454692 0.00303213 0.0066129 0.013 -0.00214612 0.00185484 0.00395522 0.00214286 -0.0031203 -0.00287234 -0.00142857 -0.001 -0.00361111 -0.00155173 -0.00375 -0.0033871 -0.00314815
internal_weight=959 109 82 850 422 299 249 155 50 428 114 134 112 123 94 84 75 314 116 80 62 54
internal_count=959 109 82 850 422 299 249 155 50 428 114 134 112 123 94 84 75 314 116 80 62 54
cat_boundaries=0 2 5 7 9
cat_threshold=64 2 134235138 314572800 2064 33579008 4 65536 20
is_linear=0
shrinkage=0.1


Tree=40
num_leaves=24
num_cat=4
split_feature=3 20 17 27 10 34 20 25 17 17 11 27 5 20 2 9 8 3 17 2 5 17 11
split_gain=2.06813 4.49053 0.569106 0.678788 0.512744 0.383595 0.485342 0.503215 0.349458 0.674572 0.282102 0.328409 0.225 0.132899 0.115685 0.109091 0.0939445 0.0859855 0.142936 0.105066 0.0973403 0.0388889 0.0384921
threshold=0 4.5000000000000009 146.50000000000003 11.717741447543178 1 1.0000000180025095e-35 8.5000000000000018 0.14627512127512129 119.50000000000001 182.50000000000003 0.061868686868686872 12.07294203622566 -8.4999999999999982 11.500000000000002 0.18869053555400422 1.0000000180025095e-35 2 3 193.50000000000003 0.14337918744118061 -10.499999999999998 307.50000000000006 0.077131322900181723
decision_type=9 2 2 2 9 2 2 2 2 2 2 2 2 2 2 2 1 9 2 2 2 2 2
left_child=1 -1 -3 -4 10 12 14 8 -8 -10 11 15 -6 17 16 -2 -7 18 19 -12 -19 22 -22
right_child=4 2 3 -5 5 6 7 -9 9 -11 13 -13 -14 -15 -16 -17 -18 20 -20 -21 21 -23 -24
leaf_value=0.12105544482265317 0.20724752517246545 -0.013499023494492236 0.024703940851074437 -0.049813220541751219 0.027140147278139827 -0.93680359909951239 -0.050473905501685359 -1.1693542199675275 0.099767468801626361 0.070513919818266546 -0.21505777902863743 0.1951575736113553 0.62824287781186583 0.03623607913873865 0.010255500114286288 -0.14504657581314248 -0.0024577223657433985 -0.049654255582135633 0.27752024209048232 -0.19689659474020704 -0.09152703618536262 -0.036949095732972358 -0.32382326096711656
leaf_weight=27 20 40 20 22 20 83 27 25 24 22 56 20 20 37 20 24 31 31 28 26 24 21 291
leaf_count=27 20 40 20 22 20 83 27 25 24 22 56 20 20 37 20 24 31 31 28 26 24 21 291
internal_value=0.00156934 0.0139076 0.00353658 0.0116667 -0.00017442 0.00333333 0.00189655 0.0072449 0.0114384 0.0167391 -0.00185374 0.004375 0.0125 -0.00266537 -0.00201493 -0.000454547 -0.00324562 -0.00311321 -0.000416668 -0.00256098 -0.00380637 -0.00440476 -0.00468254
internal_weight=959 109 82 42 850 272 232 98 73 46 578 64 40 514 134 44 114 477 110 82 367 336 315
internal_count=959 109 82 42 850 272 232 98 73 46 578 64 40 514 134 44 114 477 110 82 367 336 315
cat_boundaries=0 2 5 6 8
cat_threshold=64 2 134238210 111149056 2064 2 0 20
is_linear=0
shrinkage=0.1


Tree=41
num_leaves=22
num_cat=3
split_feature=3 19 10 17 9 1 38 10 5 2 34 35 27 0 2 27 35 25 25 26 1
split_gain=1.40885 8.22857 0.59304 0.564848 0.879339 0.231429 0.531492 0.208923 0.293614 0.229352 0.383975 0.209402 0.334615 0.205128 0.144929 0.143564 0.114502 0.075825 0.300657 0.0268233 0.025
threshold=0 2012.5000000000002 1 180.50000000000003 1.0000000180025095e-35 226.50000000000003 9.3517519040099373 2 -8.4999999999999982 0.041885964912280707 3.5000000000000004 252.50000000000003 9.1629851791178023 0.14409097374671601 0.037855266300453792 9.3424334949553849 148.50000000000003 0.16274951095963439 0.19209459064524689 -11.999999999999998 1743.0000000000002
decision_type=9 2 9 2 2 2 2 9 2 2 2 2 2 2 2 2 2 2 2 2 2
left_child=1 5 3 4 -2 6 -1 17 9 -9 11 12 -11 -8 -10 -16 -6 -4 -19 -17 -5
right_child=2 -3 7 20 16 -7 13 8 14 10 -12 -13 -14 -15 15 19 -18 18 -20 -21 -22
leaf_value=0.039284413288422693 0.025493620810372594 0.10894990034038871 -0.13984897843843289 -0.766767306772281 0.041416560010603481 -0.012149121145043296 -0.40631622514988958 -1.203439105444791 0.0033989055426636933 0.097454770321271214 0.15291168575646119 0.029360319215433285 -0.27434705795441705 0.13397908813068476 0.08223462908177076 -0.23320367340249445 -0.083798646788494857 0.03606998731862008 -0.25936026664293715 -0.2076597831188344 -1.7859859590331888
leaf_weight=22 20 20 193 20 20 40 39 31 36 20 31 39 58 39 22 31 22 22 61 153 20
leaf_count=22 20 20 193 20 20 40 39 31 36 20 31 39 58 39 22 31 22 22 61 153 20
internal_value=0.00115224 0.00941176 -0.000611868 0.00616071 0.0127419 0.00142857 0.004 -0.0016761 -0.000243621 0.00282123 0.00445946 0.00183761 -0.00115385 0.000128204 -0.00252066 -0.00354369 0.00452381 -0.00377622 -0.00138554 -0.00445652 -0.0025
internal_weight=959 160 799 102 62 140 100 697 421 179 148 117 78 78 242 206 42 276 83 184 40
internal_count=959 160 799 102 62 140 100 697 421 179 148 117 78 78 242 206 42 276 83 184 40
cat_boundaries=0 1 4 7
cat_threshold=536870976 41984 4194304 8192 16386 85983232 2064
is_linear=0
shrinkage=0.1


Tree=42
num_leaves=24
num_cat=2
split_feature=3 1 17 10 19 38 35 27 31 31 38 34 5 35 27 38 25 22 2 38 17 0 11
split_gain=0.894322 1.83239 2.38453 0.506187 0.320663 0.488496 0.318355 0.35906 0.296053 0.295366 0.620205 0.210182 0.167914 0.139102 0.228953 0.735068 0.112375 0.110364 0.144828 0.0934744 0.0363235 0.0357143 0.025
threshold=0 2266.5000000000005 203.50000000000003 1 2010.5000000000002 9.3517519040099373 10.000000000000002 12.48159041453126 5.9748759263967903 5.5606042049026918 7.9611951041008018 1.0000000180025095e-35 -9.4999999999999982 243.00000000000003 11.08496832043385 10.08219611301474 0.13350943565176515 75.000000000000014 0.10103389568178302 6.9152064817331755 276.50000000000006 0.17813743195869636 0.087305590584279127
decision_type=9 2 2 9 2 2 2 2 2 2 2 2 2 2 2 2 2 2 2 2 2 2 2
left_child=1 4 -3 13 5 -1 -5 9 -7 11 -11 -8 -13 17 -15 -16 -17 20 -19 -14 -2 -6 -10
right_child=3 2 -4 6 21 8 7 -9 22 10 -12 12 19 14 15 16 -18 18 -20 -21 -22 -23 -24
leaf_value=0.035927334414768371 -0.18039093004941167 0.098054910306350967 0.020467993378080519 0.19880072069573976 -0.010934209030540388 -0.30871801853311864 0.095153901810704086 -0.6611436154549214 0.032116644703629536 -0.20882020988502009 0.72724781667790994 0.014871622003493325 -0.16904012129953966 -0.090957892877862462 0.13568995752739729 0.058847527465341366 -0.093369749819319656 -0.66075344546822423 0.029715757015898039 -0.97989782852443941 -0.28910195159964175 -0.042257015865454495 0.088975050850130424
leaf_weight=21 247 23 31 20 50 36 27 58 20 22 21 38 28 56 20 23 42 28 30 53 25 20 20
leaf_count=21 247 23 31 20 50 36 27 58 20 22 21 38 28 56 20 23 42 28 30 53 25 20 20
internal_value=0.00104797 0.00647186 0.0227778 -0.000655081 0.00158683 0.00530928 0.00276173 0.00188259 0.00157895 0.00399471 0.0112791 0.00184931 4.20156e-05 -0.00260915 -3.54622e-05 0.00323529 -0.00192308 -0.00378788 0.000172413 -0.00253087 -0.00463235 -0.00357143 0.0075
internal_weight=959 221 54 738 167 97 267 247 76 189 43 146 119 471 141 85 65 330 58 81 272 70 40
internal_count=959 221 54 738 167 97 267 247 76 189 43 146 119 471 141 85 65 330 58 81 272 70 40
cat_boundaries=0 2 5
cat_threshold=536870976 2 20483 111149056 2064
is_linear=0
shrinkage=0.1


Tree=43
num_leaves=23
num_cat=4
split_feature=3 1 17 17 10 10 5 1 38 26 22 3 35 29 5 11 0 29 17 2 0 20
split_gain=0.785818 1.82555 3.31137 0.795455 0.639353 0.402393 0.708741 0.325 0.600214 0.209322 0.284444 0.203354 0.317856 0.356802 0.27 0.152932 0.132326 0.106193 0.0929293 0.0842854 0.042126 0.0294423
threshold=0 2266.5000000000005 203.50000000000003 302.50000000000006 1 2 -10.499999999999998 211.50000000000003 9.3919112996356713 -11.999999999999998 75.000000000000014 3 409.50000000000006 3.1414416895845751 -8.4999999999999982 0.12406598277608917 0.14409097374671601 1.056014865636494 166.50000000000003 0.17539774676129921 0.081569368688590341 11.500000000000002
decision_type=9 2 2 2 9 9 2 2 2 2 2 9 2 2 2 2 2 2 2 2 2 2
left_child=1 4 -3 -4 7 17 15 8 -1 10 -8 12 13 14 -11 -7 -10 -2 -9 21 -13 -19
right_child=5 2 3 -5 -6 6 9 18 16 11 -12 20 -14 -15 -16 -17 -18 19 -20 -21 -22 -23
leaf_value=0.20672578593542854 0.020512893019951042 0.088249419275715016 -1.4424788234238208 0.024445793347315864 -0.033461362358507718 0.006703150995798427 0.09741040489534436 -0.29470113910104995 -0.57622787074099868 0.026693474509996085 -0.15378958097624845 -0.78325945615651982 -0.74101780209246726 0.10046144967470026 -0.24361795520049478 0.1288943417064477 0.18147958620958521 -0.14907778505317668 0.055343971573022545 -0.37010582810374926 -0.67091804703451985 -0.12759205051442665
leaf_weight=20 26 27 35 20 109 23 20 23 24 20 25 20 43 24 30 20 28 227 22 36 107 30
leaf_count=20 26 27 35 20 109 23 20 23 24 20 25 20 43 24 30 20 28 227 22 36 107 30
internal_value=0.00115224 0.00522012 0.0181707 0.00409091 0.000752211 -0.000839638 0.00157895 0.00562992 0.0102778 -0.000155711 0.00611111 -0.00131148 0.00169291 0.00581081 0.000999999 0.0136046 0.00461538 -0.00332827 -0.000555557 -0.00397611 -0.00390511 -0.0046109
internal_weight=959 308 82 55 226 651 332 117 72 289 45 244 117 74 50 43 52 319 45 293 127 257
internal_count=959 308 82 55 226 651 332 117 72 289 45 244 117 74 50 43 52 319 45 293 127 257
cat_boundaries=0 2 5 8 10
cat_threshold=545259584 2 4096 2097152 24576 50177 337641472 18448 33620096 4
is_linear=0
shrinkage=0.1


Tree=44
num_leaves=23
num_cat=3
split_feature=3 1 34 10 27 5 25 35 35 31 21 25 29 11 17 1 0 29 11 2 4 1
split_gain=0.627159 1.02192 2.9011 0.368883 0.306878 0.287203 0.252164 0.315052 0.749662 0.756929 0.328072 0.536024 0.278115 0.271559 0.244901 0.19411 0.191993 0.370591 0.139286 0.0432331 0.0386364 0.0324561
threshold=0 2266.5000000000005 2.5000000000000004 1 11.28780345299595 -10.499999999999998 0.19272678332287788 207.50000000000003 409.50000000000006 5.0667317707492154 2 0.14224402207234829 2.370243304748306 0.18965151492984947 88.500000000000014 212.50000000000003 0.20293251406474569 2.007537028162008 0.044786096256684498 0.022055356796183822 1.5000000000000002 447.50000000000006
decision_type=9 2 2 9 2 2 2 2 2 2 9 2 2 2 2 2 2 2 2 2 2 2
left_child=1 5 -3 19 -4 -1 7 10 9 -9 -5 12 -12 -11 -14 16 17 18 -7 -2 -17 -10
right_child=3 2 4 6 -6 15 -8 8 21 13 11 -13 14 -15 -16 20 -18 -19 -20 -21 -22 -23
leaf_value=0.0078461808040289124 -0.0047250099192579775 0.079424477348143799 0.12572379992260371 -0.22610044114645317 -0.65373068093779374 0.14834246126058925 -0.64587349315681053 0.063345462367742023 -0.016409997414298962 0.089401580228933367 -0.32640978941681742 0.15708719898105181 -0.059326832846555856 -0.031099211702691379 0.078189196650022871 -0.073775023429863668 -0.40635934959118158 0.079916494926875456 -0.42105281776598791 -0.1540228925375553 -0.0064946518916343624 -0.66691602188322063
leaf_weight=25 21 22 27 104 29 30 69 26 20 22 55 23 26 29 22 20 26 25 26 207 68 37
leaf_count=25 21 22 27 104 29 30 69 26 20 22 55 23 26 29 22 20 26 25 26 207 68 37
internal_value=0.000526589 0.00425325 0.0142308 -0.0011997 0.00214286 0.00090909 0.000530473 0.00159341 0.00544776 0.0118831 -0.000652175 0.00272059 -0.000145632 0.00480392 0.00541667 -0.000384617 0.00247663 0.00487654 0.000357142 -0.00436975 -0.00386364 -0.00324562
internal_weight=959 298 78 661 56 220 433 364 134 77 230 126 103 51 48 195 107 81 56 228 88 57
internal_count=959 298 78 661 56 220 433 364 134 77 230 126 103 51 48 195 107 81 56 228 88 57
cat_boundaries=0 2 5 7
cat_threshold=536870976 18 50179 18874368 2064 32960 16384
is_linear=0
shrinkage=0.1


Tree=45
num_leaves=25
num_cat=2
split_feature=3 1 17 27 1 21 35 2 1 4 27 19 17 25 35 9 29 17 35 25 17 11 1 11
split_gain=0.814299 1.8539 2.36803 0.491497 0.350437 0.316481 0.536915 0.243281 0.234159 0.191619 0.304332 0.187791 0.257353 0.225 0.179577 0.23977 0.216086 0.287415 0.140004 0.1 0.0558732 0.121569 0.0327586 0.029955
threshold=0 2266.5000000000005 186.50000000000003 11.310101912088239 1080.0000000000002 1 236.00000000000003 0.1500331016219795 607.00000000000011 3.5000000000000004 12.454536843224323 2010.5000000000002 182.50000000000003 0.091750841750841763 247.50000000000003 1.0000000180025095e-35 1.7325365916248143 171.50000000000003 2.5000000000000004 0.11095290324285755 231.50000000000003 0.19068031497147425 479.50000000000006 0.044786096256684498
decision_type=9 2 2 2 2 9 2 2 2 2 2 2 2 2 2 2 2 2 2 2 2 2 2 2
left_child=1 4 -3 -4 8 6 7 22 14 18 11 12 13 -11 -1 -16 -17 -18 -7 -10 23 -22 -2 -20
right_child=5 2 3 -5 -6 9 -8 -9 19 10 -12 -13 -14 -15 15 16 17 -19 20 -21 21 -23 -24 -25
leaf_value=-1.0421327644130296 -1.2446869258546136 0.071482029613329709 0.16658151037636701 -0.2488971188178534 -0.0058451867024700739 0.13953517752929764 0.027798872829383665 0.026963077675226113 0.082545737823653209 0.00074644409726088996 0.032013081529862979 -0.66894157109182051 -1.2015668712703833 0.014179469017243252 0.47610133720476533 -0.41827092588013193 -0.0084073500973386849 0.065520549879843654 -0.35448431346652387 0.03741777518143214 0.08804323526801508 -0.51340425117427935 -0.22814973156481863 -0.11616146432945407
leaf_weight=34 20 21 21 28 72 22 22 21 20 20 26 71 28 20 23 36 28 21 30 20 20 31 38 266
leaf_count=34 20 21 21 28 72 22 22 21 20 20 26 71 28 20 23 36 28 21 30 20 20 31 38 266
internal_value=0.00073514 0.00473054 0.0192857 0.0072449 0.000905511 -0.00135659 0.00355856 6.32899e-05 0.00324176 -0.00233456 0.000454544 -0.00140288 0.00235294 0.0075 0.00133803 0.00333333 0.000882352 0.00520408 -0.00364499 0.01 -0.00413545 -0.00107843 -0.00327586 -0.00466216
internal_weight=959 324 70 49 254 635 101 79 182 534 165 139 68 40 142 108 85 49 369 40 347 51 58 296
internal_count=959 324 70 49 254 635 101 79 182 534 165 139 68 40 142 108 85 49 369 40 347 51 58 296
cat_boundaries=0 2 4
cat_threshold=545259584 16 548 2048
is_linear=0
shrinkage=0.1


Tree=46
num_leaves=23
num_cat=1
split_feature=10 17 17 7 1 11 2 38 2 29 18 0 20 27 22 2 31 35 0 27 1 11
split_gain=0.698317 0.53617 0.602468 1.08291 0.494003 1.20047 0.667105 0.444576 0.291688 0.282481 0.430915 0.225 0.220968 0.347826 0.132445 0.204358 0.126923 0.0398535 0.130536 0.0318182 0.0303922 0.0287234
threshold=0 83.500000000000014 181.50000000000003 1.0000000180025095e-35 2266.5000000000005 0.18924109134952513 0.21163829530363398 10.557333899131793 0.10891005291005292 3.1414416895845751 13.500000000000002 0.062963778298895309 11.500000000000002 11.734676953155892 75.000000000000014 0.14655962042244494 4.4734609515151824 247.50000000000003 0.14409097374671601 8.0541555363587154 2279.5000000000005 0.07796966702599116
decision_type=9 2 2 2 2 2 2 2 2 2 2 2 2 2 2 2 2 2 2 2 2 2
left_child=1 -1 3 -3 9 -6 11 16 -4 12 -11 -7 14 -14 17 19 -5 -2 -19 -16 -10 -12
right_child=4 2 8 7 5 6 -8 -9 20 10 21 -13 13 -15 15 -17 -18 18 -20 -21 -22 -23
leaf_value=-0.5335176661470632 -0.0765290189045605 0.20029459826536256 0.026417951703233723 0.0087747139119195763 0.064333826651997592 0.01007538508247734 0.099328330536883558 0.073596743782114227 -0.80680455731072009 0.10520272531057201 -0.14750866990763747 -0.040296105605449384 -1.0715383800248499 0.062242963242514819 -0.69516164274153747 0.028669866531506511 -0.27787559718175486 -0.019731066775811466 0.036688863005618522 -0.54238744363652225 -0.14418550747298428 -0.49370307127172852
leaf_weight=37 272 38 27 30 23 30 32 22 31 36 20 90 23 23 20 23 22 56 22 35 20 27
leaf_count=37 272 38 27 30 23 30 32 22 31 36 20 90 23 23 20 23 22 56 22 35 20 27
internal_value=0.00104797 0.00575949 0.00815789 0.0128571 -0.000485176 0.00414286 0.000921051 0.00581081 0.00141026 -0.00194794 0.00343373 -0.0025 -0.0028903 0.00369565 -0.00359813 0.000128204 0.00076923 -0.00442857 -0.0024359 -0.00318182 -0.00303922 -0.00287234
internal_weight=959 227 190 112 732 175 152 74 78 557 83 120 474 46 428 78 52 350 78 55 51 47
internal_count=959 227 190 112 732 175 152 74 78 557 83 120 474 46 428 78 52 350 78 55 51 47
cat_boundaries=0 3
cat_threshold=8192 291504128 8192
is_linear=0
shrinkage=0.1


Tree=47
num_leaves=24
num_cat=2
split_feature=3 5 34 21 29 38 1 17 17 0 38 20 25 1 31 27 20 2 22 5 1 20 1
split_gain=1.22346 1.85128 2.9641 0.566999 0.488189 0.721038 0.720609 0.73132 0.568182 0.18764 0.378489 0.563333 0.169119 0.406905 0.22932 0.336771 0.129569 0.133369 0.12381 0.0945122 0.0417711 0.0338266 0.0281069
threshold=0 -8.4999999999999982 2.5000000000000004 1 2.0399072552188877 8.5516295115459737 2170.0000000000005 200.50000000000003 123.50000000000001 0.09983509756428384 7.485490190939788 7.5000000000000009 0.12072324838282286 639.00000000000011 5.8214469830139466 12.485448931272961 11.500000000000002 0.21163829530363398 95.000000000000014 -8.4999999999999982 140.00000000000003 8.5000000000000018 795.50000000000011
decision_type=9 2 2 9 2 2 2 2 2 2 2 2 2 2 2 2 2 2 2 2 2 2 2
left_child=1 2 -1 4 5 19 7 8 -7 -5 11 -11 13 14 -6 -16 17 20 -3 22 -12 -14 -2
right_child=3 18 -4 9 12 6 -8 -9 -10 10 16 -13 21 -15 15 -17 -18 -19 -20 -21 -22 -23 -24
leaf_value=0.05790044398679868 0.0088329389105940466 -1.3254304027484005 0.0049501147523497505 -0.24293070372982559 -0.13893852880212507 0.062761648554022803 0.071745085618240931 -0.55070373130944805 0.61618856341498585 -1.1350587424217082 -0.53041372570398027 0.087592907371426332 -0.050687812855940567 0.014031159757140688 0.058390779864605447 -0.09900761622435221 0.033383599996932994 0.035644787877322691 0.028948811945063126 -0.98306651950999768 -0.23681814258380235 -0.039106178976532152 -0.21132250019878046
leaf_weight=26 20 39 39 183 56 22 25 29 22 30 21 20 64 20 21 34 20 23 21 31 150 22 21
leaf_count=26 20 39 39 183 56 22 25 29 22 30 21 20 64 20 21 34 20 23 21 31 150 22 21
internal_value=0.00136079 0.0101852 0.0226923 -8.29396e-05 0.00268262 0.0067647 0.0123469 0.00732877 0.0154545 -0.00248359 -0.000833335 0.007 -0.000391706 0.00187023 -0.000495497 0.00409091 -0.00266355 -0.00345361 -0.00166667 -0.000833335 -0.00441521 -0.00383721 0.00231707
internal_weight=959 125 65 834 387 170 98 73 44 447 264 50 217 131 111 55 214 194 60 72 171 86 41
internal_count=959 125 65 834 387 170 98 73 44 447 264 50 217 131 111 55 214 194 60 72 171 86 41
cat_boundaries=0 2 4
cat_threshold=64 16 1610613412 526336
is_linear=0
shrinkage=0.1


Tree=48
num_leaves=25
num_cat=3
split_feature=3 27 1 17 31 10 25 1 12 17 17 34 29 27 17 31 27 20 0 1 35 1 0 0
split_gain=1.08774 1.16175 1.70435 1.3545 0.940909 0.491144 0.406259 0.672721 0.386271 0.467071 1.58908 0.335807 0.244045 0.15288 0.139319 0.130203 0.134444 0.123594 0.111111 0.054902 0.112045 0.038764 1.11022e-16 5.55112e-17
threshold=0 11.28780345299595 2266.5000000000005 210.00000000000003 3.3649724258627978 1 0.12492118537200506 607.00000000000011 2 119.50000000000001 183.50000000000003 1.0000000180025095e-35 2.0222076247346119 10.706272260506662 231.50000000000003 5.8214469830139466 12.816779270546824 11.500000000000002 0.25850324142053599 380.50000000000006 84.500000000000014 226.50000000000003 0.31114771979399714 0.44336916480606542
decision_type=9 2 2 2 2 9 2 2 9 2 2 2 2 2 2 2 2 2 2 2 2 2 2 2
left_child=1 2 4 -4 -1 17 7 15 9 18 -11 12 -10 -6 19 -3 -17 22 -7 20 -13 -8 -2 -21
right_child=5 6 3 -5 13 8 21 -9 11 10 -12 14 -14 -15 -16 16 -18 -19 -20 23 -22 -23 -24 -25
leaf_value=-0.0033978105404486314 -0.15988312774769187 -0.5859205760306172 0.096926809533905284 0.0018933380124053656 0.037312385968200898 -0.10030635884276221 0.012903858628659571 0.047451598045368665 0.13386025505402285 0.074611366960303391 -0.87270237220543145 -0.22200760417146387 -0.036551870147910302 0.0063962436544154518 0.010809028301111502 0.029058113104762209 -0.20510204662337364 0.013570329831631707 0.056585872317747712 -0.43742835457055645 0.076372462952344733 -0.6671033090409747 -0.59423714842086417 -0.40536924477350045
leaf_weight=46 221 26 27 21 23 25 20 24 29 24 31 30 39 21 20 20 25 29 20 97 21 69 29 22
leaf_count=46 221 26 27 21 23 25 20 24 29 24 31 30 39 21 20 20 25 29 20 97 21 69 29 22
internal_value=0.00136079 0.00599397 0.0131159 0.0283333 0.005 -0.00105873 0.00097826 0.00552631 0.00138587 0.00636364 0.0131818 -0.000708956 0.00529412 0.0154545 -0.00289474 0.000633802 0.00388889 -0.00413495 -0.000555557 -0.00382353 -0.00107843 -0.00387641 -0.005 -0.005
internal_weight=959 322 138 48 90 637 184 95 358 100 55 258 68 44 190 71 45 279 45 170 51 89 250 119
internal_count=959 322 138 48 90 637 184 95 358 100 55 258 68 44 190 71 45 279 45 170 51 89 250 119
cat_boundaries=0 2 5 7
cat_threshold=671088704 18 50179 10485760 2064 2097184 264
is_linear=0
shrinkage=0.1


Tree=49
num_leaves=25
num_cat=3
split_feature=3 1 1 22 3 21 4 11 2 19 29 17 38 29 17 25 25 20 2 25 38 17 35 1
split_gain=0.694633 1.01149 1.54284 1.07699 0.423323 0.673744 0.545046 0.430734 0.332145 0.216556 0.255514 0.451185 0.180072 0.378151 0.14632 0.135682 0.106061 0.0586999 0.1 0.0456445 0.0594997 0.0352199 0.0203052 0.025
threshold=0 2266.5000000000005 2284.0000000000005 75.000000000000014 1 2 3.5000000000000004 0.087305590584279127 0.21163829530363398 2010.5000000000002 1.7325365916248143 88.500000000000014 7.2115294998275008 2.370243304748306 143.00000000000003 0.12659421153575262 0.083045977011494257 11.500000000000002 0.14442943420216151 0.12793614972245301 7.9660662558219988 266.50000000000006 54.500000000000007 149.00000000000003
decision_type=9 2 2 2 9 9 2 2 2 2 2 2 2 2 2 2 2 2 2 2 2 2 2 2
left_child=12 4 -3 8 -2 6 7 -6 15 10 16 -12 13 -1 -9 -4 -7 21 -19 20 -11 22 23 -14
right_child=1 2 3 -5 5 9 -8 14 -10 19 11 -13 17 -15 -16 -17 -18 18 -20 -21 -22 -23 -24 -25
leaf_value=-0.87309903695823565 -0.0088538862927148906 0.046870486371157739 0.00039739059793832013 0.10890956530101162 0.012877864063769834 0.0048172646980410754 -0.20092068407497679 0.42869238678018284 0.038445594712413933 -0.43667804158439244 -0.089051319196746498 0.082430998233538069 -2.1538306686245874 0.025327372835555001 0.10417249174283826 -0.37069181431833664 -0.44087712531099199 0.054852936848541527 -0.9710599922393931 -0.49363226037183594 -0.017620870108083025 -0.73614993632939241 -0.18892327409584803 -0.0053890089949055996
leaf_weight=36 101 23 21 28 29 24 29 22 34 22 32 36 20 34 20 52 42 20 20 71 29 21 173 20
leaf_count=36 101 23 21 28 29 24 29 22 34 22 32 36 20 34 20 52 42 20 20 71 29 21 173 20
internal_value=0.00125652 0.00324 0.0101899 0.00611111 0.000908095 0.00251366 0.00909091 0.0147183 0.00154205 -0.000300753 0.00246269 0.0067647 -0.00231639 0.00214286 0.0211905 -0.00226028 -0.0019697 -0.00354015 -1.19209e-09 -0.00336066 -0.00107843 -0.0041453 -0.00453052 -0.0025
internal_weight=959 615 158 135 457 356 100 71 107 256 134 68 344 70 42 73 66 274 40 122 51 234 213 40
internal_count=959 615 158 135 457 356 100 71 107 256 134 68 344 70 42 73 66 274 40 122 51 234 213 40
cat_boundaries=0 2 3 5
cat_threshold=24704 36 8388688 1073741956 2048
is_linear=0
shrinkage=0.1


end of trees

feature_importances:
Forecast_Horizon_Days=107
vendor_hist_volume=94
Country=68
Unit_Price=65
country_hist_delay_rate=58
Line_Item_Quantity=49
Line_Item_Value=48
country_hist_volume=48
T_pred_month=44
Molecule/Test_Type=40
vendor_hist_delay_rate=37
Pack_Price=35
site_hist_delay_rate=30
vendor_hist_delay_median=28
Line_Item_Insurance_(USD)=28
country_hist_delay_median=25
T_pred_dayofweek=22
T_pred_quarter=20
Unit_of_Measure_(Per_Pack)=19
Dosage=17
T_pred_year=12
weight_is_numeric=8
PQ_to_PO_Days=8
freight_is_numeric=7
Manufacturing_Site=4
Sub_Classification=2
Fulfill_Via=1
First_Line_Designation=1
Dosage_Form=1

parameters:
[boosting: gbdt]
[objective: quantile]
[metric: quantile]
[tree_learner: serial]
[device_type: cpu]
[data_sample_strategy: bagging]
[data: ]
[valid: ]
[num_iterations: 50]
[learning_rate: 0.1]
[num_leaves: 31]
[num_threads: 4]
[seed: 42]
[deterministic: 0]
[force_col_wise: 0]
[force_row_wise: 0]
[histogram_pool_size: -1]
[max_depth: -1]
[min_data_in_leaf: 20]
[min_sum_hessian_in_leaf: 0.001]
[bagging_fraction: 1]
[pos_bagging_fraction: 1]
[neg_bagging_fraction: 1]
[bagging_freq: 0]
[bagging_seed: 400]
[bagging_by_query: 0]
[feature_fraction: 1]
[feature_fraction_bynode: 1]
[feature_fraction_seed: 30056]
[extra_trees: 0]
[extra_seed: 12879]
[early_stopping_round: 0]
[early_stopping_min_delta: 0]
[first_metric_only: 0]
[max_delta_step: 0]
[lambda_l1: 0]
[lambda_l2: 0]
[linear_lambda: 0]
[min_gain_to_split: 0]
[drop_rate: 0.1]
[max_drop: 50]
[skip_drop: 0.5]
[xgboost_dart_mode: 0]
[uniform_drop: 0]
[drop_seed: 17869]
[top_rate: 0.2]
[other_rate: 0.1]
[min_data_per_group: 100]
[max_cat_threshold: 32]
[cat_l2: 10]
[cat_smooth: 10]
[max_cat_to_onehot: 4]
[top_k: 20]
[monotone_constraints: ]
[monotone_constraints_method: basic]
[monotone_penalty: 0]
[feature_contri: ]
[forcedsplits_filename: ]
[refit_decay_rate: 0.9]
[cegb_tradeoff: 1]
[cegb_penalty_split: 0]
[cegb_penalty_feature_lazy: ]
[cegb_penalty_feature_coupled: ]
[path_smooth: 0]
[interaction_constraints: ]
[verbosity: -1]
[saved_feature_importance_type: 0]
[use_quantized_grad: 0]
[num_grad_quant_bins: 4]
[quant_train_renew_leaf: 0]
[stochastic_rounding: 1]
[linear_tree: 0]
[max_bin: 255]
[max_bin_by_feature: ]
[min_data_in_bin: 3]
[bin_construct_sample_cnt: 200000]
[data_random_seed: 175]
[is_enable_sparse: 1]
[enable_bundle: 1]
[use_missing: 1]
[zero_as_missing: 0]
[feature_pre_filter: 1]
[pre_partition: 0]
[two_round: 0]
[header: 0]
[label_column: ]
[weight_column: ]
[group_column: ]
[ignore_column: ]
[categorical_feature: 3,6,8,10,12,13,16,21,23,28,32,36,37]
[forcedbins_filename: ]
[precise_float_parser: 0]
[parser_config_file: ]
[objective_seed: 16083]
[num_class: 1]
[is_unbalance: 0]
[scale_pos_weight: 1]
[sigmoid: 1]
[boost_from_average: 1]
[reg_sqrt: 0]
[alpha: 0.95]
[fair_c: 1]
[poisson_max_delta_step: 0.7]
[tweedie_variance_power: 1.5]
[lambdarank_truncation_level: 30]
[lambdarank_norm: 1]
[label_gain: ]
[lambdarank_position_bias_regularization: 0]
[eval_at: ]
[multi_error_top_k: 1]
[auc_mu_weights: ]
[num_machines: 1]
[local_listen_port: 12400]
[time_out: 120]
[machine_list_filename: ]
[machines: ]
[gpu_platform_id: -1]
[gpu_device_id: -1]
[gpu_use_dp: 0]
[num_gpu: 1]

end of parameters

pandas_categorical:[["Angola", "Belize", "Benin", "Botswana", "Burundi", "Cameroon", "Congo, DRC", "C\u00f4te d'Ivoire", "Dominican Republic", "Ethiopia", "Ghana", "Guatemala", "Guinea", "Guyana", "Haiti", "Kazakhstan", "Kenya", "Kyrgyzstan", "Lesotho", "Liberia", "Libya", "Malawi", "Mali", "Mozambique", "Namibia", "Nigeria", "Pakistan", "Rwanda", "Senegal", "South Africa", "South Sudan", "Sudan", "Swaziland", "Tanzania", "Uganda", "Vietnam", "Zambia", "Zimbabwe"], ["Aluvia", "Atripla", "Bioline", "Bundi", "Capillus", "CareStart", "Clearview", "Coartem", "Colloidal Gold", "Crixivan", "Determine", "DoubleCheck", "Epivir", "First Response", "Generic", "Genie", "Hexagon", "INSTi", "ImmunoComb", "InstantCHEK", "Intelence", "Invirase", "Isentress", "Kaletra", "LAV", "Multispot", "Norvir", "OraQuick", "Paramax", "Prezista", "Retrovir", "Reveal", "Reyataz", "Stat-Pak", "Stocrin/Sustiva", "Trizivir", "Truvada", "Uni-Gold", "Videx", "Videx EC", "Viracept", "Viramune", "Viread", "Zerit", "Ziagen"], ["Direct Drop", "From RDC"], ["Abacavir", "Abacavir/Lamivudine", "Abacavir/Lamivudine/Zidovudine", "Artemether/Lumefantrine", "Artesunate+Amodiaquine", "Atazanavir", "Atazanavir/Ritonavir", "Chase Buffer, Determine, 100 Tests, 2.5ml x 1 Vial", "Chloroquine base (as phosphate)", "Darunavir", "Didanosine", "Didanosine EC", "Efavirenz", "Efavirenz/Emtricitabine/Tenofovir Disoproxil Fumarate", "Efavirenz/Lamivudine/Tenofovir Disoproxil Fumarate", "Emtricitabine/Tenofovir Disoproxil Fumarate", "Etravirine", "HIV 1, Uni-Gold Recombigen HIV Control, Vial 2 x 0.5 ml", "HIV 1/2, Bioline 3.0 Diluent, 25 Tests", "HIV 1/2, Bioline 3.0 Kit", "HIV 1/2, Bioline 3.0 Kit (no accessories)", "HIV 1/2, Bioline 3.0 Kit, Lancets, Capillary pipets, Alcohol swabs included", "HIV 1/2, Bundi Rapid HIV Kit", "HIV 1/2, Capillus HIV Kit", "HIV 1/2, Clearview Complete Kit", "HIV 1/2, Colloidal Gold, Diagnostic Kit Set (includes lancet, transfer pipette & alcohol prep pad)", "HIV 1/2, Colloidal Gold, Diagnostic Kit, Antibody", "HIV 1/2, Determine Complete HIV Kit", "HIV 1/2, Determine HIV Kit, without Lancets", "HIV 1/2, Determine Kit without Lancets, Buffer or Capillary Tubes, 100 Tests", "HIV 1/2, DoubleCheck Gold Kit", "HIV 1/2, DoubleCheck II Kit", "HIV 1/2, Genie III Kit", "HIV 1/2, HEXAGON Rapid HIV Kit", "HIV 1/2, INSTI HIV 1/2 Antibody Kit", "HIV 1/2, INSTI HIV Antibody Individual POC, 1 Test", "HIV 1/2, ImmunoComb TriSpot Ag - Ab Kit", "HIV 1/2, InstantChek HIV 1+2 Kit", "HIV 1/2, OraQuick Advance HIV Rapid Antibody Kit", "HIV 1/2, OraQuick Rapid Antibody Kit", "HIV 1/2, Stat-Pak Buffer Only", "HIV 1/2, Stat-Pak Dipstick Assay Kit", "HIV 1/2, Stat-Pak HIV, Kit", "HIV 1/2, Uni-Gold HIV Kit", "HIV 1/2/O, First Response HIV 1-2.0, v.3.0 Cards Kit", "HIV 2, New LAV Blot 2 HIV Kit", "HIV, Capillary Tubes, for Determine, EDTA, 50uL,100 Pcs", "HIV, Genie II HIV-1/HIV-2 Kit", "HIV, Lancet, Safety, for HIV Test kits, 100 Pcs", "HIV, Multispot HIV-1/HIV-2 Rapid Test Kit", "HIV, OraQuick Controls Kit, 3 Vials", "HIV, Reveal G3 Rapid HIV-1 Antibody Test", "Indinavir", "Lamivudine", "Lamivudine/Nevirapine/Stavudine", "Lamivudine/Nevirapine/Zidovudine", "Lamivudine/Stavudine", "Lamivudine/Tenofovir Disoproxil Fumarate", "Lamivudine/Zidovudine", "Lamivudine/Zidovudine+Efavirenz", "Lopinavir/Ritonavir", "Malaria Antigen P.f , HRP2, Kit", "Malaria Antigen P.f Kit, 30 x 1 Test", "Malaria Paramax-3 Kit", "Malaria, Antigen P.f., HRP2 CareStart Kit", "Mefloquine (as hydrochloride)", "Nelfinavir", "Nelfinavir (as mesilate)", "Nevirapine", "Primaquine base (as diphosphate)", "Quinine (as dihydrochloride)", "Quinine (as sulfate)", "Raltegravir", "Ritonavir", "Saquinavir", "Stavudine", "Sulfadoxine/Pyrimethamine", "Tenofovir Disoproxil Fumarate", "Zidovudine"], ["ABBSP", "ABBVIE (Abbott) France", "ABBVIE (Abbott) Logis. UK", "ABBVIE (Abbott) St. P'burg USA", "ABBVIE GmbH & Co.KG Wiesbaden", "ABBVIE Ludwigshafen Germany", "Access BIO, L.C.", "Alere Medical Co., Ltd.", "Aspen-OSD, Port Elizabeth, SA", "Aurobindo Unit III, India", "Aurobindo Unit VII, IN", "BI, Ingelheim, Germany", "BMS Evansville, US", "BMS Meymac, France", "BUNDI INTERNATIONAL DIAGNOSTICS LTD", "Bio-Rad Laboratories", "Boehringer Ing., Koropi, GR", "Boehringer Ingelheim Roxane US", "Bristol-Myers Squibb Anagni IT", "Chembio Diagnostics Sys. Inc.", "Cipla Ltd A-42 MIDC Mahar. IN", "Cipla, Goa, India", "Cipla, Kurkumbh, India", "Cipla, Patalganga, India", "EY Laboratories, USA", "Emcure Plot No.P-2, I.T-B.T. Park, Phase II, MIDC, Hinjwadi, Pune, India", "GSK Aranda", "GSK Barnard Castle UK", "GSK Cape Town Factory (South Africa)", "GSK Crawley", "GSK Mississauga (Canada)", "GSK Ware (UK)", "Gilead(Nycomed) Oranienburg DE", "Gland Pharma Ltd Pally Factory", "Guilin OSD site, No 17, China", "Hetero Unit III Hyderabad IN", "Hetero, Jadcherla, unit 5, IN", "Human Diagnostic", "INVERNESS ANY", "INVERNESS ORGENICS LINE", "Inverness Japan", "Inverness USA", "Ipca Dadra/Nagar Haveli IN", "Janssen Ortho LLC, Puerto Rico", "Janssen-Cilag, Latina, IT", "KHB Test Kit Facility, Shanghai China", "MSD Midrand, J'burg, SA", "MSD Patheon, Canada", "MSD, Haarlem, NL", "Macleods Daman Plant INDIA", "MedMira Inc.", "Medochemie Factory A, CY", "Medopharm Malur Factory, INDIA", "Micro Labs Ltd. (Brown & Burk), India", "Micro Labs, Hosur, India", "Micro labs, Verna, Goa, India", "Mylan (formerly Matrix) Nashik", "Not Applicable", "Novartis Pharma AG, Switzerland", "Novartis Pharma Suffern, USA", "Orasure Technologies, Inc", "Orasure Technologies, Inc USA", "Pacific Biotech, Thailand", "Premier Med. Corp Ltd. India", "Premier Medical Corporation", "Ranbaxy per Shasun Pharma", "Ranbaxy per Shasun Pharma Ltd", "Ranbaxy, Paonta Shahib, India", "Remedica, Limassol, Cyprus", "Roche Basel", "Roche Madrid", "Standard Diagnostics, Korea", "Strides, Bangalore, India.", "Trinity Biotech, Plc", "Weifa A.S., Hausmanngt. 6, P.O. Box 9113 Gr\u00c3\u00b8nland, 0133, Oslo, Norway", "bioLytical Laboratories"], ["No", "Yes"], ["Capsule", "Chewable/dispersible tablet", "Chewable/dispersible tablet - FDC", "Delayed-release capsules", "Delayed-release capsules - blister", "Injection", "Oral powder", "Oral solution", "Oral suspension", "Powder for oral solution", "Tablet", "Tablet - FDC", "Tablet - FDC + blister", "Tablet - FDC + co-blister", "Tablet - blister", "Test kit", "Test kit - Ancillary"], ["100/25mg", "100mg", "10mg/ml", "125mg", "133.3/33.3mg", "150/200/30mg", "150/300/200mg", "150/300mg", "150/300mg+600mg", "150/30mg", "150mg", "15mg", "1mg/ml", "20/120mg", "200/300mg", "200/50mg", "200mg", "20mg", "20mg/ml", "250mg", "25mg", "2g", "30/50/60mg", "30/50/6mg", "30/60mg", "30/6mg", "300/100mg", "300/150/300mg", "300/200mg", "300/300mg", "300mg", "30mg", "30mg/ml", "400mg", "40mg", "50+153mg", "500/25mg", "500mg", "50mg", "50mg/g", "60/100/12mg", "60/12mg", "60/30mg", "600/200/300mg", "600/300/300mg", "600/300mg", "600mg", "600mg/2ml", "60mg", "80/20mg/ml", "80mg/ml", "missing"], ["Air", "Air Charter", "Missing", "Ocean", "Truck"], ["ACT", "ANTM", "ARV", "HRDT", "MRDT"], ["ACT", "Adult", "HIV test", "HIV test - Ancillary", "Malaria", "Pediatric"], ["CIF", "CIP", "DAP", "DDP", "DDU", "EXW", "FCA", "N/A - From RDC"], ["ABBOTT LABORATORIES (PUERTO RICO)", "ABBOTT LOGISTICS B.V.", "ABBVIE LOGISTICS (FORMERLY ABBOTT LOGISTICS BV)", "ABBVIE, SRL (FORMALLY ABBOTT LABORATORIES INTERNATIONAL CO.)", "ACCESS BIO, INC.", "ACTION MEDEOR E.V.", "AHN (PTY) LTD (AKA UCB (S.A.)", "AMSTELFARMA B.V.", "ASPEN PHARMACARE", "AUROBINDO PHARAM (SOUTH AFRICA)", "Abbott GmbH & Co. KG", "Aurobindo Pharma Limited", "BIO-RAD LABORATORIES (FRANCE)", "BIO-RAD LABORATORIES PTY LTD. (SOUTH AFRICA)", "BIOLYTICAL LABORATORIES INC.", "BRISTOL-MYERS SQUIBB", "BUNDI INTERNATIONAL DIAGNOSTICS LTD", "CENTRAL PHARMACEUTICAL COMPANY NO. 1", "CHEMBIO DIAGNOSTIC SYSTEMS, INC.", "CIPLA LIMITED", "EMCURE PHARMACEUTICALS LTD", "ETHNOR DEL ISTMO S.A.", "EY Laboratories", "GILEAD SCIENCES IRELAND, INC.", "GLAXOSMITHKLINE EXPORT LIMITED", "HETERO LABS LIMITED", "HUMAN GMBH", "Hoffmann-La Roche ltd Basel", "IDA FOUNDATION", "IDIS LIMITED", "IMRES B.V.", "INTERNATIONAL HEALTHCARE DISTRIBUTORS", "INVERNESS MEDICAL INNOVATIONS HONG KONG LTD", "INVERNESS MEDICAL INNOVATIONS SOUTH AFRICA (PTY) LTD", "JSI R&T INSTITUTE, INC.", "KAS MEDICS LIMITED", "LAWRENCE LABORATORIES (SUBSIDIARY OF BRISTOL MYERS SQUIBB)", "MEDMIRA EAST AFRICA LTD.", "MERCK SHARP & DOHME IDEA GMBH (FORMALLY MERCK SHARP & DOHME B.V.)", "MICRO LABS LIMITED", "MISSIONPHARMA A/S", "MYLAN LABORATORIES LTD (FORMERLY MATRIX LABORATORIES)", "NOVARTIS PHARMA SERVICES AG", "Orasure Technologies Inc.", "Orgenics, Ltd", "PHARMACY DIRECT", "PUETRO RICO PHARMACEUTICAL, INC.", "Premier Medical Corporation Ltd.", "RAININ INSTRUMENT, LLC.", "REINBOLD EXPORT IMPORT", "S. BUYS WHOLESALER", "SCMS from RDC", "SETEMA LIMITED PLC", "SHANGHAI KEHUA BIOENGINEERING CO.,LTD.  (KHB)", "STRIDES ARCOLAB LIMITED", "SUB-SAHARAN BIOMEDICAL P.L.C.", "SUN PHARMACEUTICAL INDUSTRIES LTD (RANBAXY LABORATORIES LIMITED)", "SYSMEX AMERICA INC", "Standard Diagnostics, Inc.", "THE MEDICAL EXPORT GROUP BV", "TURE PHARMACEUTICALS & MEDICAL SUPPLIES P.L.C.", "Trinity Biotech, Plc", "ZEPHYR BIOMEDICALS"]]
